"AGÊNCIA NACIONAL DO PETRÓLEO, GÁS NATURAL E BIOCOMBUSTÍVEIS - ANP",,,,,,,,,,,,,,,
COORDENADORIA DE DEFESA DA CONCORRÊNCIA,,,,,,,,,,,,,,,
SISTEMA DE LEVANTAMENTO DE PREÇOS,,,,,,,,,,,,,,,
,,,,,,,,,,,,,,,
RELATÓRIO DE DEFESA DA CONCORRÊNCIA,,,,,,,,,,,,,,,
,,,,,,,,,,,,,,,
INTERVALO DE TEMPO: MENSAL,,,,,,,,,,,,,,,
PERÍODO: 01/07/2001 A 31/12/2012,,,,,,,,,,,,,,,
COMBUSTÍVEL: TODOS,,,,,,,,,,,,,,,
TIPO RELATÓRIO: REGIÃO,,,,,,,,,,,,,,,
,,,,,,,,,,,,,,,
,,,,,,,,,,,,,,,
MÊS,PRODUTO,REGIÃO,NÚMERO DE POSTOS PESQUISADOS,UNIDADE DE MEDIDA,PRECO MÉDIO REVENDA,DESVIO PADRÃO REVENDA,PRECO MÍNIMO REVENDA,PRECO MÁXIMO REVENDA,MARGEM MÉDIA REVENDA,COEF DE VARIAÇÃO REVENDA,PRECO MÉDIO DISTRIBUIÇÃO,DESVIO PADRÃO DISTRIBUIÇÃO,PRECO MÍNIMO DISTRIBUIÇÃO,PRECO MÁXIMO DISTRIBUIÇÃO,COEF DE VARIAÇÃO DISTRIBUIÇÃO
07/01/2001,ETANOL HIDRATADO,CENTRO OESTE,1461,R$/l,1.0885,0.10834,0.807,1.49,0.2823,0.0995314653192467,0.8062,0.09879,0.4408,1.1,0.123
07/01/2001,ETANOL HIDRATADO,NORDESTE,3442,R$/l,1.1212,0.10078,0.79,1.58,0.1735,0.089885836603639,0.9477,0.09202,0.4339,1.2284,0.097
07/01/2001,ETANOL HIDRATADO,NORTE,935,R$/l,1.2626,0.08097,0.881,1.49,0.219,0.064129573895137,1.0436,0.13421,0.5586,1.5775,0.129
07/01/2001,ETANOL HIDRATADO,SUDESTE,10169,R$/l,0.9352,0.14279,0.639,1.405,0.1808,0.152683917878529,0.7544,0.13446,0.3182,1.5607,0.178
07/01/2001,ETANOL HIDRATADO,SUL,1892,R$/l,1.0171,0.16526,0.677,1.45,0.1951,0.16248156523449,0.822,0.14243,0.4645,1.1959,0.173
08/01/2001,ETANOL HIDRATADO,CENTRO OESTE,1974,R$/l,1.0836,0.1094,0.74,1.406,0.2788,0.100959763750461,0.8048,0.10206,0.425,1.15,0.127
08/01/2001,ETANOL HIDRATADO,NORDESTE,5713,R$/l,1.1384,0.11678,0.7,1.58,0.194,0.102582572030921,0.9444,0.09706,0.431,1.2419,0.103
08/01/2001,ETANOL HIDRATADO,NORTE,952,R$/l,1.2721,0.09818,1.08,1.65,0.2399,0.0771794670230328,1.0322,0.14486,0.616,1.342,0.14
08/01/2001,ETANOL HIDRATADO,SUDESTE,16210,R$/l,0.9354,0.14393,0.669,1.499,0.1938,0.153870002138123,0.7416,0.13091,0.4,1.156,0.177
08/01/2001,ETANOL HIDRATADO,SUL,3947,R$/l,1.0621,0.19105,0.649,1.59,0.2164,0.179879484041051,0.8457,0.14519,0.5005,1.1959,0.172
09/01/2001,ETANOL HIDRATADO,CENTRO OESTE,2306,R$/l,1.0795,0.11261,0.79,1.37,0.276,0.104316813339509,0.8035,0.10836,0.425,1.1551,0.135
09/01/2001,ETANOL HIDRATADO,NORDESTE,5523,R$/l,1.1465,0.1195,0.7,1.58,0.1923,0.104230266027039,0.9542,0.10541,0.52,1.3366,0.11
09/01/2001,ETANOL HIDRATADO,NORTE,1404,R$/l,1.2908,0.10813,0.875,1.79,0.2612,0.0837697551905795,1.0296,0.15125,0.5486,1.4207,0.147
09/01/2001,ETANOL HIDRATADO,SUDESTE,18374,R$/l,0.9488,0.14584,0.63,1.49,0.2001,0.153709949409781,0.7487,0.13346,0.38,1.1871,0.178
09/01/2001,ETANOL HIDRATADO,SUL,5387,R$/l,1.0767,0.17305,0.64,1.45,0.2483,0.160722578248351,0.8284,0.14397,0.474,1.1646,0.174
10/01/2001,ETANOL HIDRATADO,CENTRO OESTE,3129,R$/l,1.0996,0.10336,0.799,1.47,0.2847,0.0939978173881411,0.8149,0.10314,0.4754,1.1551,0.127
10/01/2001,ETANOL HIDRATADO,NORDESTE,6880,R$/l,1.1539,0.11676,0.7,1.58,0.196,0.10118727792703,0.9579,0.10431,0.52,1.3366,0.109
10/01/2001,ETANOL HIDRATADO,NORTE,1728,R$/l,1.2946,0.10658,0.92,1.88,0.2678,0.082326587362892,1.0268,0.1443,0.5853,1.3319,0.141
10/01/2001,ETANOL HIDRATADO,SUDESTE,23130,R$/l,0.9594,0.14387,0.65,1.58,0.2046,0.14995830727538,0.7548,0.12968,0.4,1.2,0.172
10/01/2001,ETANOL HIDRATADO,SUL,7169,R$/l,1.0981,0.14474,0.659,1.51,0.253,0.131809489117567,0.8451,0.12352,0.5005,1.2801,0.146
11/01/2001,ETANOL HIDRATADO,CENTRO OESTE,2594,R$/l,1.099,0.09356,0.82,1.5,0.2754,0.0851319381255687,0.8236,0.10287,0.495,1.1,0.125
11/01/2001,ETANOL HIDRATADO,NORDESTE,5569,R$/l,1.1512,0.11608,0.7,1.58,0.1938,0.100833912439194,0.9574,0.10343,0.4103,1.2628,0.108
11/01/2001,ETANOL HIDRATADO,NORTE,1426,R$/l,1.2905,0.10811,0.88,1.88,0.2742,0.0837737311119721,1.0163,0.14545,0.5488,1.28,0.143
11/01/2001,ETANOL HIDRATADO,SUDESTE,19194,R$/l,0.9532,0.14271,0.67,1.58,0.1996,0.149716743600504,0.7536,0.12878,0.41,1.1905,0.171
11/01/2001,ETANOL HIDRATADO,SUL,5809,R$/l,1.0883,0.15509,0.729,1.51,0.2384,0.142506661766057,0.8499,0.12315,0.5005,1.2871,0.145
12/01/2001,ETANOL HIDRATADO,CENTRO OESTE,3056,R$/l,1.1004,0.09131,0.81,1.41,0.2739,0.0829789167575427,0.8265,0.10401,0.4908,1.0933,0.126
12/01/2001,ETANOL HIDRATADO,NORDESTE,6292,R$/l,1.1458,0.11861,0.7,1.58,0.1914,0.103517193227439,0.9544,0.10484,0.4103,1.2628,0.11
12/01/2001,ETANOL HIDRATADO,NORTE,1557,R$/l,1.2878,0.11381,0.93,1.88,0.2746,0.0883755241497127,1.0132,0.14524,0.57,1.338,0.143
12/01/2001,ETANOL HIDRATADO,SUDESTE,21380,R$/l,0.9513,0.13924,0.67,1.48,0.1968,0.146368127825081,0.7545,0.12613,0.4,1.1905,0.167
12/01/2001,ETANOL HIDRATADO,SUL,6221,R$/l,1.0773,0.16026,0.73,1.51,0.2303,0.148760790866054,0.847,0.12381,0.5,1.3155,0.146
01/01/2002,ETANOL HIDRATADO,CENTRO OESTE,3714,R$/l,1.0941,0.09681,0.85,1.85,0.266,0.0884836852207294,0.8281,0.09962,0.5324,1.125,0.12
01/01/2002,ETANOL HIDRATADO,NORDESTE,6199,R$/l,1.1326,0.12781,0.6,1.58,0.1824,0.112846547766202,0.9502,0.10586,0.4103,1.2628,0.111
01/01/2002,ETANOL HIDRATADO,NORTE,1651,R$/l,1.2777,0.1144,0.95,1.88,0.2802,0.0895358847929874,0.9975,0.15166,0.5728,1.338,0.152
01/01/2002,ETANOL HIDRATADO,SUDESTE,22994,R$/l,0.9422,0.13455,0.659,1.5,0.1857,0.14280407556782,0.7565,0.12154,0.4278,1.225,0.161
01/01/2002,ETANOL HIDRATADO,SUL,6896,R$/l,1.0708,0.15766,0.729,1.5,0.223,0.147235711617482,0.8478,0.12449,0.4939,1.3155,0.147
02/01/2002,ETANOL HIDRATADO,CENTRO OESTE,3256,R$/l,1.0794,0.09249,0.719,1.65,0.2494,0.085686492495831,0.83,0.09424,0.5324,1.0799,0.114
02/01/2002,ETANOL HIDRATADO,NORDESTE,5571,R$/l,1.1191,0.12898,0.74,1.5,0.1731,0.115253328567599,0.946,0.10323,0.4103,1.263,0.109
02/01/2002,ETANOL HIDRATADO,NORTE,1421,R$/l,1.2706,0.11558,0.88,1.88,0.2692,0.0909648984731623,1.0014,0.14691,0.54,1.3,0.147
02/01/2002,ETANOL HIDRATADO,SUDESTE,20386,R$/l,0.9352,0.13214,0.679,1.5,0.1829,0.141295979469632,0.7523,0.12217,0.47,1.2431,0.162
02/01/2002,ETANOL HIDRATADO,SUL,5856,R$/l,1.0663,0.1588,0.72,1.499,0.221,0.148926193378974,0.8453,0.12531,0.4939,1.177,0.148
03/01/2002,ETANOL HIDRATADO,CENTRO OESTE,3337,R$/l,1.0807,0.09295,0.85,1.37,0.249,0.0860090681965393,0.8317,0.09647,0.5067,1.0665,0.116
03/01/2002,ETANOL HIDRATADO,NORDESTE,5521,R$/l,1.113,0.13266,0.7,1.5,0.1759,0.119191374663073,0.9371,0.10849,0.4103,1.2056,0.116
03/01/2002,ETANOL HIDRATADO,NORTE,1409,R$/l,1.269,0.11669,0.88,1.7,0.2666,0.0919542947202522,1.0024,0.14974,0.5732,1.31,0.149
03/01/2002,ETANOL HIDRATADO,SUDESTE,20258,R$/l,0.936,0.13464,0.659,1.49,0.1883,0.143846153846154,0.7477,0.12649,0.4375,1.1811,0.169
03/01/2002,ETANOL HIDRATADO,SUL,5961,R$/l,1.0666,0.15604,0.727,1.494,0.2233,0.146296643540221,0.8433,0.12193,0.4939,1.22,0.145
04/01/2002,ETANOL HIDRATADO,CENTRO OESTE,4186,R$/l,1.0803,0.09686,0.809,1.5,0.2533,0.0896602795519763,0.827,0.09321,0.5247,1.0744,0.113
04/01/2002,ETANOL HIDRATADO,NORDESTE,6716,R$/l,1.109,0.12952,0.75,1.5,0.1889,0.116789900811542,0.9201,0.11696,0.4103,1.1681,0.127
04/01/2002,ETANOL HIDRATADO,NORTE,1680,R$/l,1.2713,0.11712,0.85,1.7,0.2575,0.0921261700621411,1.0138,0.13877,0.6165,1.31,0.137
04/01/2002,ETANOL HIDRATADO,SUDESTE,25189,R$/l,0.937,0.12966,0.659,1.5,0.1905,0.13837780149413,0.7465,0.125,0.32,1.289,0.167
04/01/2002,ETANOL HIDRATADO,SUL,7232,R$/l,1.0681,0.15105,0.739,1.49,0.2238,0.141419342758169,0.8443,0.1171,0.5489,1.22,0.139
05/01/2002,ETANOL HIDRATADO,CENTRO OESTE,4093,R$/l,1.0772,0.09499,0.75,1.5,0.2567,0.088182324545117,0.8205,0.09376,0.523,1.0721,0.114
05/01/2002,ETANOL HIDRATADO,NORDESTE,7331,R$/l,1.0952,0.12732,0.73,1.5,0.1915,0.116252739225712,0.9037,0.11766,0.41,1.2078,0.13
05/01/2002,ETANOL HIDRATADO,NORTE,1711,R$/l,1.2767,0.1097,0.97,1.7,0.2779,0.0859246494869586,0.9988,0.15334,0.62,1.298,0.154
05/01/2002,ETANOL HIDRATADO,SUDESTE,25974,R$/l,0.9286,0.12915,0.659,1.399,0.1904,0.139080335989662,0.7382,0.12663,0.4101,1.1178,0.172
05/01/2002,ETANOL HIDRATADO,SUL,7809,R$/l,1.0574,0.1522,0.719,1.49,0.2186,0.143937961036505,0.8388,0.11921,0.51,1.177,0.142
06/01/2002,ETANOL HIDRATADO,CENTRO OESTE,3330,R$/l,1.0715,0.09776,0.779,1.4,0.2639,0.0912365842277182,0.8076,0.09903,0.4302,1.064,0.123
06/01/2002,ETANOL HIDRATADO,NORDESTE,5634,R$/l,1.0905,0.12694,0.79,1.5,0.1884,0.116405318661165,0.9021,0.1119,0.4103,1.1848,0.124
06/01/2002,ETANOL HIDRATADO,NORTE,1346,R$/l,1.2701,0.10799,0.9,1.7,0.265,0.0850248011967562,1.0051,0.14666,0.6,1.385,0.146
06/01/2002,ETANOL HIDRATADO,SUDESTE,20451,R$/l,0.9144,0.14015,0.537,1.599,0.1996,0.15326990376203,0.7148,0.14435,0.3869,1.1178,0.202
06/01/2002,ETANOL HIDRATADO,SUL,6033,R$/l,1.05,0.15724,0.719,1.46,0.2176,0.149752380952381,0.8324,0.1231,0.4676,1.177,0.148
07/01/2002,ETANOL HIDRATADO,CENTRO OESTE,4943,R$/l,0.9923,0.11391,0.5,1.34,0.2628,0.11479391313111,0.7295,0.11371,0.4003,1.097,0.156
07/01/2002,ETANOL HIDRATADO,NORDESTE,8387,R$/l,1.0904,0.12166,0.59,1.5,0.2013,0.111573734409391,0.8891,0.10694,0.41,1.3301,0.12
07/01/2002,ETANOL HIDRATADO,NORTE,2000,R$/l,1.2691,0.115,0.97,1.7,0.2744,0.0906153967378457,0.9947,0.15851,0.517,1.33,0.159
07/01/2002,ETANOL HIDRATADO,SUDESTE,30261,R$/l,0.8496,0.16122,0.529,1.4,0.209,0.18975988700565,0.6406,0.15291,0.367,1.1309,0.239
07/01/2002,ETANOL HIDRATADO,SUL,9019,R$/l,1.0017,0.17315,0.599,1.46,0.2262,0.172856144554258,0.7755,0.14058,0.426,1.2009,0.181
08/01/2002,ETANOL HIDRATADO,CENTRO OESTE,4010,R$/l,0.9711,0.0971,0.71,1.328,0.2791,0.099989702399341,0.692,0.08924,0.4,1.0703,0.129
08/01/2002,ETANOL HIDRATADO,NORDESTE,6526,R$/l,1.085,0.12203,0.76,1.5,0.2092,0.112470046082949,0.8758,0.10382,0.377,1.1664,0.119
08/01/2002,ETANOL HIDRATADO,NORTE,1559,R$/l,1.2619,0.12084,0.97,1.7,0.2916,0.0957603613598542,0.9703,0.1688,0.517,1.33,0.174
08/01/2002,ETANOL HIDRATADO,SUDESTE,25086,R$/l,0.8229,0.14294,0.539,1.399,0.2045,0.173702758536882,0.6184,0.11849,0.379,1.2272,0.192
08/01/2002,ETANOL HIDRATADO,SUL,7158,R$/l,0.9582,0.15617,0.595,1.46,0.2219,0.162982675850553,0.7363,0.1269,0.4398,1.1547,0.172
09/01/2002,ETANOL HIDRATADO,CENTRO OESTE,3343,R$/l,0.9752,0.11524,0.69,1.328,0.2558,0.118170631665299,0.7194,0.09094,0.3643,1.0776,0.126
09/01/2002,ETANOL HIDRATADO,NORDESTE,5380,R$/l,1.0813,0.12266,0.7,1.5,0.2034,0.113437528900398,0.8779,0.09934,0.41,1.17,0.113
09/01/2002,ETANOL HIDRATADO,NORTE,1303,R$/l,1.2614,0.1214,1.01,1.7,0.2964,0.0962422704931029,0.965,0.16955,0.4801,1.3362,0.176
09/01/2002,ETANOL HIDRATADO,SUDESTE,21933,R$/l,0.8596,0.12109,0.589,1.399,0.1954,0.140867845509539,0.6642,0.10798,0.3869,1.101,0.163
09/01/2002,ETANOL HIDRATADO,SUL,5934,R$/l,0.9862,0.1375,0.639,1.498,0.2301,0.139424051916447,0.7561,0.11202,0.4253,1.12,0.148
10/01/2002,ETANOL HIDRATADO,CENTRO OESTE,3530,R$/l,1.1029,0.12916,0.79,1.49,0.2734,0.11710943875238,0.8295,0.09403,0.5212,1.13,0.113
10/01/2002,ETANOL HIDRATADO,NORDESTE,5770,R$/l,1.0856,0.12107,0.75,1.5,0.188,0.111523581429624,0.8976,0.1031,0.41,1.2649,0.115
10/01/2002,ETANOL HIDRATADO,NORTE,1361,R$/l,1.2656,0.12337,0.95,1.7,0.2893,0.0974794563843236,0.9763,0.15568,0.523,1.3362,0.159
10/01/2002,ETANOL HIDRATADO,SUDESTE,22137,R$/l,0.951,0.10746,0.649,1.5,0.1899,0.112996845425868,0.7611,0.10736,0.3792,1.155,0.141
10/01/2002,ETANOL HIDRATADO,SUL,6434,R$/l,1.0619,0.12638,0.729,1.5,0.2266,0.119013089744797,0.8353,0.12347,0.4863,1.2489,0.148
11/01/2002,ETANOL HIDRATADO,CENTRO OESTE,3046,R$/l,1.4624,0.15283,0.99,1.739,0.3809,0.104506291028446,1.0815,0.14069,0.594,1.4364,0.13
11/01/2002,ETANOL HIDRATADO,NORDESTE,4943,R$/l,1.3543,0.15502,0.89,1.839,0.3248,0.114465037288636,1.0295,0.17265,0.4897,1.6277,0.168
11/01/2002,ETANOL HIDRATADO,NORTE,1152,R$/l,1.4929,0.13332,1.045,1.87,0.4084,0.0893026994440351,1.0845,0.18313,0.573,1.544,0.169
11/01/2002,ETANOL HIDRATADO,SUDESTE,19514,R$/l,1.2282,0.1331,0.83,1.76,0.285,0.108369972317212,0.9432,0.15497,0.475,1.4916,0.164
11/01/2002,ETANOL HIDRATADO,SUL,5476,R$/l,1.3657,0.15887,0.859,1.84,0.3435,0.116328622684338,1.0222,0.18627,0.5,1.4873,0.182
12/01/2002,ETANOL HIDRATADO,CENTRO OESTE,3777,R$/l,1.4635,0.14046,1.05,1.84,0.2983,0.0959754014349163,1.1652,0.09553,0.675,1.6309,0.082
12/01/2002,ETANOL HIDRATADO,NORDESTE,6046,R$/l,1.3785,0.14126,0.96,1.839,0.2393,0.102473703300689,1.1392,0.16653,0.4897,1.6277,0.146
12/01/2002,ETANOL HIDRATADO,NORTE,1447,R$/l,1.5484,0.12212,1.1,1.97,0.3524,0.0788685094290881,1.196,0.18035,0.6163,1.5458,0.151
12/01/2002,ETANOL HIDRATADO,SUDESTE,24150,R$/l,1.2396,0.13997,0.799,1.76,0.2293,0.112915456598903,1.0103,0.15177,0.521,1.4526,0.15
12/01/2002,ETANOL HIDRATADO,SUL,6768,R$/l,1.384,0.15498,0.979,1.91,0.2719,0.111979768786127,1.1121,0.15881,0.5977,1.8791,0.143
01/01/2003,ETANOL HIDRATADO,CENTRO OESTE,3025,R$/l,1.5304,0.13029,1.179,1.82,0.321,0.0851346053319394,1.2094,0.09917,0.675,1.6779,0.082
01/01/2003,ETANOL HIDRATADO,NORDESTE,5062,R$/l,1.3938,0.1374,0.98,1.839,0.2001,0.0985794231597073,1.1937,0.14632,0.5151,1.5789,0.123
01/01/2003,ETANOL HIDRATADO,NORTE,1135,R$/l,1.5943,0.11069,1.34,1.97,0.3223,0.0694285893495578,1.272,0.15759,0.6163,1.591,0.124
01/01/2003,ETANOL HIDRATADO,SUDESTE,19784,R$/l,1.3263,0.10792,0.939,1.849,0.2296,0.081369222649476,1.0967,0.12543,0.442,1.5057,0.114
01/01/2003,ETANOL HIDRATADO,SUL,5536,R$/l,1.4676,0.18074,1.099,1.984,0.2848,0.123153447805942,1.1828,0.16544,0.5051,1.6974,0.14
02/01/2003,ETANOL HIDRATADO,CENTRO OESTE,3013,R$/l,1.6833,0.08119,1.35,1.94,0.3357,0.0482326382700648,1.3476,0.13229,0.833,1.7406,0.098
02/01/2003,ETANOL HIDRATADO,NORDESTE,4876,R$/l,1.5652,0.20361,1.15,2.3,0.2982,0.130085612062356,1.267,0.16556,0.5151,1.8177,0.131
02/01/2003,ETANOL HIDRATADO,NORTE,1128,R$/l,1.801,0.16981,1.4,2.49,0.4105,0.0942865074958356,1.3905,0.18883,0.61,1.9868,0.136
02/01/2003,ETANOL HIDRATADO,SUDESTE,19540,R$/l,1.513,0.15626,1.099,2.079,0.2931,0.103278255122274,1.2199,0.15746,0.5815,1.789,0.129
02/01/2003,ETANOL HIDRATADO,SUL,5472,R$/l,1.6611,0.18145,1.239,2.28,0.3522,0.10923484438023,1.3089,0.18913,0.5051,1.8816,0.144
03/01/2003,ETANOL HIDRATADO,CENTRO OESTE,3355,R$/l,1.696,0.07845,1.47,1.94,0.2735,0.0462558962264151,1.4225,0.11617,0.8908,1.7193,0.082
03/01/2003,ETANOL HIDRATADO,NORDESTE,5159,R$/l,1.6763,0.18178,1.24,2.3,0.2884,0.108441209807314,1.3879,0.19422,0.55,1.9003,0.14
03/01/2003,ETANOL HIDRATADO,NORTE,1218,R$/l,1.9121,0.16278,1.19,2.6,0.3549,0.085131530777679,1.5572,0.2256,0.93,2.1801,0.145
03/01/2003,ETANOL HIDRATADO,SUDESTE,21253,R$/l,1.5064,0.16727,1.13,2.079,0.2539,0.111039564524695,1.2525,0.17835,0.5815,1.7815,0.142
03/01/2003,ETANOL HIDRATADO,SUL,5934,R$/l,1.6612,0.18569,1.202,2.28,0.294,0.111780640500843,1.3672,0.18183,0.6529,1.8816,0.133
04/01/2003,ETANOL HIDRATADO,CENTRO OESTE,3399,R$/l,1.6895,0.09928,1.39,1.99,0.288,0.0587629476176384,1.4015,0.11678,0.8556,2.0435,0.083
04/01/2003,ETANOL HIDRATADO,NORDESTE,5666,R$/l,1.6832,0.17427,1.19,2.3,0.2301,0.103534933460076,1.4531,0.17192,0.6949,1.9259,0.118
04/01/2003,ETANOL HIDRATADO,NORTE,1283,R$/l,1.9356,0.16496,1.4,2.6,0.3229,0.0852242198801405,1.6127,0.22529,0.9897,2.1801,0.14
04/01/2003,ETANOL HIDRATADO,SUDESTE,22665,R$/l,1.4714,0.189,1.087,2.079,0.2349,0.128449096098953,1.2365,0.19219,0.7209,2.5266,0.155
04/01/2003,ETANOL HIDRATADO,SUL,6400,R$/l,1.6305,0.1914,1.25,2.28,0.2826,0.11738730450782,1.3479,0.18095,0.7,1.832,0.134
05/01/2003,ETANOL HIDRATADO,CENTRO OESTE,2993,R$/l,1.5989,0.10785,1.34,1.89,0.2554,0.0674526236787792,1.3435,0.13465,0.7704,2.0573,0.1
05/01/2003,ETANOL HIDRATADO,NORDESTE,4730,R$/l,1.6802,0.16805,1.2,2.3,0.21,0.10001785501726,1.4702,0.15583,0.8,1.9259,0.106
05/01/2003,ETANOL HIDRATADO,NORTE,1098,R$/l,1.9295,0.1786,1.58,2.6,0.3123,0.0925628401140192,1.6172,0.23309,0.9376,2.1808,0.144
05/01/2003,ETANOL HIDRATADO,SUDESTE,19554,R$/l,1.4058,0.20217,0.899,2.079,0.2147,0.143811352966283,1.1911,0.20363,0.7529,2.5266,0.171
05/01/2003,ETANOL HIDRATADO,SUL,5469,R$/l,1.5763,0.20344,1.15,2.136,0.2687,0.129061726828649,1.3076,0.18158,0.7324,1.7512,0.139
06/01/2003,ETANOL HIDRATADO,CENTRO OESTE,3301,R$/l,1.4191,0.13679,1.049,1.89,0.2524,0.0963920794869988,1.1667,0.16794,0.5306,1.9862,0.144
06/01/2003,ETANOL HIDRATADO,NORDESTE,5292,R$/l,1.6456,0.16469,1.159,2.077,0.2223,0.100078998541565,1.4233,0.15316,0.555,1.8474,0.108
06/01/2003,ETANOL HIDRATADO,NORTE,1224,R$/l,1.8853,0.19073,1.35,2.6,0.3239,0.101166923036122,1.5614,0.25689,0.7766,2.1804,0.165
06/01/2003,ETANOL HIDRATADO,SUDESTE,21787,R$/l,1.2066,0.25954,0.69,2.079,0.2044,0.215100281783524,1.0022,0.26396,0.4869,2.5259,0.263
06/01/2003,ETANOL HIDRATADO,SUL,6048,R$/l,1.4491,0.23076,0.84,2.136,0.2792,0.159243668483887,1.1699,0.20772,0.5986,1.778,0.178
07/01/2003,ETANOL HIDRATADO,CENTRO OESTE,3503,R$/l,1.2667,0.1536,0.9,1.78,0.326,0.121259966842978,0.9407,0.17067,0.423,1.502,0.181
07/01/2003,ETANOL HIDRATADO,NORDESTE,5509,R$/l,1.5625,0.16861,1.05,2.05,0.27,0.1079104,1.2925,0.16417,0.55,1.8474,0.127
07/01/2003,ETANOL HIDRATADO,NORTE,1248,R$/l,1.7576,0.23042,1.25,2.55,0.4031,0.131099226217569,1.3545,0.30818,0.5674,2.1801,0.228
07/01/2003,ETANOL HIDRATADO,SUDESTE,22541,R$/l,1.0668,0.24186,0.679,1.999,0.2328,0.226715410573678,0.834,0.23355,0.3729,2.5259,0.28
07/01/2003,ETANOL HIDRATADO,SUL,6329,R$/l,1.2323,0.22577,0.72,1.99,0.2909,0.183210257242555,0.9414,0.19473,0.444,1.79,0.207
08/01/2003,ETANOL HIDRATADO,CENTRO OESTE,2984,R$/l,1.2787,0.15216,0.8,1.79,0.3408,0.118995855165402,0.9379,0.13473,0.4954,1.4587,0.144
08/01/2003,ETANOL HIDRATADO,NORDESTE,4680,R$/l,1.4897,0.17893,1.01,2.05,0.2791,0.120111431831912,1.2106,0.15107,0.55,1.778,0.125
08/01/2003,ETANOL HIDRATADO,NORTE,1060,R$/l,1.6797,0.24554,1.1,2.55,0.4241,0.146180865630767,1.2556,0.27921,0.6212,2.1801,0.222
08/01/2003,ETANOL HIDRATADO,SUDESTE,19422,R$/l,1.0901,0.20114,0.72,2.109,0.2538,0.184515182093386,0.8363,0.16651,0.4309,1.7033,0.199
08/01/2003,ETANOL HIDRATADO,SUL,5406,R$/l,1.256,0.16881,0.799,1.89,0.3394,0.134402866242038,0.9166,0.15796,0.486,1.6,0.172
09/01/2003,ETANOL HIDRATADO,CENTRO OESTE,3638,R$/l,1.3324,0.12546,1.02,1.79,0.308,0.0941609126388472,1.0244,0.10822,0.5292,1.6564,0.106
09/01/2003,ETANOL HIDRATADO,NORDESTE,5570,R$/l,1.4772,0.17605,1.01,2.12,0.2886,0.119178174925535,1.1886,0.14435,0.55,1.778,0.121
09/01/2003,ETANOL HIDRATADO,NORTE,1296,R$/l,1.6885,0.24093,1.159,2.4,0.4406,0.142688777021025,1.2479,0.2478,0.6303,2.0341,0.199
09/01/2003,ETANOL HIDRATADO,SUDESTE,23336,R$/l,1.1165,0.19864,0.729,1.999,0.2415,0.177913121361397,0.875,0.17385,0.547,1.739,0.199
09/01/2003,ETANOL HIDRATADO,SUL,6529,R$/l,1.2963,0.16807,0.89,1.996,0.3065,0.129653629561058,0.9898,0.15509,0.4676,1.5032,0.157
10/01/2003,ETANOL HIDRATADO,CENTRO OESTE,3097,R$/l,1.2902,0.16504,0.92,1.78,0.3308,0.127918152224461,0.9594,0.13044,0.4876,1.4074,0.136
10/01/2003,ETANOL HIDRATADO,NORDESTE,4931,R$/l,1.4491,0.17833,0.95,2.12,0.3001,0.123062590573459,1.149,0.14251,0.6143,1.778,0.124
10/01/2003,ETANOL HIDRATADO,NORTE,1092,R$/l,1.6729,0.24079,1.29,2.4,0.4717,0.143935680554725,1.2012,0.23483,0.5763,1.87,0.195
10/01/2003,ETANOL HIDRATADO,SUDESTE,20314,R$/l,1.0869,0.21089,0.69,1.999,0.2567,0.194028889502254,0.8302,0.18496,0.404,1.739,0.223
10/01/2003,ETANOL HIDRATADO,SUL,5591,R$/l,1.2529,0.18208,0.87,1.79,0.3074,0.145326841727193,0.9455,0.1612,0.467,1.35,0.17
11/01/2003,ETANOL HIDRATADO,CENTRO OESTE,2989,R$/l,1.2558,0.16597,0.92,1.75,0.3468,0.13216276477146,0.909,0.12915,0.4983,1.2948,0.142
11/01/2003,ETANOL HIDRATADO,NORDESTE,4638,R$/l,1.4199,0.18136,0.95,2.12,0.3288,0.12772730473977,1.0911,0.14135,0.6603,1.6804,0.13
11/01/2003,ETANOL HIDRATADO,NORTE,1052,R$/l,1.6561,0.25136,1.25,2.4,0.4885,0.151778274258801,1.1676,0.23811,0.56,1.87,0.204
11/01/2003,ETANOL HIDRATADO,SUDESTE,19368,R$/l,1.07,0.20103,0.69,1.99,0.2568,0.187878504672897,0.8132,0.15746,0.4117,1.739,0.194
11/01/2003,ETANOL HIDRATADO,SUL,5362,R$/l,1.2087,0.18553,0.81,1.89,0.3056,0.153495491023414,0.9031,0.1464,0.559,1.745,0.162
12/01/2003,ETANOL HIDRATADO,CENTRO OESTE,3718,R$/l,1.312,0.15824,0.91,1.93,0.3467,0.120609756097561,0.9653,0.12289,0.4983,1.48,0.127
12/01/2003,ETANOL HIDRATADO,NORDESTE,5785,R$/l,1.3676,0.19329,0.89,2,0.3309,0.141335185726821,1.0367,0.13403,0.6603,1.7542,0.129
12/01/2003,ETANOL HIDRATADO,NORTE,1307,R$/l,1.6492,0.25451,1.25,2.4,0.4708,0.154323308270677,1.1784,0.22453,0.6349,1.87,0.191
12/01/2003,ETANOL HIDRATADO,SUDESTE,24115,R$/l,1.0895,0.18492,0.749,1.95,0.2376,0.169729233593391,0.8519,0.14188,0.4831,1.7498,0.167
12/01/2003,ETANOL HIDRATADO,SUL,6673,R$/l,1.2478,0.16518,0.847,1.79,0.3041,0.132376983490944,0.9437,0.15153,0.561,1.3971,0.161
01/01/2004,ETANOL HIDRATADO,CENTRO OESTE,2981,R$/l,1.3493,0.13996,1.02,1.75,0.3324,0.103727858889795,1.0169,0.10458,0.636,1.3023,0.103
01/01/2004,ETANOL HIDRATADO,NORDESTE,4546,R$/l,1.3531,0.18973,0.88,2,0.317,0.140218756928535,1.0361,0.12348,0.6458,1.7542,0.119
01/01/2004,ETANOL HIDRATADO,NORTE,1012,R$/l,1.6496,0.2519,1.25,2.4,0.445,0.152703685741998,1.2046,0.21475,0.6682,1.77,0.178
01/01/2004,ETANOL HIDRATADO,SUDESTE,19282,R$/l,1.1018,0.19201,0.73,1.89,0.2241,0.174269377382465,0.8777,0.15684,0.5545,1.6517,0.179
01/01/2004,ETANOL HIDRATADO,SUL,5336,R$/l,1.2881,0.15619,0.86,1.79,0.295,0.121256113655772,0.9931,0.1527,0.561,1.514,0.154
02/01/2004,ETANOL HIDRATADO,CENTRO OESTE,2989,R$/l,1.3326,0.14058,0.95,1.68,0.3382,0.105493021161639,0.9944,0.127,0.47,1.466,0.128
02/01/2004,ETANOL HIDRATADO,NORDESTE,4579,R$/l,1.3432,0.18741,0.93,2,0.3101,0.139525014889815,1.0331,0.11946,0.67,1.7537,0.116
02/01/2004,ETANOL HIDRATADO,NORTE,1019,R$/l,1.6452,0.25329,1.18,2.4,0.4209,0.153956965718454,1.2243,0.2328,0.5848,1.9411,0.19
02/01/2004,ETANOL HIDRATADO,SUDESTE,19252,R$/l,1.051,0.22755,0.559,2.09,0.2537,0.21650808753568,0.7973,0.20644,0.3386,1.7445,0.259
02/01/2004,ETANOL HIDRATADO,SUL,5355,R$/l,1.2688,0.16576,0.85,1.75,0.327,0.130643127364439,0.9418,0.17327,0.4022,1.369,0.184
03/01/2004,ETANOL HIDRATADO,CENTRO OESTE,3730,R$/l,1.2205,0.16733,0.8,1.69,0.4006,0.137099549365014,0.8199,0.1474,0.3349,1.5485,0.18
03/01/2004,ETANOL HIDRATADO,NORDESTE,5683,R$/l,1.3216,0.1846,0.89,2,0.3079,0.139679176755448,1.0137,0.12316,0.542,1.7533,0.121
03/01/2004,ETANOL HIDRATADO,NORTE,1256,R$/l,1.6049,0.27816,0.999,2.4,0.4403,0.173319209919621,1.1646,0.29139,0.5102,1.9788,0.25
03/01/2004,ETANOL HIDRATADO,SUDESTE,24062,R$/l,0.9166,0.24941,0.499,2.09,0.2697,0.272103425703688,0.6469,0.2004,0.2778,1.7445,0.31
03/01/2004,ETANOL HIDRATADO,SUL,6684,R$/l,1.1277,0.20523,0.699,1.75,0.3446,0.181989890928438,0.7831,0.16856,0.3922,1.369,0.215
04/01/2004,ETANOL HIDRATADO,CENTRO OESTE,2974,R$/l,1.1653,0.14095,0.75,1.68,0.3723,0.12095597700163,0.793,0.13357,0.3026,1.2224,0.168
04/01/2004,ETANOL HIDRATADO,NORDESTE,4569,R$/l,1.2959,0.1859,0.99,2,0.3097,0.14345242688479,0.9862,0.11759,0.51,1.681,0.119
04/01/2004,ETANOL HIDRATADO,NORTE,1018,R$/l,1.5362,0.278,1.05,2.4,0.4581,0.180966020049473,1.0781,0.30418,0.5102,1.8908,0.282
04/01/2004,ETANOL HIDRATADO,SUDESTE,19362,R$/l,0.9082,0.21369,0.559,1.84,0.263,0.235289583792116,0.6452,0.15097,0.2966,1.7445,0.234
04/01/2004,ETANOL HIDRATADO,SUL,5362,R$/l,1.0818,0.18124,0.697,1.72,0.33,0.167535588833426,0.7518,0.1389,0.3922,1.251,0.185
05/01/2004,ETANOL HIDRATADO,CENTRO OESTE,3170,R$/l,1.282,0.142,0.87,1.76,0.434,0.110764430577223,0.848,0.132,0.3879,1.4206,0.156
05/01/2004,ETANOL HIDRATADO,NORDESTE,5864,R$/l,1.366,0.184,0.989,2.05,0.367,0.134699853587116,0.999,0.113,0.47,1.3683,0.113
05/01/2004,ETANOL HIDRATADO,NORTE,1323,R$/l,1.593,0.275,1.05,2.4,0.481,0.17263025737602,1.112,0.295,0.51022,1.8908,0.265
05/01/2004,ETANOL HIDRATADO,SUDESTE,23027,R$/l,1.064,0.202,0.59,1.89,0.286,0.18984962406015,0.778,0.146,0.3257,1.437,0.188
05/01/2004,ETANOL HIDRATADO,SUL,6618,R$/l,1.141,0.176,0.73,1.71,0.337,0.154250657318142,0.804,0.142,0.4337,1.4858,0.177
06/01/2004,ETANOL HIDRATADO,CENTRO OESTE,3912,R$/l,1.348,0.158,0.91,1.77,0.421,0.117210682492582,0.927,0.135,0.4094,1.4699,0.146
06/01/2004,ETANOL HIDRATADO,NORDESTE,7900,R$/l,1.411,0.174,0.989,2.05,0.35,0.123316796598157,1.061,0.129,0.5686,1.5338,0.122
06/01/2004,ETANOL HIDRATADO,NORTE,1800,R$/l,1.655,0.258,1.099,2.4,0.505,0.155891238670695,1.15,0.282,0.554,1.8713,0.245
06/01/2004,ETANOL HIDRATADO,SUDESTE,29642,R$/l,1.134,0.18,0.669,1.875,0.27,0.158730158730159,0.864,0.15,0.3398,1.42,0.174
06/01/2004,ETANOL HIDRATADO,SUL,9033,R$/l,1.248,0.167,0.78,1.71,0.35,0.133814102564103,0.898,0.162,0.435,1.348,0.18
07/01/2004,ETANOL HIDRATADO,CENTRO OESTE,3567,R$/l,1.352,0.162,0.9,1.86,0.41,0.119822485207101,0.942,0.13,0.4631,1.5017,0.138
07/01/2004,ETANOL HIDRATADO,NORDESTE,6811,R$/l,1.454,0.145,1.08,2.05,0.325,0.0997248968363136,1.129,0.135,0.5528,1.8435,0.12
07/01/2004,ETANOL HIDRATADO,NORTE,1587,R$/l,1.689,0.256,1.149,2.4,0.526,0.151568975725281,1.163,0.278,0.597,1.8465,0.239
07/01/2004,ETANOL HIDRATADO,SUDESTE,26447,R$/l,1.157,0.176,0.699,1.875,0.244,0.152117545375972,0.913,0.149,0.3797,1.4754,0.163
07/01/2004,ETANOL HIDRATADO,SUL,7903,R$/l,1.255,0.163,0.83,1.71,0.326,0.129880478087649,0.929,0.157,0.435,1.3769,0.169
08/01/2004,ETANOL HIDRATADO,CENTRO OESTE,4336,R$/l,1.489,0.15,0.9,1.87,0.425,0.10073875083949,1.064,0.125,0.5319,1.568,0.117
08/01/2004,ETANOL HIDRATADO,NORDESTE,8149,R$/l,1.521,0.131,1.12,2.05,0.307,0.0861275476660092,1.214,0.15,0.4739,1.8495,0.124
08/01/2004,ETANOL HIDRATADO,NORTE,1865,R$/l,1.702,0.221,1.22,2.32,0.462,0.129847238542891,1.24,0.257,0.613,1.8465,0.207
08/01/2004,ETANOL HIDRATADO,SUDESTE,31923,R$/l,1.247,0.18,0.69,1.875,0.228,0.144346431435445,1.019,0.161,0.3792,1.5155,0.158
08/01/2004,ETANOL HIDRATADO,SUL,9579,R$/l,1.349,0.131,0.86,1.849,0.324,0.0971089696071164,1.025,0.16,0.43,1.47,0.156
09/01/2004,ETANOL HIDRATADO,CENTRO OESTE,3597,R$/l,1.522,0.161,0.95,1.92,0.42,0.105781865965834,1.102,0.123,0.64,1.574,0.112
09/01/2004,ETANOL HIDRATADO,NORDESTE,7148,R$/l,1.552,0.123,1.05,2.05,0.273,0.0792525773195876,1.279,0.138,0.616,1.8435,0.108
09/01/2004,ETANOL HIDRATADO,NORTE,1584,R$/l,1.725,0.21,1.3,2.25,0.442,0.121739130434783,1.283,0.256,0.781,1.8965,0.2
09/01/2004,ETANOL HIDRATADO,SUDESTE,27615,R$/l,1.262,0.181,0.81,1.875,0.219,0.143423137876387,1.043,0.157,0.4757,1.5155,0.151
09/01/2004,ETANOL HIDRATADO,SUL,8089,R$/l,1.372,0.14,0.9,1.849,0.307,0.102040816326531,1.065,0.181,0.4357,1.4954,0.17
10/01/2004,ETANOL HIDRATADO,CENTRO OESTE,3513,R$/l,1.558,0.157,0.95,1.93,0.408,0.100770218228498,1.15,0.129,0.76924,1.7992,0.112
10/01/2004,ETANOL HIDRATADO,NORDESTE,6828,R$/l,1.565,0.128,1.19,2.05,0.265,0.0817891373801917,1.3,0.129,0.6713,1.7336,0.099
10/01/2004,ETANOL HIDRATADO,NORTE,1544,R$/l,1.751,0.209,1.3,2.484,0.424,0.119360365505425,1.327,0.259,0.763,1.8779,0.195
10/01/2004,ETANOL HIDRATADO,SUDESTE,26375,R$/l,1.331,0.162,0.869,1.875,0.231,0.121712997746056,1.1,0.146,0.4757,1.6805,0.133
10/01/2004,ETANOL HIDRATADO,SUL,7880,R$/l,1.465,0.145,1.02,1.95,0.344,0.0989761092150171,1.121,0.189,0.43577,1.6558,0.169
11/01/2004,ETANOL HIDRATADO,CENTRO OESTE,4250,R$/l,1.65,0.146,1.2,2.12,0.394,0.0884848484848485,1.256,0.139,0.87301,1.8388,0.111
11/01/2004,ETANOL HIDRATADO,NORDESTE,7805,R$/l,1.603,0.164,1.19,2.32,0.255,0.102308172177168,1.348,0.153,0.6713,1.8135,0.114
11/01/2004,ETANOL HIDRATADO,NORTE,1820,R$/l,1.748,0.209,1.32,2.372,0.374,0.119565217391304,1.374,0.256,0.783,2.0852,0.186
11/01/2004,ETANOL HIDRATADO,SUDESTE,31722,R$/l,1.332,0.178,0.99,1.965,0.221,0.133633633633634,1.111,0.165,0.466,1.6924,0.149
11/01/2004,ETANOL HIDRATADO,SUL,9242,R$/l,1.577,0.152,1.189,2.15,0.337,0.0963855421686747,1.24,0.202,0.5229,1.788,0.163
12/01/2004,ETANOL HIDRATADO,CENTRO OESTE,3671,R$/l,1.698,0.128,1.38,2.05,0.391,0.0753828032979977,1.307,0.147,0.9164,1.7965,0.112
12/01/2004,ETANOL HIDRATADO,NORDESTE,7281,R$/l,1.71,0.156,1.25,2.32,0.276,0.0912280701754386,1.434,0.189,0.75,1.8315,0.132
12/01/2004,ETANOL HIDRATADO,NORTE,1607,R$/l,1.853,0.183,1.449,2.372,0.382,0.098758769562871,1.471,0.268,0.783,1.9933,0.182
12/01/2004,ETANOL HIDRATADO,SUDESTE,27402,R$/l,1.355,0.193,1.05,1.965,0.234,0.142435424354244,1.121,0.189,0.466,1.7523,0.169
12/01/2004,ETANOL HIDRATADO,SUL,8454,R$/l,1.6,0.17,1.25,2.15,0.331,0.10625,1.269,0.208,0.653,1.77035,0.164
01/01/2005,ETANOL HIDRATADO,CENTRO OESTE,4087,R$/l,1.663,0.121,1.38,2.05,0.362,0.0727600721587492,1.301,0.144,0.9272,1.7846,0.111
01/01/2005,ETANOL HIDRATADO,NORDESTE,7784,R$/l,1.71,0.155,1.28,2.32,0.259,0.0906432748538012,1.451,0.175,0.75,1.84101,0.121
01/01/2005,ETANOL HIDRATADO,NORTE,1794,R$/l,1.857,0.175,1.54,2.372,0.354,0.0942380183091007,1.503,0.268,0.8808,2.0269,0.178
01/01/2005,ETANOL HIDRATADO,SUDESTE,31238,R$/l,1.34,0.204,0.979,1.965,0.239,0.152238805970149,1.101,0.191,0.7926,1.76877,0.173
01/01/2005,ETANOL HIDRATADO,SUL,9028,R$/l,1.574,0.182,1.18,2.19,0.317,0.115628970775095,1.257,0.213,0.7408,1.9049,0.169
02/01/2005,ETANOL HIDRATADO,CENTRO OESTE,3300,R$/l,1.669,0.138,1.28,2.05,0.276,0.0826842420611144,1.393,0.085,1.0675,1.75024,0.061
02/01/2005,ETANOL HIDRATADO,NORDESTE,6583,R$/l,1.702,0.156,1.25,2.18,0.201,0.0916568742655699,1.501,0.142,0.87091,1.91437,0.095
02/01/2005,ETANOL HIDRATADO,NORTE,1450,R$/l,1.853,0.177,1.6,2.372,0.25,0.0955207771181867,1.603,0.178,1.08033,2.0875,0.111
02/01/2005,ETANOL HIDRATADO,SUDESTE,24502,R$/l,1.327,0.209,0.99,1.965,0.182,0.157498116051243,1.145,0.209,0.47995,1.83702,0.183
02/01/2005,ETANOL HIDRATADO,SUL,7303,R$/l,1.555,0.191,1.19,2.17,0.237,0.122829581993569,1.318,0.217,0.79993,1.90653,0.165
03/01/2005,ETANOL HIDRATADO,CENTRO OESTE,4019,R$/l,1.645,0.129,1.29,2.05,0.249,0.078419452887538,1.396,0.086,1.0018,1.812,0.062
03/01/2005,ETANOL HIDRATADO,NORDESTE,7754,R$/l,1.689,0.158,1.33,2.18,0.21,0.093546477205447,1.479,0.124,0.87091,1.90886,0.084
03/01/2005,ETANOL HIDRATADO,NORTE,1727,R$/l,1.849,0.172,1.6,2.372,0.252,0.0930232558139535,1.597,0.17,1.10252,2.0045,0.106
03/01/2005,ETANOL HIDRATADO,SUDESTE,29895,R$/l,1.322,0.213,0.99,1.965,0.183,0.161119515885023,1.139,0.211,0.47998,1.83702,0.185
03/01/2005,ETANOL HIDRATADO,SUL,9124,R$/l,1.565,0.172,1.19,2.145,0.249,0.109904153354633,1.316,0.206,0.77412,1.98749,0.157
04/01/2005,ETANOL HIDRATADO,CENTRO OESTE,3496,R$/l,1.649,0.117,1.36,2.05,0.236,0.070952092177077,1.413,0.075,1.09731,1.816,0.053
04/01/2005,ETANOL HIDRATADO,NORDESTE,6815,R$/l,1.684,0.155,1.35,2.187,0.2,0.0920427553444181,1.484,0.116,1.00002,1.92025,0.078
04/01/2005,ETANOL HIDRATADO,NORTE,1531,R$/l,1.845,0.172,1.55,2.372,0.253,0.0932249322493225,1.592,0.163,1.0994,1.9659,0.102
04/01/2005,ETANOL HIDRATADO,SUDESTE,26260,R$/l,1.319,0.213,0.999,1.97,0.181,0.161485974222896,1.138,0.213,0.47998,1.8758,0.187
04/01/2005,ETANOL HIDRATADO,SUL,7892,R$/l,1.604,0.202,1.129,2.19,0.26,0.125935162094763,1.344,0.215,0.76999,1.95982,0.16
05/01/2005,ETANOL HIDRATADO,CENTRO OESTE,4244,R$/l,1.619,0.174,1.1,2.05,0.289,0.107473749227918,1.33,0.134,0.866,1.83782,0.101
05/01/2005,ETANOL HIDRATADO,NORDESTE,7890,R$/l,1.682,0.149,1.159,2.09,0.193,0.0885850178359096,1.489,0.116,0.9553,1.948,0.078
05/01/2005,ETANOL HIDRATADO,NORTE,1828,R$/l,1.841,0.18,1.49,2.385,0.27,0.0977729494839761,1.571,0.19,0.9429,1.9947,0.121
05/01/2005,ETANOL HIDRATADO,SUDESTE,31272,R$/l,1.218,0.255,0.76,1.965,0.206,0.20935960591133,1.012,0.268,0.66493,1.8796,0.265
05/01/2005,ETANOL HIDRATADO,SUL,9582,R$/l,1.495,0.228,0.97,2.16,0.256,0.152508361204013,1.239,0.251,0.6,1.97727,0.203
06/01/2005,ETANOL HIDRATADO,CENTRO OESTE,3632,R$/l,1.5,0.212,1.01,2.05,0.297,0.141333333333333,1.203,0.127,0.7426,1.65672,0.106
06/01/2005,ETANOL HIDRATADO,NORDESTE,7403,R$/l,1.663,0.147,1.159,2.09,0.206,0.0883944678292243,1.457,0.115,0.94444,1.89717,0.079
06/01/2005,ETANOL HIDRATADO,NORTE,1636,R$/l,1.821,0.198,1.38,2.385,0.303,0.108731466227348,1.518,0.227,0.91047,1.9749,0.15
06/01/2005,ETANOL HIDRATADO,SUDESTE,27813,R$/l,1.09,0.264,0.759,1.9,0.185,0.242201834862385,0.905,0.25,0.51232,1.6722,0.276
06/01/2005,ETANOL HIDRATADO,SUL,8266,R$/l,1.33,0.262,0.88,2.12,0.251,0.196992481203008,1.079,0.234,0.5998,1.96974,0.217
07/01/2005,ETANOL HIDRATADO,CENTRO OESTE,3493,R$/l,1.495,0.188,1.029,2.08,0.297,0.125752508361204,1.198,0.117,0.6592,1.54543,0.098
07/01/2005,ETANOL HIDRATADO,NORDESTE,6793,R$/l,1.652,0.145,1.199,2.09,0.203,0.087772397094431,1.449,0.113,0.73594,1.88247,0.078
07/01/2005,ETANOL HIDRATADO,NORTE,1542,R$/l,1.796,0.205,1.37,2.385,0.309,0.114142538975501,1.487,0.216,0.82636,1.98458,0.145
07/01/2005,ETANOL HIDRATADO,SUDESTE,26230,R$/l,1.146,0.229,0.82,1.999,0.18,0.199825479930192,0.966,0.213,0.58741,1.70175,0.22
07/01/2005,ETANOL HIDRATADO,SUL,7992,R$/l,1.385,0.223,0.889,2.089,0.268,0.16101083032491,1.117,0.231,0.59995,1.89235,0.207
08/01/2005,ETANOL HIDRATADO,CENTRO OESTE,2312,R$/l,1.492,0.194,1.03,2.05,0.314,0.130026809651475,1.178,0.139,0.7926,1.531,0.118
08/01/2005,ETANOL HIDRATADO,NORDESTE,4335,R$/l,1.656,0.135,1.42,2.09,0.21,0.0815217391304348,1.446,0.122,0.7,1.99123,0.084
08/01/2005,ETANOL HIDRATADO,NORTE,1042,R$/l,1.784,0.194,1.43,2.385,0.319,0.108744394618834,1.465,0.208,0.8167,1.98458,0.142
08/01/2005,ETANOL HIDRATADO,SUDESTE,16847,R$/l,1.163,0.228,0.799,1.999,0.184,0.196044711951849,0.979,0.203,0.575,1.70175,0.207
08/01/2005,ETANOL HIDRATADO,SUL,5161,R$/l,1.403,0.225,1.03,2.299,0.257,0.160370634354954,1.146,0.248,0.5568,1.9222,0.216
09/01/2005,ETANOL HIDRATADO,CENTRO OESTE,2269,R$/l,1.491,0.177,1.06,2.11,0.381,0.118712273641851,1.11,0.136,0.7392,1.698,0.123
09/01/2005,ETANOL HIDRATADO,NORDESTE,4926,R$/l,1.673,0.123,1.15,2.1,0.241,0.0735206216377765,1.432,0.106,0.75,1.7857,0.074
09/01/2005,ETANOL HIDRATADO,NORTE,839,R$/l,1.765,0.153,1.43,2.399,0.354,0.086685552407932,1.411,0.151,0.788,1.8895,0.107
09/01/2005,ETANOL HIDRATADO,SUDESTE,16180,R$/l,1.208,0.215,0.87,1.999,0.236,0.177980132450331,0.972,0.17,0.5055,1.5475,0.175
09/01/2005,ETANOL HIDRATADO,SUL,5342,R$/l,1.441,0.21,1.06,2.09,0.321,0.145732130464955,1.12,0.196,0.6828,1.7399,0.175
10/01/2005,ETANOL HIDRATADO,CENTRO OESTE,3572,R$/l,1.578,0.154,1.14,2.05,0.289,0.0975918884664132,1.289,0.146,0.8711,1.6936,0.113
10/01/2005,ETANOL HIDRATADO,NORDESTE,8041,R$/l,1.676,0.132,1.36,2.2,0.234,0.0787589498806683,1.442,0.094,1.1365,1.9176,0.065
10/01/2005,ETANOL HIDRATADO,NORTE,1104,R$/l,1.822,0.16,1.38,2.372,0.292,0.0878155872667398,1.53,0.161,1.1193,1.9786,0.105
10/01/2005,ETANOL HIDRATADO,SUDESTE,21296,R$/l,1.341,0.199,0.949,1.98,0.211,0.148396718866518,1.13,0.184,0.701,1.7893,0.163
10/01/2005,ETANOL HIDRATADO,SUL,6637,R$/l,1.602,0.213,1.137,2.204,0.262,0.132958801498127,1.34,0.199,0.9,1.907,0.149
11/01/2005,ETANOL HIDRATADO,CENTRO OESTE,4225,R$/l,1.625,0.131,1.29,2.06,0.235,0.0806153846153846,1.39,0.1,1.1223,1.7804,0.072
11/01/2005,ETANOL HIDRATADO,NORDESTE,8742,R$/l,1.673,0.137,1.39,2.2,0.222,0.0818888224745965,1.451,0.094,1.215,1.7563,0.065
11/01/2005,ETANOL HIDRATADO,NORTE,1768,R$/l,1.899,0.16,1.299,2.41,0.25,0.0842548709847288,1.649,0.14,1.2234,2.0666,0.085
11/01/2005,ETANOL HIDRATADO,SUDESTE,28939,R$/l,1.357,0.201,1.09,1.9,0.183,0.148120854826824,1.174,0.194,0.83,1.8419,0.165
11/01/2005,ETANOL HIDRATADO,SUL,8830,R$/l,1.611,0.224,1.19,2.29,0.201,0.139044072004966,1.41,0.203,0.9805,1.9999,0.144
12/01/2005,ETANOL HIDRATADO,CENTRO OESTE,3956,R$/l,1.702,0.164,1.339,2.17,0.271,0.0963572267920094,1.431,0.106,1.129,1.803,0.074
12/01/2005,ETANOL HIDRATADO,NORDESTE,7995,R$/l,1.67,0.136,1.399,2.2,0.198,0.081437125748503,1.472,0.086,1.2641,1.74,0.058
12/01/2005,ETANOL HIDRATADO,NORTE,1711,R$/l,1.922,0.163,1.59,2.55,0.237,0.0848074921956296,1.685,0.129,1.2291,2.02,0.077
12/01/2005,ETANOL HIDRATADO,SUDESTE,24477,R$/l,1.449,0.19,1.089,2.195,0.188,0.131124913733609,1.261,0.18,0.8204,1.8958,0.143
12/01/2005,ETANOL HIDRATADO,SUL,7684,R$/l,1.713,0.238,1.339,2.49,0.207,0.138937536485698,1.506,0.221,1.1241,2.1655,0.147
01/01/2006,ETANOL HIDRATADO,CENTRO OESTE,5164,R$/l,1.855,0.154,1.37,2.4,0.265,0.0830188679245283,1.59,0.112,1.218,1.9875,0.07
01/01/2006,ETANOL HIDRATADO,NORDESTE,10139,R$/l,1.769,0.136,1.42,2.29,0.24,0.0768795929903901,1.529,0.102,1.145,1.8272,0.067
01/01/2006,ETANOL HIDRATADO,NORTE,1939,R$/l,2.019,0.173,1.59,2.62,0.249,0.0856859831599802,1.77,0.123,1.2641,2.1782,0.069
01/01/2006,ETANOL HIDRATADO,SUDESTE,27297,R$/l,1.605,0.211,1.149,2.399,0.197,0.131464174454829,1.408,0.193,0.9898,2.0293,0.137
01/01/2006,ETANOL HIDRATADO,SUL,8458,R$/l,1.898,0.238,1.45,2.56,0.213,0.125395152792413,1.685,0.208,1.1537,2.1896,0.123
02/01/2006,ETANOL HIDRATADO,CENTRO OESTE,2907,R$/l,1.938,0.123,1.53,2.4,0.246,0.0634674922600619,1.692,0.087,1.3697,2.0202,0.051
02/01/2006,ETANOL HIDRATADO,NORDESTE,6785,R$/l,1.821,0.132,1.47,2.3,0.22,0.0724876441515651,1.601,0.097,1.145,1.954,0.061
02/01/2006,ETANOL HIDRATADO,NORTE,1593,R$/l,2.1,0.153,1.79,2.65,0.253,0.0728571428571429,1.847,0.123,1.279,2.2109,0.067
02/01/2006,ETANOL HIDRATADO,SUDESTE,20996,R$/l,1.643,0.216,1.29,2.399,0.19,0.131466828971394,1.453,0.21,1.0498,2.1277,0.145
02/01/2006,ETANOL HIDRATADO,SUL,7015,R$/l,1.916,0.238,1.45,2.599,0.204,0.124217118997912,1.712,0.218,1.2194,2.1975,0.127
03/01/2006,ETANOL HIDRATADO,CENTRO OESTE,4232,R$/l,2.195,0.155,1.66,2.59,0.299,0.0706150341685649,1.896,0.15,1.3697,2.3698,0.079
03/01/2006,ETANOL HIDRATADO,NORDESTE,8596,R$/l,1.918,0.136,1.55,2.49,0.235,0.0709071949947863,1.683,0.115,1.145,2.0923,0.068
03/01/2006,ETANOL HIDRATADO,NORTE,2270,R$/l,2.25,0.19,1.89,2.8,0.321,0.0844444444444445,1.929,0.156,1.1716,2.6921,0.081
03/01/2006,ETANOL HIDRATADO,SUDESTE,27442,R$/l,1.87,0.219,1.399,2.599,0.24,0.117112299465241,1.63,0.203,1.1744,2.3749,0.125
03/01/2006,ETANOL HIDRATADO,SUL,9449,R$/l,2.131,0.252,1.45,2.91,0.264,0.118254340685124,1.867,0.22,1.34,2.6039,0.118
04/01/2006,ETANOL HIDRATADO,CENTRO OESTE,3519,R$/l,2.283,0.103,1.98,2.59,0.259,0.0451160753394656,2.024,0.084,1.57,2.28,0.042
04/01/2006,ETANOL HIDRATADO,NORDESTE,7240,R$/l,2.007,0.138,1.65,2.95,0.229,0.0687593423019432,1.778,0.122,1.261,2.3311,0.069
04/01/2006,ETANOL HIDRATADO,NORTE,1827,R$/l,2.359,0.163,1.89,3.15,0.313,0.0690970750317931,2.046,0.194,1.371,2.9522,0.095
04/01/2006,ETANOL HIDRATADO,SUDESTE,22886,R$/l,1.843,0.27,1.29,2.879,0.21,0.146500271296799,1.633,0.272,1.099,2.4688,0.167
04/01/2006,ETANOL HIDRATADO,SUL,7922,R$/l,2.116,0.291,1.56,2.89,0.25,0.137523629489603,1.866,0.29,1.2,2.6254,0.155
05/01/2006,ETANOL HIDRATADO,CENTRO OESTE,4183,R$/l,1.969,0.257,1.29,2.59,0.219,0.130523108176739,1.75,0.244,1.2295,2.2686,0.139
05/01/2006,ETANOL HIDRATADO,NORDESTE,8699,R$/l,2.038,0.126,1.69,2.57,0.224,0.0618253189401374,1.814,0.123,1.2404,2.347,0.068
05/01/2006,ETANOL HIDRATADO,NORTE,2132,R$/l,2.329,0.17,1.813,3.15,0.312,0.072992700729927,2.017,0.207,1.3787,2.925,0.103
05/01/2006,ETANOL HIDRATADO,SUDESTE,27346,R$/l,1.585,0.346,1.089,2.6,0.216,0.218296529968454,1.369,0.369,0.97,2.3734,0.27
05/01/2006,ETANOL HIDRATADO,SUL,9547,R$/l,1.901,0.354,1.25,2.89,0.281,0.186217780115729,1.62,0.378,0.9,2.6611,0.233
06/01/2006,ETANOL HIDRATADO,CENTRO OESTE,3891,R$/l,1.753,0.22,1.3,2.58,0.269,0.125499144324016,1.484,0.165,1.1419,2.1071,0.111
06/01/2006,ETANOL HIDRATADO,NORDESTE,7507,R$/l,2.001,0.13,1.74,2.66,0.236,0.0649675162418791,1.765,0.126,1.198,2.3264,0.071
06/01/2006,ETANOL HIDRATADO,NORTE,1789,R$/l,2.216,0.195,1.73,2.8,0.333,0.0879963898916968,1.883,0.192,1.3661,2.6921,0.102
06/01/2006,ETANOL HIDRATADO,SUDESTE,24165,R$/l,1.441,0.31,1.089,2.55,0.198,0.215128383067314,1.243,0.312,0.8745,2.2636,0.251
06/01/2006,ETANOL HIDRATADO,SUL,8262,R$/l,1.689,0.304,1.18,2.84,0.264,0.179988158673771,1.425,0.298,0.8987,2.5968,0.209
07/01/2006,ETANOL HIDRATADO,CENTRO OESTE,3646,R$/l,1.751,0.189,1.27,2.45,0.284,0.107938320959452,1.467,0.146,1.1419,2.0985,0.1
07/01/2006,ETANOL HIDRATADO,NORDESTE,7981,R$/l,1.99,0.127,1.7,2.58,0.234,0.0638190954773869,1.756,0.117,1.1739,2.2298,0.067
07/01/2006,ETANOL HIDRATADO,NORTE,1887,R$/l,2.143,0.198,1.82,2.8,0.333,0.0923938404106393,1.81,0.169,1.454,2.3041,0.093
07/01/2006,ETANOL HIDRATADO,SUDESTE,24194,R$/l,1.468,0.273,1.08,2.37,0.198,0.185967302452316,1.27,0.257,0.9899,2.1918,0.202
07/01/2006,ETANOL HIDRATADO,SUL,8507,R$/l,1.691,0.274,1.19,2.752,0.272,0.162034299231224,1.419,0.259,0.8992,2.3213,0.183
08/01/2006,ETANOL HIDRATADO,CENTRO OESTE,4512,R$/l,1.732,0.183,1.29,2.42,0.274,0.105658198614319,1.458,0.153,1.1196,1.9853,0.105
08/01/2006,ETANOL HIDRATADO,NORDESTE,8734,R$/l,1.996,0.128,1.699,2.57,0.229,0.0641282565130261,1.767,0.112,1.3253,2.1024,0.063
08/01/2006,ETANOL HIDRATADO,NORTE,2103,R$/l,2.111,0.203,1.75,3.15,0.322,0.0961629559450497,1.789,0.16,1.1647,2.3121,0.089
08/01/2006,ETANOL HIDRATADO,SUDESTE,28335,R$/l,1.475,0.265,1.06,2.49,0.209,0.179661016949153,1.266,0.265,0.9342,2.28,0.209
08/01/2006,ETANOL HIDRATADO,SUL,9679,R$/l,1.697,0.264,1.24,2.8,0.254,0.155568650559811,1.443,0.258,0.8417,2.1763,0.179
09/01/2006,ETANOL HIDRATADO,CENTRO OESTE,3550,R$/l,1.69,0.199,1.26,2.42,0.301,0.117751479289941,1.389,0.161,1,1.9675,0.116
09/01/2006,ETANOL HIDRATADO,NORDESTE,7459,R$/l,1.98,0.132,1.49,2.57,0.249,0.0666666666666667,1.731,0.121,1.34,2.0641,0.07
09/01/2006,ETANOL HIDRATADO,NORTE,1775,R$/l,2.092,0.205,1.19,2.8,0.358,0.0979923518164436,1.734,0.167,1.337,2.3,0.096
09/01/2006,ETANOL HIDRATADO,SUDESTE,23357,R$/l,1.409,0.291,0.979,2.35,0.236,0.20652945351313,1.173,0.291,0.885,1.9708,0.248
09/01/2006,ETANOL HIDRATADO,SUL,8147,R$/l,1.632,0.264,1.175,2.599,0.265,0.161764705882353,1.367,0.255,0.8297,2.0334,0.187
10/01/2006,ETANOL HIDRATADO,CENTRO OESTE,3322,R$/l,1.633,0.219,1.17,2.1,0.305,0.13410900183711,1.328,0.164,0.9798,1.7202,0.123
10/01/2006,ETANOL HIDRATADO,NORDESTE,7531,R$/l,1.881,0.177,1.45,2.49,0.277,0.0940988835725678,1.604,0.14,1.1411,2.0641,0.087
10/01/2006,ETANOL HIDRATADO,NORTE,1750,R$/l,2.057,0.218,1.699,2.8,0.361,0.105979581915411,1.696,0.177,1.2752,2.2865,0.104
10/01/2006,ETANOL HIDRATADO,SUDESTE,23269,R$/l,1.355,0.298,0.979,2.31,0.225,0.219926199261993,1.13,0.281,0.85,1.9702,0.249
10/01/2006,ETANOL HIDRATADO,SUL,8249,R$/l,1.617,0.221,1.15,2.599,0.298,0.136672850958565,1.319,0.232,0.7997,2.0282,0.176
11/01/2006,ETANOL HIDRATADO,CENTRO OESTE,3436,R$/l,1.68,0.184,1.179,2.05,0.34,0.10952380952381,1.34,0.135,0.975,1.9269,0.101
11/01/2006,ETANOL HIDRATADO,NORDESTE,6944,R$/l,1.782,0.2,1.37,2.49,0.279,0.112233445566779,1.503,0.119,1.121,2.0023,0.079
11/01/2006,ETANOL HIDRATADO,NORTE,1544,R$/l,2,0.218,1.67,2.89,0.35,0.109,1.65,0.174,1.165,2.22,0.105
11/01/2006,ETANOL HIDRATADO,SUDESTE,23662,R$/l,1.335,0.291,0.99,2.31,0.211,0.217977528089888,1.124,0.267,0.8799,2.1642,0.238
11/01/2006,ETANOL HIDRATADO,SUL,8288,R$/l,1.608,0.216,1.08,2.498,0.293,0.134328358208955,1.315,0.22,0.7997,2.096,0.167
12/01/2006,ETANOL HIDRATADO,CENTRO OESTE,3030,R$/l,1.675,0.164,1.29,2.04,0.322,0.097910447761194,1.353,0.118,1.08,1.8305,0.087
12/01/2006,ETANOL HIDRATADO,NORDESTE,6552,R$/l,1.745,0.198,1.39,2.45,0.27,0.113467048710602,1.475,0.096,1.186,1.9823,0.065
12/01/2006,ETANOL HIDRATADO,NORTE,1484,R$/l,1.97,0.217,1.67,2.8,0.328,0.110152284263959,1.642,0.165,1.25,2.2352,0.1
12/01/2006,ETANOL HIDRATADO,SUDESTE,21258,R$/l,1.343,0.277,0.999,2.31,0.209,0.206254653760238,1.134,0.25,0.868,1.97,0.22
12/01/2006,ETANOL HIDRATADO,SUL,7543,R$/l,1.598,0.207,1.07,2.498,0.293,0.129536921151439,1.305,0.212,0.8799,2.096,0.162
01/01/2007,ETANOL HIDRATADO,CENTRO OESTE,3860,R$/l,1.697,0.163,1.34,2.2,0.277,0.0960518562168533,1.42,0.113,1.14,1.8305,0.08
01/01/2007,ETANOL HIDRATADO,NORDESTE,8756,R$/l,1.736,0.184,1.39,2.45,0.255,0.105990783410138,1.481,0.097,1.1443,1.8509,0.065
01/01/2007,ETANOL HIDRATADO,NORTE,1945,R$/l,1.982,0.214,1.67,2.8,0.313,0.107971745711403,1.669,0.163,1.2599,2.3049,0.098
01/01/2007,ETANOL HIDRATADO,SUDESTE,28415,R$/l,1.474,0.226,1.09,2.31,0.222,0.153324287652646,1.252,0.219,0.9064,2.1273,0.175
01/01/2007,ETANOL HIDRATADO,SUL,10071,R$/l,1.639,0.19,1.159,2.349,0.253,0.115924344112264,1.386,0.196,0.8992,2.0497,0.141
02/01/2007,ETANOL HIDRATADO,CENTRO OESTE,3138,R$/l,1.705,0.16,1.32,2.2,0.275,0.093841642228739,1.43,0.113,1.14,1.7632,0.079
02/01/2007,ETANOL HIDRATADO,NORDESTE,7550,R$/l,1.738,0.175,1.29,2.45,0.232,0.100690448791715,1.506,0.104,1.1455,1.9552,0.069
02/01/2007,ETANOL HIDRATADO,NORTE,1714,R$/l,2,0.2,1.67,2.8,0.289,0.1,1.711,0.157,1.25,2.3049,0.092
02/01/2007,ETANOL HIDRATADO,SUDESTE,25048,R$/l,1.472,0.234,1.14,2.26,0.229,0.158967391304348,1.243,0.239,0.82,1.901,0.192
02/01/2007,ETANOL HIDRATADO,SUL,8836,R$/l,1.648,0.191,1.129,2.349,0.269,0.115898058252427,1.379,0.199,0.83,1.9884,0.144
03/01/2007,ETANOL HIDRATADO,CENTRO OESTE,3130,R$/l,1.681,0.161,1.379,2.2,0.254,0.0957763236168947,1.427,0.114,1.138,1.7077,0.08
03/01/2007,ETANOL HIDRATADO,NORDESTE,7576,R$/l,1.74,0.173,1.38,2.45,0.227,0.0994252873563218,1.513,0.108,1.1408,1.966,0.071
03/01/2007,ETANOL HIDRATADO,NORTE,1679,R$/l,1.997,0.195,1.67,2.8,0.294,0.0976464697045568,1.703,0.166,1.25,2.3055,0.097
03/01/2007,ETANOL HIDRATADO,SUDESTE,24999,R$/l,1.47,0.235,1.099,2.26,0.229,0.159863945578231,1.241,0.231,0.97,1.9202,0.186
03/01/2007,ETANOL HIDRATADO,SUL,8830,R$/l,1.635,0.185,1.137,2.349,0.243,0.113149847094801,1.392,0.177,0.98,2.0866,0.127
04/01/2007,ETANOL HIDRATADO,CENTRO OESTE,3131,R$/l,1.778,0.138,1.39,2.3,0.243,0.077615298087739,1.535,0.114,1.22,2.0955,0.074
04/01/2007,ETANOL HIDRATADO,NORDESTE,7600,R$/l,1.759,0.169,1.42,2.45,0.22,0.0960773166571916,1.539,0.111,1.1548,1.9495,0.072
04/01/2007,ETANOL HIDRATADO,NORTE,1626,R$/l,2.012,0.18,1.49,2.78,0.287,0.0894632206759443,1.725,0.164,1.3404,2.311,0.095
04/01/2007,ETANOL HIDRATADO,SUDESTE,24905,R$/l,1.557,0.22,1.159,2.29,0.208,0.141297366730893,1.349,0.206,1.1185,1.907,0.153
04/01/2007,ETANOL HIDRATADO,SUL,8740,R$/l,1.764,0.178,1.279,2.589,0.231,0.100907029478458,1.533,0.162,1.1194,2.1352,0.106
05/01/2007,ETANOL HIDRATADO,CENTRO OESTE,3882,R$/l,1.772,0.202,1.23,2.25,0.272,0.113995485327314,1.5,0.175,0.8276,1.876,0.117
05/01/2007,ETANOL HIDRATADO,NORDESTE,9394,R$/l,1.787,0.159,1.459,2.45,0.213,0.0889759373251259,1.574,0.113,1.209,1.9959,0.072
05/01/2007,ETANOL HIDRATADO,NORTE,2097,R$/l,2.03,0.182,1.75,2.78,0.269,0.0896551724137931,1.761,0.177,1.1,2.311,0.101
05/01/2007,ETANOL HIDRATADO,SUDESTE,30936,R$/l,1.56,0.235,1.09,2.289,0.258,0.150641025641026,1.302,0.265,0.74,2.049,0.204
05/01/2007,ETANOL HIDRATADO,SUL,10851,R$/l,1.721,0.214,1.19,2.39,0.251,0.124346310284718,1.47,0.224,0.7997,2.162,0.152
06/01/2007,ETANOL HIDRATADO,CENTRO OESTE,3115,R$/l,1.574,0.228,1.03,2.2,0.347,0.144853875476493,1.227,0.182,0.85,1.7433,0.148
06/01/2007,ETANOL HIDRATADO,NORDESTE,7583,R$/l,1.768,0.154,1.4,2.45,0.24,0.08710407239819,1.528,0.129,1.0348,1.9959,0.084
06/01/2007,ETANOL HIDRATADO,NORTE,1683,R$/l,1.97,0.215,1.539,2.78,0.311,0.109137055837563,1.659,0.236,1.1,2.3141,0.142
06/01/2007,ETANOL HIDRATADO,SUDESTE,24750,R$/l,1.395,0.264,0.85,2.26,0.333,0.189247311827957,1.062,0.305,0.6891,1.9511,0.287
06/01/2007,ETANOL HIDRATADO,SUL,8669,R$/l,1.527,0.247,0.959,2.39,0.294,0.161755075311067,1.233,0.24,0.7,1.953,0.195
07/01/2007,ETANOL HIDRATADO,CENTRO OESTE,3595,R$/l,1.429,0.193,1.03,2.04,0.286,0.135059482155353,1.143,0.139,0.83,1.6844,0.122
07/01/2007,ETANOL HIDRATADO,NORDESTE,9128,R$/l,1.733,0.159,1.35,2.45,0.264,0.0917484131563762,1.469,0.128,1.09,1.9901,0.087
07/01/2007,ETANOL HIDRATADO,NORTE,1947,R$/l,1.843,0.252,1.45,2.78,0.309,0.136733586543679,1.534,0.231,0.6976,2.3141,0.151
07/01/2007,ETANOL HIDRATADO,SUDESTE,29133,R$/l,1.273,0.274,0.85,2.26,0.296,0.215239591516104,0.977,0.267,0.685,1.8706,0.273
07/01/2007,ETANOL HIDRATADO,SUL,10268,R$/l,1.441,0.217,0.859,2.349,0.319,0.15058986814712,1.122,0.189,0.6993,1.8929,0.168
08/01/2007,ETANOL HIDRATADO,CENTRO OESTE,2869,R$/l,1.386,0.204,0.99,1.9,0.278,0.147186147186147,1.108,0.125,0.8092,1.5258,0.113
08/01/2007,ETANOL HIDRATADO,NORDESTE,6626,R$/l,1.707,0.164,1.269,2.45,0.269,0.096074985354423,1.438,0.13,0.9467,1.9901,0.09
08/01/2007,ETANOL HIDRATADO,NORTE,1565,R$/l,1.785,0.275,1.37,2.8,0.334,0.15406162464986,1.451,0.224,0.9356,2.0498,0.154
08/01/2007,ETANOL HIDRATADO,SUDESTE,20709,R$/l,1.217,0.282,0.85,2.14,0.261,0.231717337715694,0.956,0.252,0.6899,1.85,0.264
08/01/2007,ETANOL HIDRATADO,SUL,7199,R$/l,1.422,0.193,0.869,2.28,0.313,0.135724331926864,1.109,0.17,0.6993,1.8929,0.153
09/01/2007,ETANOL HIDRATADO,CENTRO OESTE,2430,R$/l,1.381,0.196,0.98,1.9,0.279,0.141926140477915,1.102,0.132,0.8241,1.4627,0.12
09/01/2007,ETANOL HIDRATADO,NORDESTE,5741,R$/l,1.684,0.168,1.199,2.45,0.275,0.0997624703087886,1.409,0.127,0.9379,1.8069,0.09
09/01/2007,ETANOL HIDRATADO,NORTE,1292,R$/l,1.754,0.297,1.34,2.8,0.338,0.169327251995439,1.416,0.228,0.8168,2.0316,0.161
09/01/2007,ETANOL HIDRATADO,SUDESTE,17029,R$/l,1.187,0.282,0.829,2.14,0.25,0.237573715248526,0.937,0.237,0.618,1.6861,0.253
09/01/2007,ETANOL HIDRATADO,SUL,5923,R$/l,1.4,0.182,0.87,2.04,0.304,0.13,1.096,0.166,0.6983,1.7603,0.151
10/01/2007,ETANOL HIDRATADO,CENTRO OESTE,3069,R$/l,1.429,0.151,0.98,1.9,0.319,0.105668299510147,1.11,0.126,0.8412,1.552,0.114
10/01/2007,ETANOL HIDRATADO,NORDESTE,7255,R$/l,1.651,0.179,1.15,2.45,0.277,0.108419139915203,1.374,0.122,0.9467,1.8692,0.089
10/01/2007,ETANOL HIDRATADO,NORTE,1617,R$/l,1.734,0.297,1.28,2.89,0.34,0.171280276816609,1.394,0.237,0.8483,2.0316,0.17
10/01/2007,ETANOL HIDRATADO,SUDESTE,21351,R$/l,1.17,0.274,0.84,2.14,0.244,0.234188034188034,0.926,0.224,0.685,1.6657,0.242
10/01/2007,ETANOL HIDRATADO,SUL,7466,R$/l,1.393,0.18,0.85,2.06,0.304,0.12921751615219,1.089,0.161,0.7,1.7341,0.148
11/01/2007,ETANOL HIDRATADO,CENTRO OESTE,2450,R$/l,1.557,0.157,1.1,1.98,0.326,0.100834938985228,1.231,0.129,0.8905,1.5711,0.105
11/01/2007,ETANOL HIDRATADO,NORDESTE,5789,R$/l,1.633,0.177,1.25,2.45,0.286,0.108389467238212,1.347,0.109,0.9378,1.8219,0.081
11/01/2007,ETANOL HIDRATADO,NORTE,1321,R$/l,1.757,0.281,1.28,2.8,0.318,0.159931701764371,1.439,0.219,0.9825,2.1125,0.152
11/01/2007,ETANOL HIDRATADO,SUDESTE,17002,R$/l,1.274,0.237,0.87,2.14,0.23,0.186028257456829,1.044,0.194,0.7531,1.6689,0.186
11/01/2007,ETANOL HIDRATADO,SUL,5972,R$/l,1.469,0.179,1.04,2.13,0.286,0.121851599727706,1.183,0.163,0.7528,1.8047,0.138
12/01/2007,ETANOL HIDRATADO,CENTRO OESTE,2813,R$/l,1.732,0.168,1.22,1.963,0.353,0.0969976905311778,1.379,0.116,0.92,1.652,0.084
12/01/2007,ETANOL HIDRATADO,NORDESTE,6506,R$/l,1.682,0.157,1.3,2.45,0.264,0.0933412604042806,1.418,0.108,0.9467,1.827,0.076
12/01/2007,ETANOL HIDRATADO,NORTE,1442,R$/l,1.863,0.244,1.31,2.78,0.304,0.130971551261406,1.559,0.207,1.0973,2.1125,0.133
12/01/2007,ETANOL HIDRATADO,SUDESTE,18601,R$/l,1.375,0.213,1.059,2.14,0.236,0.154909090909091,1.139,0.196,0.6737,1.74,0.172
12/01/2007,ETANOL HIDRATADO,SUL,6246,R$/l,1.591,0.182,1.15,2.138,0.288,0.114393463230673,1.303,0.181,0.75,1.8465,0.139
01/01/2008,ETANOL HIDRATADO,CENTRO OESTE,2665,R$/l,1.728,0.142,1.29,1.98,0.329,0.0821759259259259,1.399,0.101,1.05,1.6276,0.072
01/01/2008,ETANOL HIDRATADO,NORDESTE,6612,R$/l,1.697,0.161,1.359,2.45,0.245,0.0948733058338244,1.452,0.103,0.9467,1.8341,0.071
01/01/2008,ETANOL HIDRATADO,NORTE,1615,R$/l,1.897,0.219,1.499,2.78,0.277,0.115445440168687,1.62,0.199,1.1961,2.2606,0.123
01/01/2008,ETANOL HIDRATADO,SUDESTE,19696,R$/l,1.37,0.221,0.989,2.14,0.246,0.161313868613139,1.124,0.21,0.8392,1.7493,0.187
01/01/2008,ETANOL HIDRATADO,SUL,7224,R$/l,1.587,0.177,1.18,2.138,0.282,0.111531190926276,1.305,0.171,0.8599,1.9528,0.131
02/01/2008,ETANOL HIDRATADO,CENTRO OESTE,2424,R$/l,1.696,0.138,1.38,1.98,0.328,0.0813679245283019,1.368,0.111,1.0236,1.652,0.081
02/01/2008,ETANOL HIDRATADO,NORDESTE,5836,R$/l,1.682,0.172,1.27,2.45,0.248,0.102259215219976,1.434,0.109,1.1006,1.8016,0.076
02/01/2008,ETANOL HIDRATADO,NORTE,1375,R$/l,1.903,0.222,1.6,2.78,0.287,0.116657908565423,1.616,0.199,1.265,2.2606,0.123
02/01/2008,ETANOL HIDRATADO,SUDESTE,17036,R$/l,1.333,0.235,0.949,2.14,0.252,0.17629407351838,1.081,0.216,0.7993,1.7047,0.2
02/01/2008,ETANOL HIDRATADO,SUL,6017,R$/l,1.496,0.216,1.03,2.138,0.265,0.144385026737968,1.231,0.186,0.8,1.9528,0.151
03/01/2008,ETANOL HIDRATADO,CENTRO OESTE,2437,R$/l,1.653,0.136,1.259,1.9,0.274,0.0822746521476104,1.379,0.1,1.09,1.6613,0.073
03/01/2008,ETANOL HIDRATADO,NORDESTE,5848,R$/l,1.663,0.18,1.239,2.45,0.238,0.10823812387252,1.425,0.118,1.0905,2.183,0.083
03/01/2008,ETANOL HIDRATADO,NORTE,1393,R$/l,1.906,0.213,1.499,2.78,0.282,0.111752360965373,1.624,0.194,1.1624,2.2606,0.119
03/01/2008,ETANOL HIDRATADO,SUDESTE,17071,R$/l,1.356,0.224,0.979,2.14,0.233,0.165191740412979,1.123,0.201,0.8899,1.725,0.179
03/01/2008,ETANOL HIDRATADO,SUL,6008,R$/l,1.544,0.188,1.077,2.02,0.276,0.121761658031088,1.268,0.174,0.89,1.7792,0.137
04/01/2008,ETANOL HIDRATADO,CENTRO OESTE,3040,R$/l,1.659,0.184,1.21,1.95,0.284,0.110910186859554,1.375,0.123,1.03,1.7491,0.089
04/01/2008,ETANOL HIDRATADO,NORDESTE,7353,R$/l,1.685,0.157,1.289,2.45,0.239,0.0931750741839763,1.446,0.112,1.0423,1.8512,0.077
04/01/2008,ETANOL HIDRATADO,NORTE,1770,R$/l,1.902,0.216,1.489,2.78,0.265,0.113564668769716,1.637,0.188,1.2035,2.2606,0.115
04/01/2008,ETANOL HIDRATADO,SUDESTE,21396,R$/l,1.353,0.225,1.01,2.14,0.232,0.16629711751663,1.121,0.211,0.83,1.738,0.188
04/01/2008,ETANOL HIDRATADO,SUL,7533,R$/l,1.535,0.193,1.08,1.999,0.256,0.125732899022801,1.279,0.178,0.8403,1.7234,0.139
05/01/2008,ETANOL HIDRATADO,CENTRO OESTE,2469,R$/l,1.669,0.19,1.21,1.979,0.3,0.113840623127621,1.369,0.139,1.02,1.6883,0.102
05/01/2008,ETANOL HIDRATADO,NORDESTE,5978,R$/l,1.711,0.141,1.239,2.45,0.238,0.0824079485680888,1.473,0.101,0.85,1.9847,0.069
05/01/2008,ETANOL HIDRATADO,NORTE,1463,R$/l,1.901,0.22,1.489,2.8,0.293,0.11572856391373,1.608,0.195,1.21,2.2606,0.121
05/01/2008,ETANOL HIDRATADO,SUDESTE,17168,R$/l,1.359,0.227,0.979,2.19,0.244,0.167034584253127,1.115,0.217,0.8046,1.7091,0.195
05/01/2008,ETANOL HIDRATADO,SUL,6014,R$/l,1.519,0.202,1.07,2.199,0.246,0.132982225148124,1.273,0.18,0.8,1.7419,0.141
06/01/2008,ETANOL HIDRATADO,CENTRO OESTE,2521,R$/l,1.633,0.236,1.05,1.92,0.341,0.144519289650949,1.292,0.163,0.9,1.723,0.126
06/01/2008,ETANOL HIDRATADO,NORDESTE,6029,R$/l,1.739,0.125,1.43,2.45,0.243,0.0718803910293272,1.496,0.102,1.0659,1.9427,0.068
06/01/2008,ETANOL HIDRATADO,NORTE,1526,R$/l,1.891,0.223,1.489,2.78,0.296,0.117927022739291,1.595,0.225,1.0652,2.2606,0.141
06/01/2008,ETANOL HIDRATADO,SUDESTE,17174,R$/l,1.329,0.24,0.889,2.14,0.274,0.18058690744921,1.055,0.232,0.7599,1.7293,0.22
06/01/2008,ETANOL HIDRATADO,SUL,6030,R$/l,1.488,0.221,0.98,2.229,0.277,0.148521505376344,1.211,0.197,0.7591,1.7419,0.163
07/01/2008,ETANOL HIDRATADO,CENTRO OESTE,3154,R$/l,1.623,0.242,1.02,1.939,0.327,0.149106592729513,1.296,0.168,0.8827,1.6745,0.13
07/01/2008,ETANOL HIDRATADO,NORDESTE,7540,R$/l,1.836,0.123,1.49,2.5,0.244,0.0669934640522876,1.592,0.122,1.1196,2.1762,0.077
07/01/2008,ETANOL HIDRATADO,NORTE,1884,R$/l,1.899,0.228,1.489,2.78,0.306,0.120063191153239,1.593,0.234,1.0031,2.4043,0.147
07/01/2008,ETANOL HIDRATADO,SUDESTE,21506,R$/l,1.328,0.237,0.96,2.14,0.238,0.178463855421687,1.09,0.214,0.8498,1.7827,0.196
07/01/2008,ETANOL HIDRATADO,SUL,7529,R$/l,1.512,0.21,1.05,2.145,0.256,0.138888888888889,1.256,0.185,0.85,1.8607,0.147
08/01/2008,ETANOL HIDRATADO,CENTRO OESTE,2525,R$/l,1.63,0.241,0.98,1.949,0.328,0.147852760736196,1.302,0.183,0.88,1.6653,0.141
08/01/2008,ETANOL HIDRATADO,NORDESTE,5998,R$/l,1.884,0.128,1.49,2.45,0.23,0.0679405520169851,1.654,0.131,1.0586,1.9344,0.079
08/01/2008,ETANOL HIDRATADO,NORTE,1525,R$/l,1.907,0.225,1.49,2.78,0.286,0.117986366019927,1.621,0.234,1.078,2.3315,0.144
08/01/2008,ETANOL HIDRATADO,SUDESTE,17157,R$/l,1.335,0.237,0.929,2.14,0.237,0.17752808988764,1.098,0.22,0.825,1.7347,0.2
08/01/2008,ETANOL HIDRATADO,SUL,6032,R$/l,1.495,0.217,1.06,2.145,0.251,0.145150501672241,1.244,0.195,0.825,1.8607,0.157
09/01/2008,ETANOL HIDRATADO,CENTRO OESTE,2545,R$/l,1.619,0.169,1.07,1.99,0.326,0.104385423100679,1.293,0.175,0.882,1.9272,0.135
09/01/2008,ETANOL HIDRATADO,NORDESTE,6028,R$/l,1.876,0.134,1.36,2.45,0.232,0.0714285714285714,1.644,0.129,1.1163,2.0694,0.078
09/01/2008,ETANOL HIDRATADO,NORTE,1566,R$/l,1.904,0.232,1.496,2.78,0.292,0.121848739495798,1.612,0.241,1.0171,2.3315,0.15
09/01/2008,ETANOL HIDRATADO,SUDESTE,17225,R$/l,1.359,0.228,0.99,2.14,0.235,0.167770419426049,1.124,0.211,0.8796,1.7,0.188
09/01/2008,ETANOL HIDRATADO,SUL,6050,R$/l,1.53,0.193,1.1,2.145,0.251,0.126143790849673,1.279,0.181,0.8799,1.7673,0.142
10/01/2008,ETANOL HIDRATADO,CENTRO OESTE,3160,R$/l,1.646,0.152,1.23,1.98,0.345,0.0923450789793439,1.301,0.17,0.925,1.7317,0.131
10/01/2008,ETANOL HIDRATADO,NORDESTE,7567,R$/l,1.833,0.145,1.359,2.74,0.261,0.0791052918712493,1.572,0.121,1.1163,1.9878,0.077
10/01/2008,ETANOL HIDRATADO,NORTE,1920,R$/l,1.896,0.232,1.489,2.85,0.285,0.122362869198312,1.611,0.232,1.0065,2.3979,0.144
10/01/2008,ETANOL HIDRATADO,SUDESTE,21555,R$/l,1.387,0.214,1,2.14,0.236,0.154289834174477,1.151,0.203,0.7899,1.73,0.176
10/01/2008,ETANOL HIDRATADO,SUL,7605,R$/l,1.552,0.179,1.13,2.138,0.237,0.115335051546392,1.315,0.183,0.85,1.8823,0.139
11/01/2008,ETANOL HIDRATADO,CENTRO OESTE,2542,R$/l,1.683,0.215,1.04,1.959,0.38,0.12774806892454,1.303,0.178,0.85,1.7223,0.137
11/01/2008,ETANOL HIDRATADO,NORDESTE,6046,R$/l,1.779,0.168,1.36,2.45,0.277,0.0944350758853289,1.502,0.12,1.1196,1.9874,0.08
11/01/2008,ETANOL HIDRATADO,NORTE,1536,R$/l,1.89,0.231,1.499,2.85,0.298,0.122222222222222,1.592,0.236,0.9608,2.3979,0.148
11/01/2008,ETANOL HIDRATADO,SUDESTE,17241,R$/l,1.394,0.21,1.06,2.14,0.269,0.1506456241033,1.125,0.211,0.8349,1.7932,0.188
11/01/2008,ETANOL HIDRATADO,SUL,6040,R$/l,1.565,0.176,1.19,2.059,0.278,0.112460063897764,1.287,0.177,0.7969,1.8047,0.138
12/01/2008,ETANOL HIDRATADO,CENTRO OESTE,3149,R$/l,1.692,0.203,1.05,2.024,0.366,0.119976359338061,1.326,0.165,0.9,1.7434,0.124
12/01/2008,ETANOL HIDRATADO,NORDESTE,7583,R$/l,1.75,0.171,1.35,2.45,0.305,0.0977142857142857,1.445,0.112,1.0406,1.9952,0.078
12/01/2008,ETANOL HIDRATADO,NORTE,1957,R$/l,1.901,0.222,1.499,2.85,0.316,0.116780641767491,1.585,0.212,1.175,2.3979,0.134
12/01/2008,ETANOL HIDRATADO,SUDESTE,21577,R$/l,1.393,0.213,1.05,2.14,0.251,0.152907394113424,1.142,0.203,0.7107,1.7932,0.178
12/01/2008,ETANOL HIDRATADO,SUL,7608,R$/l,1.567,0.179,1.19,2.1,0.261,0.114231014677728,1.306,0.187,0.82,1.8887,0.143
01/01/2009,ETANOL HIDRATADO,CENTRO OESTE,2527,R$/l,1.712,0.161,1.25,1.959,0.337,0.0940420560747664,1.375,0.13,0.97,1.8073,0.095
01/01/2009,ETANOL HIDRATADO,NORDESTE,6083,R$/l,1.721,0.175,1.33,2.45,0.297,0.101685066821615,1.424,0.101,1.1196,1.8974,0.071
01/01/2009,ETANOL HIDRATADO,NORTE,1533,R$/l,1.903,0.212,1.499,2.85,0.303,0.111403047819233,1.6,0.177,1.0421,2.3448,0.111
01/01/2009,ETANOL HIDRATADO,SUDESTE,17210,R$/l,1.392,0.214,1.05,2.14,0.236,0.153735632183908,1.156,0.199,0.7111,1.7,0.172
01/01/2009,ETANOL HIDRATADO,SUL,6083,R$/l,1.575,0.173,1.19,2.1,0.254,0.10984126984127,1.321,0.179,0.8399,1.9,0.136
02/01/2009,ETANOL HIDRATADO,CENTRO OESTE,2510,R$/l,1.718,0.146,1.35,1.959,0.302,0.0849825378346915,1.416,0.12,0.93,1.8219,0.085
02/01/2009,ETANOL HIDRATADO,NORDESTE,6110,R$/l,1.752,0.144,1.339,2.45,0.267,0.0821917808219178,1.485,0.105,1.0905,1.873,0.071
02/01/2009,ETANOL HIDRATADO,NORTE,1558,R$/l,1.913,0.206,1.584,2.85,0.286,0.10768426555149,1.627,0.156,1.2357,2.0328,0.096
02/01/2009,ETANOL HIDRATADO,SUDESTE,17234,R$/l,1.418,0.203,1.129,2.14,0.23,0.143159379407616,1.188,0.196,0.86,1.7905,0.165
02/01/2009,ETANOL HIDRATADO,SUL,6093,R$/l,1.588,0.171,1.23,2.12,0.237,0.107682619647355,1.351,0.184,0.897,1.8609,0.136
03/01/2009,ETANOL HIDRATADO,CENTRO OESTE,2921,R$/l,1.716,0.144,1.35,1.977,0.321,0.0839160839160839,1.395,0.114,1.0574,1.797,0.082
03/01/2009,ETANOL HIDRATADO,NORDESTE,7106,R$/l,1.755,0.138,1.43,2.75,0.248,0.0786324786324786,1.507,0.105,1.0131,2,0.07
03/01/2009,ETANOL HIDRATADO,NORTE,1856,R$/l,1.918,0.208,1.58,2.85,0.286,0.10844629822732,1.632,0.182,1.0636,2.3215,0.112
03/01/2009,ETANOL HIDRATADO,SUDESTE,20356,R$/l,1.392,0.22,0.949,2.139,0.268,0.158045977011494,1.124,0.23,0.755,1.7721,0.205
03/01/2009,ETANOL HIDRATADO,SUL,7131,R$/l,1.564,0.185,1.17,2.12,0.277,0.118286445012788,1.287,0.202,0.7196,1.8601,0.157
04/01/2009,ETANOL HIDRATADO,CENTRO OESTE,2716,R$/l,1.698,0.143,1.29,1.959,0.346,0.0842167255594817,1.352,0.102,1.07,1.6638,0.075
04/01/2009,ETANOL HIDRATADO,NORDESTE,6676,R$/l,1.707,0.165,1.299,2.45,0.251,0.0966608084358524,1.456,0.116,1.0901,1.933,0.08
04/01/2009,ETANOL HIDRATADO,NORTE,1690,R$/l,1.901,0.212,1.48,2.85,0.302,0.111520252498685,1.599,0.195,0.9227,2.3215,0.122
04/01/2009,ETANOL HIDRATADO,SUDESTE,18476,R$/l,1.333,0.242,0.879,2.599,0.303,0.181545386346587,1.03,0.241,0.72,1.7189,0.234
04/01/2009,ETANOL HIDRATADO,SUL,6651,R$/l,1.516,0.188,0.999,2.069,0.326,0.12401055408971,1.19,0.191,0.68,1.8258,0.161
05/01/2009,ETANOL HIDRATADO,CENTRO OESTE,2527,R$/l,1.655,0.177,1.13,1.959,0.355,0.106948640483384,1.3,0.14,0.9474,1.6576,0.108
05/01/2009,ETANOL HIDRATADO,NORDESTE,6187,R$/l,1.681,0.184,1.249,2.45,0.234,0.109458655562165,1.447,0.128,1.0557,1.971,0.088
05/01/2009,ETANOL HIDRATADO,NORTE,1580,R$/l,1.885,0.219,1.48,2.85,0.305,0.116180371352785,1.58,0.198,1.1099,2.3905,0.125
05/01/2009,ETANOL HIDRATADO,SUDESTE,17248,R$/l,1.299,0.254,0.85,2.139,0.298,0.195535026943803,1.001,0.238,0.7099,1.6999,0.238
05/01/2009,ETANOL HIDRATADO,SUL,6119,R$/l,1.463,0.203,0.99,2.05,0.303,0.138755980861244,1.16,0.184,0.6693,1.75,0.159
06/01/2009,ETANOL HIDRATADO,CENTRO OESTE,2959,R$/l,1.584,0.207,1.05,1.959,0.362,0.130681818181818,1.222,0.161,0.81,1.6286,0.132
06/01/2009,ETANOL HIDRATADO,NORDESTE,7042,R$/l,1.7,0.156,1.289,2.55,0.249,0.0917647058823529,1.451,0.129,1.05,1.9801,0.089
06/01/2009,ETANOL HIDRATADO,NORTE,1863,R$/l,1.869,0.221,1.48,2.85,0.317,0.11824505082932,1.552,0.211,1.0875,2.3905,0.136
06/01/2009,ETANOL HIDRATADO,SUDESTE,19891,R$/l,1.241,0.27,0.829,2.1,0.27,0.217566478646253,0.971,0.234,0.6898,1.6999,0.241
06/01/2009,ETANOL HIDRATADO,SUL,6979,R$/l,1.441,0.197,0.95,2.05,0.314,0.136710617626648,1.127,0.177,0.68,1.75,0.157
07/01/2009,ETANOL HIDRATADO,CENTRO OESTE,2726,R$/l,1.579,0.206,1.01,1.96,0.361,0.130462317922736,1.218,0.169,0.85,1.6109,0.139
07/01/2009,ETANOL HIDRATADO,NORDESTE,6913,R$/l,1.715,0.142,1.33,2.45,0.237,0.082798833819242,1.478,0.138,1.0544,1.99,0.093
07/01/2009,ETANOL HIDRATADO,NORTE,1743,R$/l,1.85,0.229,1.42,2.85,0.317,0.123783783783784,1.533,0.208,0.9612,2.3889,0.136
07/01/2009,ETANOL HIDRATADO,SUDESTE,18877,R$/l,1.28,0.248,0.869,1.999,0.241,0.19375,1.039,0.216,0.7,1.9447,0.208
07/01/2009,ETANOL HIDRATADO,SUL,6783,R$/l,1.481,0.169,1.139,2.135,0.268,0.114112086428089,1.213,0.169,0.6993,1.6768,0.139
08/01/2009,ETANOL HIDRATADO,CENTRO OESTE,1370,R$/l,1.588,0.201,1.09,1.96,0.306,0.126574307304786,1.282,0.173,0.8886,1.6786,0.135
08/01/2009,ETANOL HIDRATADO,NORDESTE,3340,R$/l,1.732,0.132,1.388,2.45,0.228,0.0762124711316397,1.504,0.128,1.0601,1.9801,0.085
08/01/2009,ETANOL HIDRATADO,NORTE,884,R$/l,1.841,0.226,1.48,2.85,0.316,0.122759369907659,1.525,0.2,0.94,2.3889,0.131
08/01/2009,ETANOL HIDRATADO,SUDESTE,8912,R$/l,1.314,0.232,0.92,2.1,0.238,0.176560121765601,1.076,0.208,0.7823,1.8201,0.193
08/01/2009,ETANOL HIDRATADO,SUL,3125,R$/l,1.493,0.182,1,2.05,0.249,0.121902210314802,1.244,0.181,0.6993,1.6768,0.145
09/01/2009,ETANOL HIDRATADO,CENTRO OESTE,1441,R$/l,1.593,0.2,1.1,1.959,0.305,0.125549278091651,1.288,0.185,0.8953,1.9475,0.144
09/01/2009,ETANOL HIDRATADO,NORDESTE,3713,R$/l,1.729,0.12,1.299,2.62,0.233,0.0694042799305957,1.496,0.089,1.0047,1.8562,0.059
09/01/2009,ETANOL HIDRATADO,NORTE,1061,R$/l,1.822,0.192,1.05,2.85,0.275,0.105378704720088,1.547,0.217,0.856,2.3873,0.14
09/01/2009,ETANOL HIDRATADO,SUDESTE,9274,R$/l,1.378,0.192,0.99,2.259,0.222,0.13933236574746,1.156,0.174,0.7699,1.7579,0.151
09/01/2009,ETANOL HIDRATADO,SUL,2432,R$/l,1.516,0.164,1.17,1.999,0.231,0.108179419525066,1.285,0.182,0.75,1.8471,0.142
10/01/2009,ETANOL HIDRATADO,CENTRO OESTE,2360,R$/l,1.681,0.199,1.2,2.25,0.311,0.118381915526472,1.37,0.171,0.9022,1.8941,0.125
10/01/2009,ETANOL HIDRATADO,NORDESTE,5567,R$/l,1.798,0.124,1.099,2.85,0.225,0.0689655172413793,1.573,0.104,1.0454,2.0009,0.066
10/01/2009,ETANOL HIDRATADO,NORTE,1194,R$/l,1.908,0.21,1.489,2.88,0.302,0.110062893081761,1.606,0.181,0.975,2.4222,0.113
10/01/2009,ETANOL HIDRATADO,SUDESTE,12614,R$/l,1.555,0.166,1.14,2.219,0.244,0.106752411575563,1.311,0.165,0.7699,1.997,0.126
10/01/2009,ETANOL HIDRATADO,SUL,3689,R$/l,1.73,0.185,1.249,2.559,0.267,0.106936416184971,1.463,0.203,0.8231,2.0529,0.139
11/01/2009,ETANOL HIDRATADO,CENTRO OESTE,2422,R$/l,1.777,0.184,1.28,2.079,0.314,0.103545301069218,1.463,0.172,1.0499,1.9576,0.118
11/01/2009,ETANOL HIDRATADO,NORDESTE,6330,R$/l,1.831,0.123,1.45,2.68,0.225,0.0671764063353359,1.606,0.094,1.056,1.9754,0.059
11/01/2009,ETANOL HIDRATADO,NORTE,1190,R$/l,1.956,0.192,1.5,2.99,0.244,0.098159509202454,1.712,0.142,1.01,2.3908,0.083
11/01/2009,ETANOL HIDRATADO,SUDESTE,15236,R$/l,1.608,0.175,1.239,2.599,0.241,0.108830845771144,1.367,0.169,0.7475,1.91,0.124
11/01/2009,ETANOL HIDRATADO,SUL,5058,R$/l,1.804,0.185,1.39,2.689,0.257,0.102549889135255,1.547,0.212,0.85,2.1186,0.137
12/01/2009,ETANOL HIDRATADO,CENTRO OESTE,2627,R$/l,1.802,0.148,1.32,2.29,0.29,0.0821309655937847,1.512,0.146,1.05,1.9112,0.097
12/01/2009,ETANOL HIDRATADO,NORDESTE,7032,R$/l,1.83,0.124,1.466,2.45,0.222,0.0677595628415301,1.608,0.1,1.1155,1.97,0.062
12/01/2009,ETANOL HIDRATADO,NORTE,1456,R$/l,1.966,0.196,1.5,2.99,0.236,0.0996948118006104,1.73,0.138,1.0659,2.3908,0.08
12/01/2009,ETANOL HIDRATADO,SUDESTE,16604,R$/l,1.645,0.168,1.149,2.39,0.251,0.102127659574468,1.394,0.163,0.75,1.9764,0.117
12/01/2009,ETANOL HIDRATADO,SUL,6397,R$/l,1.813,0.182,1.449,2.38,0.26,0.1003861003861,1.553,0.217,0.8005,2.259,0.14
01/01/2010,ETANOL HIDRATADO,CENTRO OESTE,2296,R$/l,1.961,0.163,1.44,2.315,0.295,0.0831208567057624,1.666,0.147,1.143,2.027,0.088
01/01/2010,ETANOL HIDRATADO,NORDESTE,5860,R$/l,1.893,0.12,1.229,2.45,0.222,0.063391442155309,1.671,0.105,1.2106,2.044,0.063
01/01/2010,ETANOL HIDRATADO,NORTE,1259,R$/l,2.058,0.166,1.65,2.84,0.237,0.0806608357628766,1.821,0.124,1.3398,2.169,0.068
01/01/2010,ETANOL HIDRATADO,SUDESTE,14903,R$/l,1.847,0.16,1.359,2.689,0.263,0.0866269626421224,1.584,0.161,0.9883,2.4594,0.102
01/01/2010,ETANOL HIDRATADO,SUL,5653,R$/l,2.004,0.199,1.56,2.7,0.275,0.0993013972055888,1.729,0.229,0.85,2.4222,0.132
02/01/2010,ETANOL HIDRATADO,CENTRO OESTE,2310,R$/l,2.033,0.163,1.44,2.36,0.338,0.0801770782095426,1.695,0.136,1.2767,2.027,0.08
02/01/2010,ETANOL HIDRATADO,NORDESTE,5978,R$/l,1.994,0.117,1.36,2.49,0.218,0.0586760280842528,1.776,0.104,1.4043,2.1598,0.059
02/01/2010,ETANOL HIDRATADO,NORTE,1424,R$/l,2.18,0.18,1.8,2.99,0.246,0.0825688073394495,1.934,0.103,1.5611,2.252,0.053
02/01/2010,ETANOL HIDRATADO,SUDESTE,15890,R$/l,1.889,0.186,1.169,2.562,0.255,0.0984647961884595,1.634,0.177,1.0197,2.4221,0.108
02/01/2010,ETANOL HIDRATADO,SUL,5819,R$/l,2.069,0.23,1.43,2.698,0.254,0.111164813919768,1.815,0.249,1.03,2.4504,0.137
03/01/2010,ETANOL HIDRATADO,CENTRO OESTE,3009,R$/l,1.924,0.209,1.29,2.33,0.327,0.108627858627859,1.597,0.172,1.0348,1.9531,0.108
03/01/2010,ETANOL HIDRATADO,NORDESTE,7529,R$/l,1.976,0.137,1.279,2.66,0.234,0.069331983805668,1.742,0.133,1.188,2.2377,0.076
03/01/2010,ETANOL HIDRATADO,NORTE,1993,R$/l,2.178,0.199,1.64,2.99,0.226,0.0913682277318641,1.952,0.117,1.2924,2.252,0.06
03/01/2010,ETANOL HIDRATADO,SUDESTE,20964,R$/l,1.695,0.274,1.159,2.63,0.298,0.16165191740413,1.397,0.275,0.89,2.2774,0.197
03/01/2010,ETANOL HIDRATADO,SUL,7423,R$/l,1.841,0.327,1.18,2.698,0.254,0.177620858229223,1.587,0.321,0.7794,2.3676,0.202
04/01/2010,ETANOL HIDRATADO,CENTRO OESTE,2425,R$/l,1.811,0.235,1.28,2.24,0.314,0.129762562120375,1.497,0.134,1.0201,2.018,0.09
04/01/2010,ETANOL HIDRATADO,NORDESTE,6117,R$/l,1.911,0.141,1.42,2.49,0.283,0.0737833594976452,1.628,0.13,1.17,2.2882,0.08
04/01/2010,ETANOL HIDRATADO,NORTE,1623,R$/l,2.111,0.222,1.65,2.99,0.293,0.105163429654192,1.818,0.122,1.4611,2.2041,0.067
04/01/2010,ETANOL HIDRATADO,SUDESTE,17058,R$/l,1.559,0.24,1.13,2.499,0.29,0.153944836433611,1.269,0.22,0.7499,2.2215,0.173
04/01/2010,ETANOL HIDRATADO,SUL,6002,R$/l,1.676,0.271,1.149,2.628,0.273,0.161694510739857,1.403,0.248,0.7483,2.2329,0.177
05/01/2010,ETANOL HIDRATADO,CENTRO OESTE,2604,R$/l,1.754,0.252,1.1,2.24,0.323,0.143671607753706,1.431,0.157,0.8568,2.3713,0.11
05/01/2010,ETANOL HIDRATADO,NORDESTE,6322,R$/l,1.88,0.14,1.399,2.49,0.288,0.074468085106383,1.592,0.121,0.9487,2.0978,0.076
05/01/2010,ETANOL HIDRATADO,NORTE,1808,R$/l,2.087,0.213,1.69,2.99,0.312,0.102060373742214,1.775,0.137,0.9206,2.375,0.077
05/01/2010,ETANOL HIDRATADO,SUDESTE,17542,R$/l,1.449,0.269,0.959,2.397,0.277,0.185645272601794,1.172,0.224,0.8281,2.0246,0.191
05/01/2010,ETANOL HIDRATADO,SUL,6404,R$/l,1.653,0.229,1.129,2.599,0.309,0.138535995160315,1.344,0.22,0.7996,2.1938,0.164
06/01/2010,ETANOL HIDRATADO,CENTRO OESTE,2833,R$/l,1.648,0.217,1.08,2.229,0.308,0.131674757281553,1.34,0.157,0.8509,1.7975,0.117
06/01/2010,ETANOL HIDRATADO,NORDESTE,7395,R$/l,1.858,0.146,1.189,2.49,0.292,0.0785791173304629,1.566,0.121,0.9168,2.081,0.077
06/01/2010,ETANOL HIDRATADO,NORTE,1848,R$/l,2.052,0.209,1.699,2.84,0.37,0.101851851851852,1.682,0.149,1.1723,2.155,0.089
06/01/2010,ETANOL HIDRATADO,SUDESTE,20775,R$/l,1.382,0.275,0.96,2.3,0.261,0.198986975397974,1.121,0.219,0.7999,1.9694,0.195
06/01/2010,ETANOL HIDRATADO,SUL,7087,R$/l,1.57,0.244,0.97,2.42,0.28,0.155414012738854,1.29,0.214,0.7794,2.1938,0.166
07/01/2010,ETANOL HIDRATADO,CENTRO OESTE,2438,R$/l,1.647,0.204,1.09,2.229,0.314,0.123861566484517,1.333,0.155,0.8692,1.6113,0.116
07/01/2010,ETANOL HIDRATADO,NORDESTE,6107,R$/l,1.853,0.141,1.34,2.49,0.277,0.076092822450081,1.576,0.124,1.0579,2.0461,0.079
07/01/2010,ETANOL HIDRATADO,NORTE,1625,R$/l,2.021,0.215,1.75,2.79,0.348,0.106382978723404,1.673,0.138,1.0916,2.2693,0.082
07/01/2010,ETANOL HIDRATADO,SUDESTE,17064,R$/l,1.426,0.244,0.989,2.3,0.255,0.171107994389902,1.171,0.2,0.8199,1.9456,0.171
07/01/2010,ETANOL HIDRATADO,SUL,6167,R$/l,1.558,0.218,1.119,2.42,0.264,0.13992297817715,1.294,0.198,0.7919,1.9117,0.153
08/01/2010,ETANOL HIDRATADO,CENTRO OESTE,2837,R$/l,1.663,0.188,1.18,2.19,0.411,0.113048707155743,1.252,0.161,0.96,1.686,0.129
08/01/2010,ETANOL HIDRATADO,NORDESTE,7304,R$/l,1.857,0.138,1.34,2.49,0.248,0.074313408723748,1.609,0.124,0.9651,2.0139,0.077
08/01/2010,ETANOL HIDRATADO,NORTE,1909,R$/l,2.006,0.207,1.65,2.79,0.336,0.103190428713858,1.67,0.116,1.0422,2.1111,0.069
08/01/2010,ETANOL HIDRATADO,SUDESTE,20196,R$/l,1.476,0.217,1.079,2.197,0.239,0.147018970189702,1.237,0.181,0.8199,1.8255,0.146
08/01/2010,ETANOL HIDRATADO,SUL,7206,R$/l,1.629,0.19,1.2,2.27,0.261,0.116635972989564,1.368,0.195,0.8,2.0053,0.143
09/01/2010,ETANOL HIDRATADO,CENTRO OESTE,2617,R$/l,1.669,0.17,1.22,2.09,0.329,0.101857399640503,1.34,0.158,0.96,1.6397,0.118
09/01/2010,ETANOL HIDRATADO,NORDESTE,6548,R$/l,1.848,0.153,1.366,2.49,0.231,0.0827922077922078,1.617,0.136,1.0311,2.0303,0.084
09/01/2010,ETANOL HIDRATADO,NORTE,1786,R$/l,1.993,0.215,1.65,2.79,0.323,0.107877571500251,1.67,0.11,1.3821,2.0063,0.066
09/01/2010,ETANOL HIDRATADO,SUDESTE,18388,R$/l,1.494,0.208,1.099,2.309,0.238,0.139223560910308,1.256,0.18,0.8,1.8949,0.143
09/01/2010,ETANOL HIDRATADO,SUL,6443,R$/l,1.657,0.178,1.25,2.25,0.25,0.107423053711527,1.407,0.202,0.8,2.0053,0.144
10/01/2010,ETANOL HIDRATADO,CENTRO OESTE,2425,R$/l,1.749,0.152,1.28,2.15,0.345,0.086906803887936,1.404,0.167,0.96,1.773,0.119
10/01/2010,ETANOL HIDRATADO,NORDESTE,6207,R$/l,1.88,0.133,1.39,2.49,0.243,0.0707446808510638,1.637,0.133,1.0591,2.0303,0.081
10/01/2010,ETANOL HIDRATADO,NORTE,1648,R$/l,2.007,0.205,1.65,2.79,0.299,0.10214250124564,1.708,0.124,1.3428,2.1107,0.073
10/01/2010,ETANOL HIDRATADO,SUDESTE,17139,R$/l,1.61,0.183,1.199,2.299,0.245,0.113664596273292,1.365,0.173,0.82,1.9637,0.127
10/01/2010,ETANOL HIDRATADO,SUL,6060,R$/l,1.776,0.187,1.29,2.345,0.245,0.105292792792793,1.531,0.216,0.8,2.0631,0.141
11/01/2010,ETANOL HIDRATADO,CENTRO OESTE,2968,R$/l,1.843,0.15,1.41,2.09,0.34,0.0813890396093326,1.503,0.133,1.0174,1.7863,0.088
11/01/2010,ETANOL HIDRATADO,NORDESTE,7636,R$/l,1.911,0.116,1.45,2.39,0.231,0.0607012035583464,1.68,0.098,1.1115,1.9801,0.058
11/01/2010,ETANOL HIDRATADO,NORTE,2061,R$/l,2.046,0.188,1.78,2.79,0.292,0.0918866080156403,1.754,0.128,1.4144,2.1437,0.073
11/01/2010,ETANOL HIDRATADO,SUDESTE,21054,R$/l,1.654,0.176,1.219,2.45,0.242,0.106408706166868,1.412,0.169,0.82,2.0364,0.12
11/01/2010,ETANOL HIDRATADO,SUL,7317,R$/l,1.829,0.183,1.359,2.35,0.243,0.100054674685621,1.586,0.214,0.8982,2.1535,0.135
12/01/2010,ETANOL HIDRATADO,CENTRO OESTE,2500,R$/l,1.858,0.144,1.39,2.26,0.323,0.077502691065662,1.535,0.133,1.28,1.853,0.087
12/01/2010,ETANOL HIDRATADO,NORDESTE,6302,R$/l,1.923,0.116,1.5,2.39,0.235,0.0603224128965159,1.688,0.084,1.3221,2.0222,0.05
12/01/2010,ETANOL HIDRATADO,NORTE,1674,R$/l,2.069,0.183,1.68,2.79,0.287,0.0884485258579024,1.782,0.132,1.5393,2.2082,0.074
12/01/2010,ETANOL HIDRATADO,SUDESTE,17504,R$/l,1.723,0.162,1.299,2.349,0.241,0.094022054556007,1.482,0.164,0.82,2.0945,0.111
12/01/2010,ETANOL HIDRATADO,SUL,6294,R$/l,1.878,0.17,1.399,2.4,0.223,0.0905218317358893,1.655,0.203,1,2.0795,0.123
01/01/2011,ETANOL HIDRATADO,CENTRO OESTE,2593,R$/l,1.936,0.133,1.27,2.49,0.331,0.068698347107438,1.605,0.11,1.2833,1.9197,0.069
01/01/2011,ETANOL HIDRATADO,NORDESTE,6859,R$/l,1.936,0.113,1.5,2.39,0.223,0.0583677685950413,1.713,0.088,1.3639,2.1812,0.051
01/01/2011,ETANOL HIDRATADO,NORTE,2065,R$/l,2.113,0.165,1.68,2.79,0.285,0.0780880265026029,1.828,0.142,1.5137,2.2957,0.078
01/01/2011,ETANOL HIDRATADO,SUDESTE,18749,R$/l,1.78,0.155,1.399,2.699,0.24,0.0870786516853933,1.54,0.16,0.82,2.0945,0.104
01/01/2011,ETANOL HIDRATADO,SUL,6907,R$/l,1.939,0.169,1.539,2.498,0.215,0.0871583290355854,1.724,0.203,1.09,2.2781,0.118
02/01/2011,ETANOL HIDRATADO,CENTRO OESTE,2263,R$/l,2.029,0.133,1.62,2.39,0.313,0.0655495317890587,1.716,0.1,1.45,1.9857,0.058
02/01/2011,ETANOL HIDRATADO,NORDESTE,5563,R$/l,1.984,0.123,1.65,2.45,0.226,0.0619959677419355,1.758,0.084,1.3907,2.0928,0.048
02/01/2011,ETANOL HIDRATADO,NORTE,1271,R$/l,2.144,0.159,1.89,2.79,0.273,0.074160447761194,1.871,0.142,1.5046,2.2957,0.076
02/01/2011,ETANOL HIDRATADO,SUDESTE,15251,R$/l,1.809,0.16,1.399,2.497,0.236,0.0884466556108347,1.573,0.167,0.82,2.0842,0.106
02/01/2011,ETANOL HIDRATADO,SUL,5150,R$/l,1.977,0.173,1.579,2.498,0.209,0.0875063227111785,1.768,0.195,1.1,2.2066,0.11
03/01/2011,ETANOL HIDRATADO,CENTRO OESTE,3035,R$/l,2.233,0.179,1.759,2.84,0.304,0.0801612180922526,1.929,0.151,1.4797,2.3923,0.078
03/01/2011,ETANOL HIDRATADO,NORDESTE,7764,R$/l,2.067,0.135,1.65,2.7,0.234,0.0653120464441219,1.833,0.094,1.4881,2.3408,0.051
03/01/2011,ETANOL HIDRATADO,NORTE,2090,R$/l,2.255,0.153,1.959,2.9,0.29,0.0678492239467849,1.965,0.131,1.589,2.3396,0.067
03/01/2011,ETANOL HIDRATADO,SUDESTE,21433,R$/l,2.036,0.197,1.499,2.949,0.285,0.0967583497053045,1.751,0.18,0.82,2.4564,0.103
03/01/2011,ETANOL HIDRATADO,SUL,7551,R$/l,2.187,0.237,1.639,3,0.253,0.108367626886145,1.934,0.208,1.15,2.518,0.108
04/01/2011,ETANOL HIDRATADO,CENTRO OESTE,2421,R$/l,2.475,0.162,1.91,2.929,0.319,0.0654545454545455,2.156,0.146,1.6,2.6725,0.068
04/01/2011,ETANOL HIDRATADO,NORDESTE,6172,R$/l,2.275,0.166,1.65,2.99,0.299,0.072967032967033,1.976,0.135,1.0966,2.5659,0.068
04/01/2011,ETANOL HIDRATADO,NORTE,1675,R$/l,2.49,0.179,2.09,3.25,0.316,0.0718875502008032,2.174,0.134,1.7451,2.5209,0.062
04/01/2011,ETANOL HIDRATADO,SUDESTE,17096,R$/l,2.232,0.219,1.769,2.999,0.303,0.0981182795698925,1.929,0.19,1.0999,2.8697,0.098
04/01/2011,ETANOL HIDRATADO,SUL,6024,R$/l,2.478,0.266,1.849,3.2,0.362,0.107344632768362,2.116,0.233,1.221,2.7108,0.11
05/01/2011,ETANOL HIDRATADO,CENTRO OESTE,2836,R$/l,2.128,0.268,1.42,2.79,0.345,0.12593984962406,1.783,0.241,1.1546,2.3902,0.135
05/01/2011,ETANOL HIDRATADO,NORDESTE,7279,R$/l,2.266,0.162,1.749,3.14,0.26,0.0714916151809356,2.006,0.141,1.4831,2.7806,0.07
05/01/2011,ETANOL HIDRATADO,NORTE,2027,R$/l,2.463,0.185,1.98,2.96,0.288,0.075111652456354,2.175,0.156,1.6503,2.56,0.072
05/01/2011,ETANOL HIDRATADO,SUDESTE,19926,R$/l,1.954,0.327,1.37,2.999,0.281,0.167349027635619,1.673,0.303,0.9999,2.9357,0.181
05/01/2011,ETANOL HIDRATADO,SUL,7175,R$/l,2.164,0.36,1.469,3.2,0.279,0.166358595194085,1.885,0.327,1.165,2.6698,0.173
06/01/2011,ETANOL HIDRATADO,CENTRO OESTE,2623,R$/l,1.856,0.182,1.38,2.299,0.291,0.0980603448275862,1.565,0.151,1.1145,2.1196,0.096
06/01/2011,ETANOL HIDRATADO,NORDESTE,6612,R$/l,2.157,0.16,1.679,2.79,0.266,0.0741770978210478,1.891,0.141,1.1865,2.3872,0.075
06/01/2011,ETANOL HIDRATADO,NORTE,1682,R$/l,2.298,0.21,1.9,3.1,0.305,0.0913838120104439,1.993,0.145,1.6752,2.4222,0.073
06/01/2011,ETANOL HIDRATADO,SUDESTE,18566,R$/l,1.797,0.259,1.329,2.79,0.262,0.144129104062326,1.535,0.233,1.1392,2.5846,0.152
06/01/2011,ETANOL HIDRATADO,SUL,6348,R$/l,1.954,0.283,1.469,2.999,0.248,0.144831115660184,1.706,0.218,1.2012,2.5564,0.128
07/01/2011,ETANOL HIDRATADO,CENTRO OESTE,2427,R$/l,1.926,0.16,1.48,2.399,0.292,0.083073727933541,1.634,0.155,1.1884,1.9932,0.095
07/01/2011,ETANOL HIDRATADO,NORDESTE,6186,R$/l,2.18,0.138,1.79,2.99,0.239,0.063302752293578,1.941,0.124,1.1399,2.2145,0.064
07/01/2011,ETANOL HIDRATADO,NORTE,1640,R$/l,2.283,0.199,1.9,2.93,0.287,0.0871660096364433,1.996,0.123,1.6793,2.328,0.062
07/01/2011,ETANOL HIDRATADO,SUDESTE,17141,R$/l,1.88,0.225,1.44,2.796,0.257,0.11968085106383,1.623,0.201,1.1294,2.4169,0.124
07/01/2011,ETANOL HIDRATADO,SUL,6024,R$/l,2.018,0.235,1.589,2.899,0.23,0.116451932606541,1.788,0.185,1.3756,2.459,0.103
08/01/2011,ETANOL HIDRATADO,CENTRO OESTE,2966,R$/l,1.947,0.149,1.53,2.379,0.278,0.0765279917822291,1.669,0.136,1.31,1.97,0.081
08/01/2011,ETANOL HIDRATADO,NORDESTE,7658,R$/l,2.209,0.132,1.799,2.99,0.252,0.0597555454956994,1.957,0.118,1.5295,2.2867,0.06
08/01/2011,ETANOL HIDRATADO,NORTE,2064,R$/l,2.294,0.192,1.95,2.94,0.276,0.0836965998256321,2.018,0.114,1.698,2.363,0.056
08/01/2011,ETANOL HIDRATADO,SUDESTE,20964,R$/l,1.891,0.219,1.399,2.75,0.258,0.115811739820201,1.633,0.192,1.07,2.3194,0.118
08/01/2011,ETANOL HIDRATADO,SUL,7499,R$/l,2.035,0.227,1.599,2.838,0.227,0.111547911547912,1.808,0.19,1.45,2.3834,0.105
09/01/2011,ETANOL HIDRATADO,CENTRO OESTE,2499,R$/l,1.998,0.119,1.74,2.399,0.283,0.0595595595595596,1.715,0.118,1.3739,2.015,0.069
09/01/2011,ETANOL HIDRATADO,NORDESTE,6175,R$/l,2.203,0.132,1.79,2.89,0.267,0.0599182932364957,1.936,0.118,1.5051,2.4822,0.061
09/01/2011,ETANOL HIDRATADO,NORTE,1671,R$/l,2.305,0.18,1.799,3.099,0.266,0.0780911062906724,2.039,0.123,1.6428,2.4023,0.06
09/01/2011,ETANOL HIDRATADO,SUDESTE,17535,R$/l,1.953,0.203,1.529,2.899,0.255,0.103942652329749,1.698,0.184,1.27,2.3262,0.108
09/01/2011,ETANOL HIDRATADO,SUL,6053,R$/l,2.118,0.211,1.729,2.699,0.24,0.0996222851746931,1.878,0.191,1.3976,2.3772,0.102
10/01/2011,ETANOL HIDRATADO,CENTRO OESTE,2667,R$/l,2.045,0.132,1.74,2.399,0.278,0.0645476772616137,1.767,0.095,1.5111,2.05,0.054
10/01/2011,ETANOL HIDRATADO,NORDESTE,6981,R$/l,2.18,0.146,1.75,2.99,0.279,0.0669724770642202,1.901,0.109,1.4779,2.5006,0.057
10/01/2011,ETANOL HIDRATADO,NORTE,1971,R$/l,2.314,0.183,1.799,2.96,0.256,0.0790838375108038,2.058,0.127,1.7176,2.4826,0.062
10/01/2011,ETANOL HIDRATADO,SUDESTE,19012,R$/l,1.943,0.213,1.459,2.75,0.257,0.109624292331446,1.686,0.189,1.18,2.3521,0.112
10/01/2011,ETANOL HIDRATADO,SUL,6730,R$/l,2.136,0.21,1.74,2.749,0.252,0.098314606741573,1.884,0.185,1.3976,2.3772,0.098
11/01/2011,ETANOL HIDRATADO,CENTRO OESTE,2803,R$/l,2.107,0.142,1.77,2.46,0.258,0.0673943996203132,1.849,0.091,1.5976,2.11,0.049
11/01/2011,ETANOL HIDRATADO,NORDESTE,6938,R$/l,2.16,0.145,1.699,2.99,0.296,0.0671296296296296,1.864,0.115,1.5569,2.5308,0.062
11/01/2011,ETANOL HIDRATADO,NORTE,1767,R$/l,2.332,0.182,1.95,2.96,0.25,0.0780445969125214,2.082,0.141,1.7411,2.4197,0.068
11/01/2011,ETANOL HIDRATADO,SUDESTE,19304,R$/l,1.97,0.202,1.499,2.989,0.232,0.10253807106599,1.738,0.182,1.27,2.4805,0.105
11/01/2011,ETANOL HIDRATADO,SUL,6811,R$/l,2.154,0.204,1.699,2.749,0.225,0.0947075208913649,1.929,0.179,1.59,2.4412,0.093
12/01/2011,ETANOL HIDRATADO,CENTRO OESTE,2421,R$/l,2.158,0.147,1.79,2.59,0.259,0.0681186283595922,1.899,0.1,1.6124,2.1075,0.053
12/01/2011,ETANOL HIDRATADO,NORDESTE,6200,R$/l,2.162,0.134,1.789,2.99,0.3,0.0619796484736355,1.862,0.114,1.57,2.6322,0.061
12/01/2011,ETANOL HIDRATADO,NORTE,1697,R$/l,2.347,0.169,1.95,2.96,0.228,0.072006817213464,2.119,0.141,1.7922,2.4773,0.067
12/01/2011,ETANOL HIDRATADO,SUDESTE,17121,R$/l,1.994,0.196,1.56,2.99,0.23,0.0982948846539619,1.764,0.183,1.27,2.5653,0.104
12/01/2011,ETANOL HIDRATADO,SUL,6046,R$/l,2.176,0.201,1.79,2.74,0.222,0.0923713235294118,1.954,0.185,1.5138,2.4569,0.095
01/01/2012,ETANOL HIDRATADO,CENTRO OESTE,2745,R$/l,2.157,0.152,1.79,2.59,0.257,0.0704682429299954,1.9,0.104,1.574,2.1075,0.055
01/01/2012,ETANOL HIDRATADO,NORDESTE,7233,R$/l,2.153,0.132,1.85,2.99,0.302,0.0613098002786809,1.851,0.101,1.5208,2.6657,0.055
01/01/2012,ETANOL HIDRATADO,NORTE,1969,R$/l,2.357,0.166,1.95,2.99,0.222,0.0704285108188375,2.135,0.139,1.8326,2.4695,0.065
01/01/2012,ETANOL HIDRATADO,SUDESTE,20515,R$/l,1.966,0.216,1.49,2.75,0.267,0.109867751780264,1.699,0.212,1.28,2.3998,0.125
01/01/2012,ETANOL HIDRATADO,SUL,7333,R$/l,2.17,0.208,1.75,2.757,0.245,0.095852534562212,1.925,0.198,1.4429,2.4569,0.103
02/01/2012,ETANOL HIDRATADO,CENTRO OESTE,2707,R$/l,2.116,0.161,1.65,2.52,0.311,0.0760869565217391,1.805,0.12,1.512,2.0817,0.066
02/01/2012,ETANOL HIDRATADO,NORDESTE,6542,R$/l,2.143,0.138,1.79,2.99,0.303,0.0643957069528698,1.84,0.108,1.4868,2.6762,0.059
02/01/2012,ETANOL HIDRATADO,NORTE,1651,R$/l,2.367,0.159,2.08,2.99,0.252,0.0671736375158428,2.115,0.142,1.6351,2.4747,0.067
02/01/2012,ETANOL HIDRATADO,SUDESTE,17503,R$/l,1.904,0.244,1.39,2.89,0.29,0.128151260504202,1.614,0.222,0.9999,2.3998,0.138
02/01/2012,ETANOL HIDRATADO,SUL,6107,R$/l,2.128,0.235,1.67,2.759,0.265,0.110432330827068,1.863,0.214,1.4429,2.4721,0.115
03/01/2012,ETANOL HIDRATADO,CENTRO OESTE,2435,R$/l,2.105,0.146,1.74,2.49,0.306,0.0693586698337292,1.799,0.107,1.5,2.15,0.059
03/01/2012,ETANOL HIDRATADO,NORDESTE,6131,R$/l,2.138,0.14,1.56,2.99,0.299,0.0654817586529467,1.839,0.109,1.4749,2.6835,0.059
03/01/2012,ETANOL HIDRATADO,NORTE,1705,R$/l,2.364,0.161,2.08,2.999,0.249,0.0681049069373943,2.115,0.12,1.6583,2.4747,0.057
03/01/2012,ETANOL HIDRATADO,SUDESTE,17477,R$/l,1.928,0.229,1.3,2.89,0.264,0.118775933609959,1.664,0.197,1.2464,2.3332,0.118
03/01/2012,ETANOL HIDRATADO,SUL,6045,R$/l,2.131,0.23,1.69,2.79,0.237,0.10793054903801,1.894,0.191,1.4801,2.4569,0.101
04/01/2012,ETANOL HIDRATADO,CENTRO OESTE,2428,R$/l,2.07,0.152,1.74,2.49,0.303,0.0734299516908213,1.767,0.124,1.47,2.0513,0.07
04/01/2012,ETANOL HIDRATADO,NORDESTE,6301,R$/l,2.118,0.133,1.56,2.99,0.264,0.062795089707271,1.854,0.118,1.4381,2.6835,0.064
04/01/2012,ETANOL HIDRATADO,NORTE,1593,R$/l,2.324,0.166,2.039,3.12,0.223,0.0714285714285714,2.101,0.11,1.7852,2.4675,0.052
04/01/2012,ETANOL HIDRATADO,SUDESTE,17230,R$/l,1.932,0.22,1.499,2.89,0.243,0.113871635610766,1.689,0.192,1.28,2.5344,0.114
04/01/2012,ETANOL HIDRATADO,SUL,6179,R$/l,2.104,0.22,1.75,2.759,0.21,0.104562737642586,1.894,0.186,1.5539,2.3115,0.098
05/01/2012,ETANOL HIDRATADO,CENTRO OESTE,3033,R$/l,2.023,0.162,1.69,2.449,0.317,0.0800790904597133,1.706,0.148,1.36,2.0625,0.087
05/01/2012,ETANOL HIDRATADO,NORDESTE,7320,R$/l,2.17,0.125,1.59,2.99,0.239,0.0576036866359447,1.931,0.108,1.522,2.6908,0.056
05/01/2012,ETANOL HIDRATADO,NORTE,1954,R$/l,2.32,0.168,2.039,3.12,0.236,0.0724137931034483,2.084,0.118,1.5569,2.4675,0.057
05/01/2012,ETANOL HIDRATADO,SUDESTE,21133,R$/l,1.906,0.236,1.399,2.89,0.26,0.123819517313746,1.646,0.224,1.1953,2.4254,0.136
05/01/2012,ETANOL HIDRATADO,SUL,7248,R$/l,2.096,0.234,1.69,2.77,0.243,0.111641221374046,1.853,0.208,1.4193,2.3115,0.112
06/01/2012,ETANOL HIDRATADO,CENTRO OESTE,2420,R$/l,1.976,0.188,1.62,2.698,0.334,0.0951417004048583,1.642,0.168,1.3,2.0528,0.102
06/01/2012,ETANOL HIDRATADO,NORDESTE,6037,R$/l,2.172,0.121,1.799,2.99,0.233,0.0557090239410681,1.939,0.109,1.5831,2.6867,0.056
06/01/2012,ETANOL HIDRATADO,NORTE,1566,R$/l,2.319,0.166,2.09,3.12,0.249,0.0715825786977145,2.07,0.114,1.69,2.4503,0.055
06/01/2012,ETANOL HIDRATADO,SUDESTE,17033,R$/l,1.874,0.25,1.399,2.75,0.284,0.133404482390608,1.59,0.241,1.2297,2.5199,0.152
06/01/2012,ETANOL HIDRATADO,SUL,5993,R$/l,2.071,0.248,1.599,2.759,0.271,0.119748913568324,1.8,0.222,1.4003,2.3287,0.123
07/01/2012,ETANOL HIDRATADO,CENTRO OESTE,2607,R$/l,1.954,0.192,1.62,2.449,0.331,0.0982599795291709,1.623,0.16,1.3,2.0025,0.099
07/01/2012,ETANOL HIDRATADO,NORDESTE,7012,R$/l,2.158,0.126,1.779,2.99,0.244,0.0583873957367933,1.914,0.13,1.47,2.661,0.068
07/01/2012,ETANOL HIDRATADO,NORTE,1729,R$/l,2.318,0.167,2.09,3.12,0.261,0.0720448662640207,2.057,0.109,1.6,2.3835,0.053
07/01/2012,ETANOL HIDRATADO,SUDESTE,19237,R$/l,1.841,0.258,1.299,2.75,0.288,0.140141227593699,1.553,0.241,1.2409,2.4936,0.155
07/01/2012,ETANOL HIDRATADO,SUL,7147,R$/l,2.046,0.262,1.59,2.79,0.282,0.128054740957967,1.764,0.219,1.2865,2.2863,0.124
08/01/2012,ETANOL HIDRATADO,CENTRO OESTE,2845,R$/l,1.938,0.19,1.62,2.449,0.336,0.0980392156862745,1.602,0.165,1.29,2.3325,0.103
08/01/2012,ETANOL HIDRATADO,NORDESTE,6454,R$/l,2.158,0.126,1.75,2.89,0.247,0.0583873957367933,1.911,0.134,1.507,2.6632,0.07
08/01/2012,ETANOL HIDRATADO,NORTE,1739,R$/l,2.317,0.17,2.039,3.12,0.258,0.073370738023306,2.059,0.113,1.7129,2.3734,0.055
08/01/2012,ETANOL HIDRATADO,SUDESTE,19092,R$/l,1.819,0.267,1.289,2.749,0.292,0.146783947223749,1.527,0.244,1.1732,2.404,0.16
08/01/2012,ETANOL HIDRATADO,SUL,6325,R$/l,2.023,0.268,1.559,2.77,0.279,0.132476520019773,1.744,0.216,1.3292,2.2754,0.124
09/01/2012,ETANOL HIDRATADO,CENTRO OESTE,2423,R$/l,1.925,0.192,1.59,2.449,0.33,0.0997402597402597,1.595,0.173,1.27,1.9783,0.108
09/01/2012,ETANOL HIDRATADO,NORDESTE,5946,R$/l,2.156,0.129,1.73,2.89,0.258,0.0598330241187384,1.898,0.132,1.4627,2.6673,0.07
09/01/2012,ETANOL HIDRATADO,NORTE,1503,R$/l,2.313,0.173,1.96,3.12,0.261,0.0747946389969736,2.052,0.133,1.4823,2.5677,0.065
09/01/2012,ETANOL HIDRATADO,SUDESTE,17029,R$/l,1.82,0.262,1.289,2.749,0.282,0.143956043956044,1.538,0.226,1.1732,2.383,0.147
09/01/2012,ETANOL HIDRATADO,SUL,5980,R$/l,2.013,0.269,1.59,2.77,0.263,0.133631395926478,1.75,0.21,1.3399,2.2437,0.12
10/01/2012,ETANOL HIDRATADO,CENTRO OESTE,2968,R$/l,1.908,0.197,1.55,2.488,0.326,0.103249475890985,1.582,0.162,1.3198,1.99,0.102
10/01/2012,ETANOL HIDRATADO,NORDESTE,7345,R$/l,2.177,0.118,1.75,2.72,0.273,0.0542030316949931,1.904,0.12,1.5143,2.3488,0.063
10/01/2012,ETANOL HIDRATADO,NORTE,1782,R$/l,2.302,0.171,1.99,3.12,0.289,0.0742832319721981,2.013,0.16,1.2823,2.5951,0.079
10/01/2012,ETANOL HIDRATADO,SUDESTE,20774,R$/l,1.82,0.256,1.299,2.799,0.305,0.140659340659341,1.515,0.238,1.1541,2.3531,0.157
10/01/2012,ETANOL HIDRATADO,SUL,7310,R$/l,2.01,0.269,1.53,2.77,0.273,0.133830845771144,1.737,0.211,1.272,2.289,0.121
11/01/2012,ETANOL HIDRATADO,CENTRO OESTE,2486,R$/l,1.898,0.204,1.55,2.449,0.31,0.107481559536354,1.588,0.148,1.32,2.01,0.093
11/01/2012,ETANOL HIDRATADO,NORDESTE,5974,R$/l,2.182,0.116,1.84,2.72,0.27,0.0531622364802933,1.912,0.111,1.6,2.286,0.058
11/01/2012,ETANOL HIDRATADO,NORTE,1503,R$/l,2.298,0.172,1.99,3.12,0.298,0.0748476936466493,2,0.135,1.5922,2.4334,0.068
11/01/2012,ETANOL HIDRATADO,SUDESTE,17484,R$/l,1.825,0.253,1.299,2.749,0.304,0.138630136986301,1.521,0.227,1.1465,2.3627,0.149
11/01/2012,ETANOL HIDRATADO,SUL,6076,R$/l,2.054,0.249,1.559,2.779,0.313,0.121226874391431,1.741,0.201,1.3059,2.196,0.115
12/01/2012,ETANOL HIDRATADO,CENTRO OESTE,2421,R$/l,1.949,0.187,1.59,2.449,0.31,0.0959466393022063,1.639,0.154,1.32,2.057,0.094
12/01/2012,ETANOL HIDRATADO,NORDESTE,5883,R$/l,2.185,0.117,1.84,2.72,0.253,0.0535469107551487,1.932,0.111,1.51,2.2881,0.057
12/01/2012,ETANOL HIDRATADO,NORTE,1463,R$/l,2.304,0.17,1.99,3.12,0.279,0.0737847222222222,2.025,0.143,1.343,2.4685,0.071
12/01/2012,ETANOL HIDRATADO,SUDESTE,16960,R$/l,1.872,0.232,1.459,2.789,0.267,0.123931623931624,1.605,0.205,1.1885,2.3724,0.128
12/01/2012,ETANOL HIDRATADO,SUL,5938,R$/l,2.076,0.234,1.599,2.799,0.26,0.11271676300578,1.816,0.196,1.4841,2.3056,0.108
07/01/2001,GASOLINA COMUM,CENTRO OESTE,1477,R$/l,1.6814,0.08448,1.45,1.92,0.2121,0.0502438444153681,1.4693,0.07993,0.905,1.66,0.054
07/01/2001,GASOLINA COMUM,NORDESTE,3614,R$/l,1.7178,0.07565,1.45,1.95,0.2594,0.0440388869484224,1.4584,0.07062,0.9974,1.733,0.048
07/01/2001,GASOLINA COMUM,NORTE,1233,R$/l,1.8282,0.08312,1.49,2,0.2974,0.0454654851766765,1.5308,0.08974,0.895,1.791,0.059
07/01/2001,GASOLINA COMUM,SUDESTE,10341,R$/l,1.6507,0.09168,1.379,1.99,0.1904,0.055540073908039,1.4603,0.07227,1.0486,1.7321,0.049
07/01/2001,GASOLINA COMUM,SUL,2043,R$/l,1.6833,0.08971,1.379,1.95,0.2083,0.0532941246361314,1.475,0.07482,1.1227,1.7744,0.051
08/01/2001,GASOLINA COMUM,CENTRO OESTE,2010,R$/l,1.7208,0.08298,1.5,2.05,0.2022,0.0482217573221757,1.5186,0.05069,1.2071,1.7,0.033
08/01/2001,GASOLINA COMUM,NORDESTE,5976,R$/l,1.741,0.06951,1.44,1.96,0.2366,0.0399253302699598,1.5044,0.0395,1.0233,1.75,0.026
08/01/2001,GASOLINA COMUM,NORTE,1274,R$/l,1.8747,0.06333,1.55,2.38,0.3005,0.033781405024804,1.5742,0.08164,1.0393,1.75,0.052
08/01/2001,GASOLINA COMUM,SUDESTE,16462,R$/l,1.6833,0.07899,1.47,1.99,0.1906,0.0469256816966673,1.4927,0.04522,1.0466,1.74,0.03
08/01/2001,GASOLINA COMUM,SUL,4228,R$/l,1.7223,0.10712,1.45,2.058,0.2049,0.0621959008302851,1.5174,0.05044,1.3114,1.7355,0.033
09/01/2001,GASOLINA COMUM,CENTRO OESTE,2356,R$/l,1.73,0.10466,1.43,2.1,0.2077,0.0604971098265896,1.5223,0.05358,1.3467,1.7,0.035
09/01/2001,GASOLINA COMUM,NORDESTE,5918,R$/l,1.7367,0.08904,1.44,1.98,0.2311,0.0512696493349456,1.5056,0.04123,1.0233,1.75,0.027
09/01/2001,GASOLINA COMUM,NORTE,1889,R$/l,1.8948,0.08966,1.59,2.38,0.3105,0.0473189782562804,1.5843,0.08181,1.0093,1.821,0.052
09/01/2001,GASOLINA COMUM,SUDESTE,18644,R$/l,1.6852,0.08335,1.43,1.999,0.197,0.049460004747211,1.4882,0.0461,1.3,1.795,0.031
09/01/2001,GASOLINA COMUM,SUL,5723,R$/l,1.7423,0.08912,1.469,2.058,0.2245,0.0511507777076279,1.5178,0.04551,1.055,1.681,0.03
10/01/2001,GASOLINA COMUM,CENTRO OESTE,3193,R$/l,1.8018,0.1033,1.41,2.15,0.2451,0.0573315573315573,1.5567,0.06557,1.35,1.7456,0.042
10/01/2001,GASOLINA COMUM,NORDESTE,7412,R$/l,1.808,0.08615,1.5,2.14,0.2705,0.0476493362831858,1.5375,0.04794,1.0232,1.7795,0.031
10/01/2001,GASOLINA COMUM,NORTE,2372,R$/l,1.9543,0.09325,1.59,2.48,0.3355,0.0477152944788415,1.6188,0.08157,1.0408,1.8129,0.05
10/01/2001,GASOLINA COMUM,SUDESTE,23503,R$/l,1.7382,0.09002,1.44,2.09,0.2174,0.0517892072258658,1.5208,0.05646,1.34,1.7888,0.037
10/01/2001,GASOLINA COMUM,SUL,7592,R$/l,1.8105,0.08965,1.468,2.14,0.257,0.0495167080916874,1.5535,0.0548,1.0613,1.868,0.035
11/01/2001,GASOLINA COMUM,CENTRO OESTE,2648,R$/l,1.8107,0.08106,1.638,2.15,0.2359,0.0447672170983598,1.5748,0.0578,1.41,1.7549,0.037
11/01/2001,GASOLINA COMUM,NORDESTE,6009,R$/l,1.8032,0.09687,1.5,2.042,0.249,0.0537211623779947,1.5542,0.04255,1.0807,1.854,0.027
11/01/2001,GASOLINA COMUM,NORTE,1928,R$/l,1.9636,0.09335,1.64,2.45,0.316,0.0475402322265227,1.6476,0.07429,1.08,1.8357,0.045
11/01/2001,GASOLINA COMUM,SUDESTE,19510,R$/l,1.7427,0.08826,1.44,2.04,0.21,0.0506455500086073,1.5327,0.0545,1.3138,1.794,0.036
11/01/2001,GASOLINA COMUM,SUL,6172,R$/l,1.8057,0.09813,1.46,2.12,0.2371,0.0543445755108822,1.5686,0.04923,1.359,1.91,0.031
12/01/2001,GASOLINA COMUM,CENTRO OESTE,3110,R$/l,1.8033,0.07377,1.58,2.15,0.234,0.0409083347196806,1.5693,0.05885,1.395,1.895,0.038
12/01/2001,GASOLINA COMUM,NORDESTE,6790,R$/l,1.807,0.0947,1.38,2.05,0.2589,0.0524073049252905,1.5481,0.04654,1.1624,1.779,0.03
12/01/2001,GASOLINA COMUM,NORTE,2087,R$/l,1.9586,0.09041,1.64,2.45,0.3176,0.0461605228224242,1.641,0.07961,1.071,1.8357,0.049
12/01/2001,GASOLINA COMUM,SUDESTE,21723,R$/l,1.7379,0.09108,1.469,2.04,0.2115,0.0524080787156914,1.5264,0.05337,1.3,1.818,0.035
12/01/2001,GASOLINA COMUM,SUL,6652,R$/l,1.7908,0.10572,1.469,2,0.2268,0.0590350681259772,1.564,0.04966,1.369,1.801,0.032
01/01/2002,GASOLINA COMUM,CENTRO OESTE,3778,R$/l,1.6036,0.1217,1.319,2.12,0.216,0.0758917435769519,1.3876,0.10053,1.2308,1.7549,0.072
01/01/2002,GASOLINA COMUM,NORDESTE,6719,R$/l,1.5781,0.13698,1.17,2,0.2298,0.0868005829795324,1.3483,0.09631,0.8189,1.6923,0.071
01/01/2002,GASOLINA COMUM,NORTE,2188,R$/l,1.7263,0.158,1.34,2.45,0.2889,0.0915252273648844,1.4374,0.1351,0.8309,1.77,0.094
01/01/2002,GASOLINA COMUM,SUDESTE,23445,R$/l,1.5668,0.10551,1.27,2.04,0.2131,0.0673410773551187,1.3537,0.0889,0.69,1.818,0.066
01/01/2002,GASOLINA COMUM,SUL,7340,R$/l,1.6128,0.12104,1.289,2.04,0.2306,0.0750496031746032,1.3822,0.09188,0.8827,1.7091,0.066
02/01/2002,GASOLINA COMUM,CENTRO OESTE,3312,R$/l,1.5253,0.08194,1.35,1.89,0.2172,0.0537205795581197,1.3081,0.05914,0.8475,1.5486,0.045
02/01/2002,GASOLINA COMUM,NORDESTE,6053,R$/l,1.5075,0.09958,1.17,1.999,0.235,0.0660563847429519,1.2725,0.05112,1.1194,1.614,0.04
02/01/2002,GASOLINA COMUM,NORTE,1899,R$/l,1.6155,0.13812,1.29,2.45,0.273,0.0854967502321263,1.3425,0.07372,0.829,1.6966,0.055
02/01/2002,GASOLINA COMUM,SUDESTE,20785,R$/l,1.4903,0.0854,1.239,1.999,0.203,0.0573038985439173,1.2873,0.04346,1.15,1.6277,0.034
02/01/2002,GASOLINA COMUM,SUL,6299,R$/l,1.5306,0.11259,1.28,1.99,0.2093,0.0735593884751078,1.3213,0.05005,0.878,1.61,0.038
03/01/2002,GASOLINA COMUM,CENTRO OESTE,3394,R$/l,1.5754,0.09968,1.35,1.99,0.2487,0.0632728196013711,1.3267,0.05743,0.9899,1.54,0.043
03/01/2002,GASOLINA COMUM,NORDESTE,6009,R$/l,1.5805,0.11037,1.24,1.99,0.283,0.0698323315406517,1.2975,0.06314,1.1223,1.614,0.049
03/01/2002,GASOLINA COMUM,NORTE,1902,R$/l,1.694,0.12824,1.35,2.45,0.326,0.075702479338843,1.368,0.08217,0.8331,1.689,0.06
03/01/2002,GASOLINA COMUM,SUDESTE,20691,R$/l,1.5484,0.10368,1.239,1.999,0.2337,0.06695944200465,1.3147,0.05844,1.1271,1.7739,0.044
03/01/2002,GASOLINA COMUM,SUL,6414,R$/l,1.6133,0.11979,1.29,1.999,0.2569,0.0742515341226058,1.3564,0.06983,0.8455,1.6909,0.051
04/01/2002,GASOLINA COMUM,CENTRO OESTE,4265,R$/l,1.7073,0.1048,1.43,2.14,0.2715,0.0613834709775669,1.4358,0.06347,1.012,1.67,0.044
04/01/2002,GASOLINA COMUM,NORDESTE,7338,R$/l,1.7058,0.1267,1.36,2.15,0.2905,0.0742759995310118,1.4153,0.07918,1.1681,1.7595,0.056
04/01/2002,GASOLINA COMUM,NORTE,2297,R$/l,1.8188,0.15179,1.45,2.67,0.3346,0.0834561249175281,1.4842,0.1008,0.8346,1.8061,0.068
04/01/2002,GASOLINA COMUM,SUDESTE,25706,R$/l,1.6931,0.09483,1.39,2.149,0.2497,0.0560096863741067,1.4434,0.07211,1.16,1.7673,0.05
04/01/2002,GASOLINA COMUM,SUL,7808,R$/l,1.7564,0.1163,1.45,2.08,0.2727,0.0662149851969939,1.4837,0.07671,0.9198,1.7565,0.052
05/01/2002,GASOLINA COMUM,CENTRO OESTE,4165,R$/l,1.7198,0.09042,1.5,2.09,0.2461,0.0525758809163856,1.4737,0.04797,0.9977,1.7172,0.033
05/01/2002,GASOLINA COMUM,NORDESTE,8020,R$/l,1.731,0.10234,1.38,2.1,0.2808,0.0591218948584633,1.4502,0.06198,1.1872,1.7697,0.043
05/01/2002,GASOLINA COMUM,NORTE,2411,R$/l,1.8576,0.12945,1.539,2.67,0.3194,0.06968669250646,1.5382,0.09343,0.9724,1.8061,0.061
05/01/2002,GASOLINA COMUM,SUDESTE,26578,R$/l,1.6994,0.08794,1.39,2.089,0.2183,0.0517476756502295,1.4811,0.04687,1.02,1.7736,0.032
05/01/2002,GASOLINA COMUM,SUL,8395,R$/l,1.7465,0.1216,1.37,2.06,0.2378,0.0696249642141426,1.5087,0.05962,0.9774,1.7565,0.04
06/01/2002,GASOLINA COMUM,CENTRO OESTE,3393,R$/l,1.7392,0.07326,1.473,2.09,0.2722,0.0421228150873965,1.467,0.04517,0.9085,1.6696,0.031
06/01/2002,GASOLINA COMUM,NORDESTE,6171,R$/l,1.7193,0.10202,1.369,1.99,0.2692,0.0593381027162217,1.4501,0.05797,1.2796,1.76,0.04
06/01/2002,GASOLINA COMUM,NORTE,1885,R$/l,1.8449,0.14249,1.5,2.67,0.3076,0.077234538457369,1.5373,0.08866,0.9704,1.7616,0.058
06/01/2002,GASOLINA COMUM,SUDESTE,20918,R$/l,1.6828,0.09533,1.39,2.089,0.2133,0.0566496315664369,1.4695,0.04774,1.1447,1.8524,0.032
06/01/2002,GASOLINA COMUM,SUL,6496,R$/l,1.7384,0.11841,1.38,2.05,0.2395,0.0681143580303728,1.4989,0.05682,1.0079,1.7523,0.038
07/01/2002,GASOLINA COMUM,CENTRO OESTE,5034,R$/l,1.7652,0.12228,1.369,2.22,0.2692,0.0692726036709721,1.496,0.05745,0.964,1.7359,0.038
07/01/2002,GASOLINA COMUM,NORDESTE,9233,R$/l,1.786,0.13531,1.309,2.118,0.2939,0.0757614781634939,1.4921,0.07733,1.2,1.765,0.052
07/01/2002,GASOLINA COMUM,NORTE,2797,R$/l,1.8952,0.16048,1.46,2.67,0.3239,0.08467707893626,1.5713,0.10843,0.9525,1.84,0.069
07/01/2002,GASOLINA COMUM,SUDESTE,30954,R$/l,1.7389,0.10359,1.39,2.199,0.2369,0.0595721433089885,1.502,0.05742,1.2,1.8299,0.038
07/01/2002,GASOLINA COMUM,SUL,9734,R$/l,1.8011,0.12396,1.42,2.13,0.2608,0.0688246071844984,1.5403,0.06927,0.9344,1.8838,0.045
08/01/2002,GASOLINA COMUM,CENTRO OESTE,4084,R$/l,1.7748,0.09143,1.55,2.22,0.2684,0.0515156637367591,1.5064,0.05368,1.1551,1.7359,0.036
08/01/2002,GASOLINA COMUM,NORDESTE,7270,R$/l,1.7951,0.09779,1.48,2.11,0.2864,0.0544760737563367,1.5087,0.06858,1.2216,1.7659,0.045
08/01/2002,GASOLINA COMUM,NORTE,2185,R$/l,1.8921,0.15415,1.5,2.47,0.3097,0.0814703239786481,1.5824,0.10608,0.9705,1.799,0.067
08/01/2002,GASOLINA COMUM,SUDESTE,25642,R$/l,1.7127,0.10711,1.39,2.1,0.2155,0.0625386816138261,1.4972,0.05079,1.0887,1.8299,0.034
08/01/2002,GASOLINA COMUM,SUL,7671,R$/l,1.7832,0.12148,1.45,2.1,0.2385,0.0681247196052041,1.5447,0.06761,0.996,1.8425,0.044
09/01/2002,GASOLINA COMUM,CENTRO OESTE,3395,R$/l,1.7597,0.11001,1.37,2.22,0.2616,0.0625163380121612,1.4981,0.06362,0.9657,1.73,0.042
09/01/2002,GASOLINA COMUM,NORDESTE,6029,R$/l,1.7698,0.11578,1.38,2.11,0.2569,0.0654198214487513,1.5129,0.05987,1.2659,1.765,0.04
09/01/2002,GASOLINA COMUM,NORTE,1804,R$/l,1.8894,0.15032,1.52,2.45,0.3124,0.0795596485656822,1.577,0.10795,0.962,1.9609,0.068
09/01/2002,GASOLINA COMUM,SUDESTE,22394,R$/l,1.7053,0.10323,1.43,2.1,0.2093,0.0605348032604234,1.496,0.05199,1.057,1.8354,0.035
09/01/2002,GASOLINA COMUM,SUL,6342,R$/l,1.7964,0.1002,1.45,2.03,0.2391,0.0557782231128925,1.5573,0.06162,1.3254,1.8331,0.04
10/01/2002,GASOLINA COMUM,CENTRO OESTE,3584,R$/l,1.8023,0.07163,1.589,2.22,0.2663,0.0397436608777673,1.536,0.05084,0.9858,1.77,0.033
10/01/2002,GASOLINA COMUM,NORDESTE,6515,R$/l,1.7835,0.10862,1.35,2.11,0.2652,0.0609027193720213,1.5183,0.07249,1.0253,1.828,0.048
10/01/2002,GASOLINA COMUM,NORTE,1919,R$/l,1.8642,0.16113,1.45,2.45,0.2919,0.0864338590280013,1.5723,0.10094,0.9925,1.79,0.064
10/01/2002,GASOLINA COMUM,SUDESTE,22681,R$/l,1.7224,0.09774,1.449,2.09,0.2116,0.0567464003715745,1.5108,0.05293,1.0575,1.84,0.035
10/01/2002,GASOLINA COMUM,SUL,6846,R$/l,1.8169,0.08409,1.55,2.083,0.2423,0.0462821289008751,1.5746,0.05993,0.984,1.8186,0.038
11/01/2002,GASOLINA COMUM,CENTRO OESTE,3099,R$/l,1.9975,0.09065,1.695,2.45,0.3182,0.0453817271589487,1.6793,0.07505,1.2038,2.0061,0.045
11/01/2002,GASOLINA COMUM,NORDESTE,5568,R$/l,2.0112,0.11045,1.579,2.37,0.3371,0.054917462211615,1.6741,0.11692,1.0497,2.2243,0.07
11/01/2002,GASOLINA COMUM,NORTE,1652,R$/l,2.0687,0.1726,1.49,2.74,0.3611,0.0834340407018901,1.7076,0.1269,1.0906,2,0.074
11/01/2002,GASOLINA COMUM,SUDESTE,20049,R$/l,1.937,0.09112,1.549,2.5,0.2796,0.0470418172431595,1.6574,0.09362,1.14,2.4965,0.056
11/01/2002,GASOLINA COMUM,SUL,5858,R$/l,2.0482,0.11086,1.74,2.35,0.3027,0.0541255736744459,1.7455,0.1018,1.3408,2.1084,0.058
12/01/2002,GASOLINA COMUM,CENTRO OESTE,3823,R$/l,2.0081,0.13361,1.699,2.64,0.2855,0.0665355310990489,1.7226,0.0502,1.173,2.0539,0.029
12/01/2002,GASOLINA COMUM,NORDESTE,6807,R$/l,2.0347,0.13555,1.59,2.63,0.3163,0.0666191576153733,1.7184,0.07644,1.2412,2.09,0.044
12/01/2002,GASOLINA COMUM,NORTE,2059,R$/l,2.0993,0.20211,1.649,2.95,0.3415,0.0962749487924546,1.7578,0.11304,1.149,2.11,0.064
12/01/2002,GASOLINA COMUM,SUDESTE,24771,R$/l,1.9574,0.1143,1.659,2.56,0.2799,0.0583937876775314,1.6775,0.06617,1.1642,2.1494,0.039
12/01/2002,GASOLINA COMUM,SUL,7245,R$/l,2.0833,0.14429,1.748,2.585,0.3033,0.0692603081649307,1.78,0.0735,1.483,2.2093,0.041
01/01/2003,GASOLINA COMUM,CENTRO OESTE,3074,R$/l,2.1683,0.1283,1.88,2.64,0.3119,0.0591707789512521,1.8564,0.07133,1.2723,2.2607,0.038
01/01/2003,GASOLINA COMUM,NORDESTE,5704,R$/l,2.2022,0.13403,1.77,2.62,0.3501,0.06086186540732,1.8521,0.09366,1.18,2.3024,0.051
01/01/2003,GASOLINA COMUM,NORTE,1645,R$/l,2.2748,0.17995,1.82,2.95,0.3749,0.0791058554598206,1.8999,0.12862,1.2681,2.17,0.068
01/01/2003,GASOLINA COMUM,SUDESTE,20332,R$/l,2.1069,0.10409,1.699,2.6,0.2803,0.0494043381271062,1.8266,0.08933,1.2968,2.297,0.049
01/01/2003,GASOLINA COMUM,SUL,5939,R$/l,2.2646,0.1289,1.89,2.61,0.3137,0.0569195442903824,1.9509,0.09482,1.6,2.3905,0.049
02/01/2003,GASOLINA COMUM,CENTRO OESTE,3057,R$/l,2.2742,0.08782,2,2.69,0.3244,0.0386157769765192,1.9498,0.0627,1.5867,2.2866,0.032
02/01/2003,GASOLINA COMUM,NORDESTE,5520,R$/l,2.2318,0.14458,1.739,2.639,0.3246,0.0647817904830182,1.9072,0.08139,1.2608,2.4244,0.043
02/01/2003,GASOLINA COMUM,NORTE,1634,R$/l,2.3268,0.18896,1.82,2.95,0.3369,0.0812102458311845,1.9899,0.12073,1.2681,2.2686,0.061
02/01/2003,GASOLINA COMUM,SUDESTE,20127,R$/l,2.1672,0.11745,1.79,2.6,0.2745,0.0541943521594685,1.8927,0.08223,1.2977,2.2963,0.043
02/01/2003,GASOLINA COMUM,SUL,5862,R$/l,2.3524,0.11644,1.999,2.685,0.3175,0.0494983846284646,2.0349,0.08665,1.3628,2.4822,0.043
03/01/2003,GASOLINA COMUM,CENTRO OESTE,3403,R$/l,2.2714,0.12314,1.92,2.69,0.3023,0.0542132605441578,1.9691,0.05439,1.7339,2.3254,0.028
03/01/2003,GASOLINA COMUM,NORDESTE,5877,R$/l,2.2425,0.11614,1.879,2.558,0.2995,0.0517904124860647,1.943,0.05307,1.615,2.3942,0.027
03/01/2003,GASOLINA COMUM,NORTE,1770,R$/l,2.3173,0.21041,1.9,2.95,0.3067,0.0907996375091702,2.0106,0.11791,1.334,2.2686,0.059
03/01/2003,GASOLINA COMUM,SUDESTE,21874,R$/l,2.1592,0.11637,1.79,2.59,0.2485,0.0538949610967025,1.9107,0.07267,1.31,2.2827,0.038
03/01/2003,GASOLINA COMUM,SUL,6387,R$/l,2.3237,0.13807,1.93,2.64,0.2834,0.0594181692989629,2.0403,0.07337,1.7866,2.37,0.036
04/01/2003,GASOLINA COMUM,CENTRO OESTE,3447,R$/l,2.2538,0.15226,1.87,2.69,0.3005,0.0675570148194161,1.9533,0.06641,1.7899,2.2348,0.034
04/01/2003,GASOLINA COMUM,NORDESTE,6549,R$/l,2.2008,0.14315,1.72,2.59,0.2748,0.0650445292620865,1.926,0.06474,1.2621,2.2166,0.034
04/01/2003,GASOLINA COMUM,NORTE,1896,R$/l,2.2986,0.20987,1.85,2.95,0.3047,0.0913034020708257,1.9939,0.11949,1.3808,2.2567,0.06
04/01/2003,GASOLINA COMUM,SUDESTE,23399,R$/l,2.1443,0.12098,1.82,2.59,0.2315,0.0564193443081658,1.9128,0.07107,1.31,2.298,0.037
04/01/2003,GASOLINA COMUM,SUL,6836,R$/l,2.3048,0.13167,1.94,2.64,0.2756,0.0571286011801458,2.0292,0.07216,1.4705,2.3503,0.036
05/01/2003,GASOLINA COMUM,CENTRO OESTE,3042,R$/l,2.1854,0.1095,1.959,2.64,0.2662,0.0501052438912785,1.9192,0.05847,1.79,2.2348,0.03
05/01/2003,GASOLINA COMUM,NORDESTE,5530,R$/l,2.1387,0.1032,1.77,2.51,0.2832,0.0482536120072942,1.8555,0.05715,1.2883,2.158,0.031
05/01/2003,GASOLINA COMUM,NORTE,1635,R$/l,2.2353,0.19272,1.79,2.85,0.2957,0.0862166152194336,1.9396,0.11565,1.3482,2.22,0.06
05/01/2003,GASOLINA COMUM,SUDESTE,20171,R$/l,2.062,0.11695,1.749,2.59,0.219,0.0567167798254122,1.843,0.07201,1.2401,2.2322,0.039
05/01/2003,GASOLINA COMUM,SUL,5843,R$/l,2.1946,0.13387,1.86,2.61,0.2688,0.0609997266016586,1.9258,0.06498,1.4901,2.3207,0.034
06/01/2003,GASOLINA COMUM,CENTRO OESTE,3356,R$/l,2.0697,0.14016,1.76,2.66,0.2353,0.0677199594144079,1.8344,0.07364,1.48,2.198,0.04
06/01/2003,GASOLINA COMUM,NORDESTE,6149,R$/l,2.0609,0.12208,1.75,2.792,0.2556,0.0592362560046582,1.8053,0.05163,1.6183,2.211,0.029
06/01/2003,GASOLINA COMUM,NORTE,1856,R$/l,2.2047,0.16682,1.88,2.86,0.3245,0.075665623440831,1.8802,0.11844,1.1858,2.191,0.063
06/01/2003,GASOLINA COMUM,SUDESTE,22446,R$/l,1.9749,0.11744,1.669,2.529,0.2182,0.0594663020912451,1.7567,0.07703,1.1529,2.1126,0.044
06/01/2003,GASOLINA COMUM,SUL,6484,R$/l,2.0961,0.14837,1.749,2.53,0.2635,0.0707838366490148,1.8326,0.06985,1.48,2.2271,0.038
07/01/2003,GASOLINA COMUM,CENTRO OESTE,3549,R$/l,2.0066,0.15209,1.67,2.56,0.2513,0.0757948769062095,1.7553,0.0826,1.4749,2.1094,0.047
07/01/2003,GASOLINA COMUM,NORDESTE,6428,R$/l,2.0007,0.12871,1.68,2.44,0.2444,0.0643324836307292,1.7563,0.05728,1.1805,2.0998,0.033
07/01/2003,GASOLINA COMUM,NORTE,1895,R$/l,2.1566,0.17661,1.79,2.85,0.3182,0.0818927942131132,1.8384,0.12063,1.2394,2.16,0.066
07/01/2003,GASOLINA COMUM,SUDESTE,23242,R$/l,1.925,0.11317,1.62,2.49,0.2209,0.0587896103896104,1.7041,0.06602,1.17,2.0428,0.039
07/01/2003,GASOLINA COMUM,SUL,6714,R$/l,2.0291,0.1265,1.65,2.44,0.2502,0.0623429106500419,1.7789,0.05817,1.48,2.27,0.033
08/01/2003,GASOLINA COMUM,CENTRO OESTE,3024,R$/l,2.0202,0.14345,1.74,2.8,0.2633,0.071007821007821,1.7569,0.0711,1.2055,2.0259,0.04
08/01/2003,GASOLINA COMUM,NORDESTE,5439,R$/l,1.9938,0.12215,1.64,2.4,0.2579,0.0612649212558933,1.7359,0.06178,1.1575,2.086,0.036
08/01/2003,GASOLINA COMUM,NORTE,1638,R$/l,2.1363,0.19501,1.79,2.85,0.3192,0.0912839956934888,1.8171,0.12137,1.2569,2.1372,0.067
08/01/2003,GASOLINA COMUM,SUDESTE,20055,R$/l,1.9303,0.10719,1.63,2.499,0.2196,0.0555302284618971,1.7107,0.06809,1.162,2.0593,0.04
08/01/2003,GASOLINA COMUM,SUL,5779,R$/l,2.044,0.11129,1.65,2.4,0.2594,0.0544471624266145,1.7846,0.05715,1.4785,2.1274,0.032
09/01/2003,GASOLINA COMUM,CENTRO OESTE,3677,R$/l,2.0481,0.13239,1.76,2.49,0.2707,0.064640398418046,1.7774,0.07181,1.5326,2.22,0.04
09/01/2003,GASOLINA COMUM,NORDESTE,6522,R$/l,2.0212,0.09838,1.74,2.6,0.2763,0.0486740550168217,1.7449,0.05543,1.1575,2.137,0.032
09/01/2003,GASOLINA COMUM,NORTE,1997,R$/l,2.1383,0.20425,1.76,2.85,0.32,0.0955198054529299,1.8183,0.1213,1.2755,2.1292,0.067
09/01/2003,GASOLINA COMUM,SUDESTE,24101,R$/l,1.9577,0.10403,1.64,2.499,0.219,0.0531388874699903,1.7387,0.06629,1.17,2.0977,0.038
09/01/2003,GASOLINA COMUM,SUL,6994,R$/l,2.0813,0.10948,1.68,2.4,0.2786,0.0526017392975544,1.8027,0.05995,1.45,2.155,0.033
10/01/2003,GASOLINA COMUM,CENTRO OESTE,3140,R$/l,2.0603,0.13628,1.698,2.49,0.2781,0.0661457069358831,1.7822,0.07303,1.615,2.1203,0.041
10/01/2003,GASOLINA COMUM,NORDESTE,5810,R$/l,2.012,0.10225,1.65,2.49,0.2701,0.0508200795228628,1.7419,0.04734,1.3445,2.39,0.027
10/01/2003,GASOLINA COMUM,NORTE,1677,R$/l,2.1425,0.19707,1.679,2.85,0.3196,0.0919813302217036,1.8229,0.12351,1.2685,2.1159,0.068
10/01/2003,GASOLINA COMUM,SUDESTE,20993,R$/l,1.951,0.10335,1.62,2.499,0.2151,0.0529728344438749,1.7359,0.05823,1.19,2.09,0.034
10/01/2003,GASOLINA COMUM,SUL,5988,R$/l,2.0725,0.11419,1.779,2.43,0.2755,0.0550977080820265,1.797,0.05731,1.55,2.169,0.032
11/01/2003,GASOLINA COMUM,CENTRO OESTE,3026,R$/l,2.0553,0.13763,1.72,2.49,0.2801,0.0669634603220941,1.7752,0.07241,1.542,2.045,0.041
11/01/2003,GASOLINA COMUM,NORDESTE,5473,R$/l,2.0257,0.08755,1.769,2.4,0.2906,0.0432196277829886,1.7351,0.04791,1.5359,2.039,0.028
11/01/2003,GASOLINA COMUM,NORTE,1633,R$/l,2.1569,0.1804,1.67,2.85,0.3405,0.0836385553340442,1.8164,0.1219,1.52,2.0683,0.067
11/01/2003,GASOLINA COMUM,SUDESTE,20026,R$/l,1.9455,0.10473,1.62,2.599,0.2162,0.0538319198149576,1.7293,0.05845,1.51,2.05,0.034
11/01/2003,GASOLINA COMUM,SUL,5753,R$/l,2.0485,0.12654,1.66,2.4,0.2649,0.0617720283134001,1.7836,0.0609,1.5096,2.125,0.034
12/01/2003,GASOLINA COMUM,CENTRO OESTE,3770,R$/l,2.0548,0.13715,1.79,2.49,0.2719,0.0667461553435857,1.7829,0.06588,1.5554,2.001,0.037
12/01/2003,GASOLINA COMUM,NORDESTE,6844,R$/l,2.0203,0.08645,1.698,2.4,0.2854,0.0427906746522794,1.7349,0.04693,1.6,2.109,0.027
12/01/2003,GASOLINA COMUM,NORTE,2035,R$/l,2.1594,0.17765,1.729,2.85,0.3306,0.082268222654441,1.8288,0.11621,1.52,2.0858,0.064
12/01/2003,GASOLINA COMUM,SUDESTE,24938,R$/l,1.9491,0.10085,1.61,2.599,0.2154,0.0517418295623621,1.7337,0.06105,1.4509,2.0804,0.035
12/01/2003,GASOLINA COMUM,SUL,7172,R$/l,2.0738,0.11197,1.699,2.459,0.2763,0.0539926704600251,1.7975,0.05662,1.535,2.149,0.031
01/01/2004,GASOLINA COMUM,CENTRO OESTE,3028,R$/l,2.0696,0.13504,1.79,2.49,0.2783,0.0652493235407808,1.7913,0.06612,1.67,2.1193,0.037
01/01/2004,GASOLINA COMUM,NORDESTE,5443,R$/l,2.0306,0.10398,1.699,2.4,0.2824,0.0512065399389343,1.7482,0.04868,1.573,2.0801,0.028
01/01/2004,GASOLINA COMUM,NORTE,1612,R$/l,2.149,0.19057,1.69,2.85,0.3152,0.0886784550953932,1.8338,0.11278,1.52,2.0858,0.062
01/01/2004,GASOLINA COMUM,SUDESTE,19966,R$/l,1.9547,0.09865,1.61,2.699,0.2144,0.0504681025221262,1.7403,0.06097,1.5255,2.0438,0.035
01/01/2004,GASOLINA COMUM,SUL,5717,R$/l,2.0942,0.09833,1.79,2.39,0.2854,0.0469534905930666,1.8088,0.05399,1.5801,2.149,0.03
02/01/2004,GASOLINA COMUM,CENTRO OESTE,3032,R$/l,2.0778,0.12093,1.77,2.49,0.2873,0.0582009818076812,1.7905,0.06871,1.652,2.1193,0.038
02/01/2004,GASOLINA COMUM,NORDESTE,5448,R$/l,2.0324,0.11148,1.659,2.4,0.288,0.0548514072033064,1.7444,0.05271,1.57,1.9674,0.03
02/01/2004,GASOLINA COMUM,NORTE,1611,R$/l,2.1372,0.20215,1.689,2.85,0.3156,0.0945863746958637,1.8216,0.12244,1.5141,2.0965,0.067
02/01/2004,GASOLINA COMUM,SUDESTE,19921,R$/l,1.9469,0.10501,1.61,2.699,0.2241,0.0539370280959474,1.7228,0.06513,1.49,2.0563,0.038
02/01/2004,GASOLINA COMUM,SUL,5728,R$/l,2.0899,0.09774,1.78,2.395,0.2931,0.046767787932437,1.7968,0.05813,1.5812,2.158,0.032
03/01/2004,GASOLINA COMUM,CENTRO OESTE,3802,R$/l,2.0397,0.14926,1.71,2.49,0.2875,0.0731774280531451,1.7522,0.07389,1.64,2.3279,0.042
03/01/2004,GASOLINA COMUM,NORDESTE,6784,R$/l,2.0305,0.10703,1.559,2.57,0.2914,0.0527111548879586,1.7391,0.05873,1.474,2.249,0.034
03/01/2004,GASOLINA COMUM,NORTE,2009,R$/l,2.1286,0.2084,1.649,2.85,0.3269,0.0979047261110589,1.8017,0.13164,1.4627,2.0833,0.073
03/01/2004,GASOLINA COMUM,SUDESTE,24867,R$/l,1.9254,0.11215,1.56,2.699,0.2373,0.0582476368546796,1.6881,0.06988,1.4,2.0539,0.041
03/01/2004,GASOLINA COMUM,SUL,7169,R$/l,2.056,0.12093,1.719,2.35,0.2992,0.058818093385214,1.7568,0.0602,1.5,2.1774,0.034
04/01/2004,GASOLINA COMUM,CENTRO OESTE,3018,R$/l,2.0291,0.15981,1.679,2.49,0.2861,0.0787590557389976,1.743,0.07773,1.57,2.0709,0.045
04/01/2004,GASOLINA COMUM,NORDESTE,5458,R$/l,2.0344,0.09881,1.69,2.43,0.2992,0.0485696028313016,1.7352,0.05281,1.5,2.035,0.03
04/01/2004,GASOLINA COMUM,NORTE,1623,R$/l,2.135,0.18051,1.63,2.85,0.3461,0.0845480093676815,1.7889,0.13631,1.465,2.126,0.076
04/01/2004,GASOLINA COMUM,SUDESTE,20017,R$/l,1.9117,0.11492,1.56,2.59,0.2332,0.0601140346288644,1.6785,0.07181,1.37,1.9989,0.043
04/01/2004,GASOLINA COMUM,SUL,5746,R$/l,2.0433,0.11602,1.719,2.5,0.2968,0.0567806978906671,1.7465,0.05654,1.5,2.1881,0.032
05/01/2004,GASOLINA COMUM,CENTRO OESTE,3224,R$/l,2.135,0.141,1.84,2.65,0.351,0.0660421545667447,1.784,0.075,1.645,2.0769,0.042
05/01/2004,GASOLINA COMUM,NORDESTE,6901,R$/l,2.042,0.109,1.65,2.4,0.311,0.0533790401567091,1.731,0.05,1.5723,2.0351,0.029
05/01/2004,GASOLINA COMUM,NORTE,2302,R$/l,2.208,0.179,1.75,2.85,0.417,0.0810688405797101,1.791,0.116,1.465,2.1225,0.065
05/01/2004,GASOLINA COMUM,SUDESTE,23809,R$/l,1.985,0.114,1.529,2.599,0.262,0.0574307304785894,1.723,0.073,1.1456,2.2137,0.042
05/01/2004,GASOLINA COMUM,SUL,7099,R$/l,2.058,0.12,1.72,2.5,0.306,0.0583090379008746,1.752,0.057,1.5101,2.188,0.033
06/01/2004,GASOLINA COMUM,CENTRO OESTE,3971,R$/l,2.192,0.177,1.73,2.74,0.355,0.0807481751824817,1.837,0.081,1.608,2.1725,0.044
06/01/2004,GASOLINA COMUM,NORDESTE,9368,R$/l,2.111,0.118,1.7,2.61,0.334,0.0558976788252013,1.777,0.072,1.5296,2.1262,0.041
06/01/2004,GASOLINA COMUM,NORTE,3014,R$/l,2.276,0.177,1.79,2.89,0.443,0.077768014059754,1.833,0.12,1.465,2.175,0.065
06/01/2004,GASOLINA COMUM,SUDESTE,30705,R$/l,2.06,0.118,1.56,2.599,0.279,0.0572815533980582,1.781,0.082,1.17,2.7345,0.046
06/01/2004,GASOLINA COMUM,SUL,9618,R$/l,2.147,0.13,1.789,2.6,0.327,0.0605496040987424,1.82,0.075,1.5973,2.268,0.041
07/01/2004,GASOLINA COMUM,CENTRO OESTE,3611,R$/l,2.225,0.207,1.78,2.74,0.337,0.0930337078651685,1.888,0.08,1.7,2.2029,0.042
07/01/2004,GASOLINA COMUM,NORDESTE,8103,R$/l,2.163,0.117,1.799,2.62,0.321,0.0540915395284327,1.842,0.055,1.6113,2.391,0.03
07/01/2004,GASOLINA COMUM,NORTE,2661,R$/l,2.332,0.156,1.89,3,0.447,0.0668953687821612,1.885,0.104,1.56,2.1855,0.055
07/01/2004,GASOLINA COMUM,SUDESTE,27374,R$/l,2.107,0.101,1.59,2.599,0.28,0.0479354532510679,1.827,0.065,1.477,2.473,0.036
07/01/2004,GASOLINA COMUM,SUL,8425,R$/l,2.188,0.122,1.84,2.6,0.318,0.0557586837294333,1.87,0.052,1.6563,2.2167,0.028
08/01/2004,GASOLINA COMUM,CENTRO OESTE,4403,R$/l,2.282,0.173,1.9,2.78,0.359,0.0758106923751095,1.923,0.074,1.72,2.22,0.038
08/01/2004,GASOLINA COMUM,NORDESTE,9748,R$/l,2.173,0.107,1.81,2.5,0.317,0.0492406810860561,1.856,0.057,1.688,2.17,0.031
08/01/2004,GASOLINA COMUM,NORTE,3161,R$/l,2.352,0.15,1.94,3,0.433,0.0637755102040816,1.919,0.089,1.56,2.229,0.046
08/01/2004,GASOLINA COMUM,SUDESTE,33062,R$/l,2.114,0.105,1.69,2.599,0.262,0.0496688741721854,1.852,0.067,1.3251,2.1912,0.036
08/01/2004,GASOLINA COMUM,SUL,10221,R$/l,2.211,0.101,1.85,2.6,0.317,0.0456806874717323,1.894,0.054,1.6284,2.258,0.029
09/01/2004,GASOLINA COMUM,CENTRO OESTE,3640,R$/l,2.291,0.196,1.849,2.78,0.349,0.0855521606285465,1.942,0.075,1.7955,2.257,0.039
09/01/2004,GASOLINA COMUM,NORDESTE,8528,R$/l,2.173,0.101,1.82,2.49,0.309,0.0464795213989876,1.864,0.053,1.7094,2.279,0.028
09/01/2004,GASOLINA COMUM,NORTE,2805,R$/l,2.366,0.144,1.98,3,0.43,0.0608622147083686,1.936,0.086,1.643,2.2279,0.044
09/01/2004,GASOLINA COMUM,SUDESTE,28532,R$/l,2.126,0.109,1.69,2.599,0.268,0.0512699905926623,1.858,0.067,1.45,2.269,0.036
09/01/2004,GASOLINA COMUM,SUL,8599,R$/l,2.205,0.111,1.92,2.55,0.312,0.0503401360544218,1.893,0.054,1.7,2.249,0.029
10/01/2004,GASOLINA COMUM,CENTRO OESTE,3542,R$/l,2.316,0.192,1.89,2.87,0.348,0.0829015544041451,1.968,0.075,1.81,2.3,0.038
10/01/2004,GASOLINA COMUM,NORDESTE,8126,R$/l,2.2,0.106,1.81,2.75,0.319,0.0481818181818182,1.881,0.057,1.6904,2.3142,0.03
10/01/2004,GASOLINA COMUM,NORTE,2660,R$/l,2.386,0.144,1.98,3.1,0.426,0.0603520536462699,1.96,0.087,1.7363,2.2551,0.044
10/01/2004,GASOLINA COMUM,SUDESTE,27243,R$/l,2.163,0.113,1.69,2.69,0.281,0.0522422561257513,1.882,0.073,1.475,2.2544,0.039
10/01/2004,GASOLINA COMUM,SUL,8346,R$/l,2.243,0.112,1.91,2.659,0.319,0.0499331252786447,1.924,0.059,1.7,2.325,0.031
11/01/2004,GASOLINA COMUM,CENTRO OESTE,4282,R$/l,2.315,0.181,1.99,3.05,0.316,0.0781857451403888,1.999,0.079,1.8328,2.5507,0.04
11/01/2004,GASOLINA COMUM,NORDESTE,9346,R$/l,2.255,0.11,1.899,2.689,0.318,0.0487804878048781,1.937,0.062,1.67,2.3509,0.032
11/01/2004,GASOLINA COMUM,NORTE,3196,R$/l,2.379,0.145,2.05,3.1,0.363,0.0609499789827659,2.016,0.09,1.695,2.3907,0.045
11/01/2004,GASOLINA COMUM,SUDESTE,32736,R$/l,2.141,0.116,1.709,2.749,0.238,0.0541802895843064,1.903,0.076,1.53,2.3477,0.04
11/01/2004,GASOLINA COMUM,SUL,9815,R$/l,2.278,0.12,1.98,2.74,0.298,0.0526777875329236,1.98,0.06,1.779,2.3754,0.03
12/01/2004,GASOLINA COMUM,CENTRO OESTE,3706,R$/l,2.407,0.175,2.099,2.99,0.341,0.0727046115496469,2.066,0.075,1.835,2.472,0.036
12/01/2004,GASOLINA COMUM,NORDESTE,8774,R$/l,2.361,0.102,1.959,2.699,0.348,0.0432020330368488,2.013,0.064,1.8129,2.39,0.032
12/01/2004,GASOLINA COMUM,NORTE,2761,R$/l,2.478,0.134,2.22,3.1,0.389,0.0540758676351897,2.089,0.074,1.82,2.51,0.035
12/01/2004,GASOLINA COMUM,SUDESTE,28194,R$/l,2.222,0.105,1.849,2.749,0.251,0.0472547254725473,1.971,0.071,1.518,2.398,0.036
12/01/2004,GASOLINA COMUM,SUL,8923,R$/l,2.374,0.123,1.99,2.74,0.33,0.0518112889637742,2.044,0.065,1.82,2.4891,0.032
01/01/2005,GASOLINA COMUM,CENTRO OESTE,4132,R$/l,2.396,0.182,2.05,2.99,0.325,0.0759599332220367,2.071,0.075,1.88,2.4653,0.036
01/01/2005,GASOLINA COMUM,NORDESTE,9277,R$/l,2.349,0.105,1.96,2.699,0.326,0.0446998722860792,2.023,0.054,1.8743,2.315,0.027
01/01/2005,GASOLINA COMUM,NORTE,3107,R$/l,2.469,0.134,2.14,3.22,0.369,0.0542729850141758,2.1,0.066,1.8249,2.51,0.031
01/01/2005,GASOLINA COMUM,SUDESTE,32125,R$/l,2.221,0.105,1.87,2.749,0.248,0.0472760018009905,1.973,0.069,1.477,2.389,0.035
01/01/2005,GASOLINA COMUM,SUL,9569,R$/l,2.359,0.131,1.979,2.74,0.321,0.0555320050869012,2.038,0.064,1.88,2.44,0.031
02/01/2005,GASOLINA COMUM,CENTRO OESTE,3335,R$/l,2.401,0.181,2.05,3,0.332,0.0753852561432736,2.069,0.075,1.92,2.399,0.036
02/01/2005,GASOLINA COMUM,NORDESTE,7860,R$/l,2.311,0.123,2.029,2.65,0.296,0.0532237126784942,2.015,0.051,1.7485,2.375,0.025
02/01/2005,GASOLINA COMUM,NORTE,2452,R$/l,2.466,0.14,2.14,3.22,0.362,0.056772100567721,2.104,0.068,1.7995,2.3024,0.032
02/01/2005,GASOLINA COMUM,SUDESTE,25186,R$/l,2.217,0.105,1.92,2.749,0.246,0.047361299052774,1.971,0.065,1.477,2.329,0.033
02/01/2005,GASOLINA COMUM,SUL,7735,R$/l,2.34,0.145,1.957,2.74,0.312,0.061965811965812,2.028,0.069,1.84,2.444,0.034
03/01/2005,GASOLINA COMUM,CENTRO OESTE,4060,R$/l,2.388,0.175,2.03,3,0.323,0.0732830820770519,2.065,0.078,1.93,2.49,0.038
03/01/2005,GASOLINA COMUM,NORDESTE,9267,R$/l,2.325,0.122,1.98,2.69,0.316,0.0524731182795699,2.009,0.054,1.8762,2.315,0.027
03/01/2005,GASOLINA COMUM,NORTE,2990,R$/l,2.466,0.135,2.06,3.22,0.364,0.0547445255474453,2.102,0.076,1.7995,2.4753,0.036
03/01/2005,GASOLINA COMUM,SUDESTE,30720,R$/l,2.218,0.106,1.94,2.749,0.251,0.0477908025247971,1.967,0.063,1.477,2.2871,0.032
03/01/2005,GASOLINA COMUM,SUL,9619,R$/l,2.361,0.109,1.999,2.76,0.335,0.0461668784413384,2.026,0.062,1.7991,2.454,0.031
04/01/2005,GASOLINA COMUM,CENTRO OESTE,3534,R$/l,2.392,0.176,1.929,2.97,0.325,0.0735785953177258,2.067,0.087,1.8107,2.497,0.042
04/01/2005,GASOLINA COMUM,NORDESTE,8137,R$/l,2.323,0.118,1.99,2.68,0.314,0.0507963839862247,2.009,0.056,1.8832,2.345,0.028
04/01/2005,GASOLINA COMUM,NORTE,2622,R$/l,2.465,0.133,2.17,3.2,0.362,0.0539553752535497,2.103,0.065,1.7995,2.449,0.031
04/01/2005,GASOLINA COMUM,SUDESTE,26947,R$/l,2.217,0.105,1.929,2.749,0.248,0.047361299052774,1.969,0.064,1.477,2.334,0.033
04/01/2005,GASOLINA COMUM,SUL,8315,R$/l,2.419,0.159,2.09,2.85,0.34,0.0657296403472509,2.079,0.105,1.86,2.565,0.051
05/01/2005,GASOLINA COMUM,CENTRO OESTE,4290,R$/l,2.354,0.202,1.87,2.979,0.319,0.0858113848768054,2.035,0.088,1.7811,2.505,0.043
05/01/2005,GASOLINA COMUM,NORDESTE,9410,R$/l,2.327,0.127,1.95,2.65,0.321,0.0545767082079931,2.006,0.057,1.87,2.315,0.028
05/01/2005,GASOLINA COMUM,NORTE,3092,R$/l,2.465,0.142,2.14,3.2,0.364,0.057606490872211,2.101,0.07,1.914,2.459,0.033
05/01/2005,GASOLINA COMUM,SUDESTE,32071,R$/l,2.202,0.109,1.845,2.749,0.25,0.0495004541326067,1.952,0.068,1.477,2.334,0.035
05/01/2005,GASOLINA COMUM,SUL,10083,R$/l,2.386,0.158,1.93,2.817,0.322,0.066219614417435,2.064,0.112,1.799,2.445,0.054
06/01/2005,GASOLINA COMUM,CENTRO OESTE,3665,R$/l,2.336,0.2,1.94,2.97,0.329,0.0856164383561644,2.007,0.086,1.8328,2.505,0.043
06/01/2005,GASOLINA COMUM,NORDESTE,8832,R$/l,2.316,0.119,1.99,2.65,0.32,0.0513816925734024,1.996,0.056,1.8391,2.389,0.028
06/01/2005,GASOLINA COMUM,NORTE,2783,R$/l,2.458,0.146,2.09,3.2,0.373,0.0593978844589097,2.085,0.076,1.9031,2.4792,0.036
06/01/2005,GASOLINA COMUM,SUDESTE,28484,R$/l,2.175,0.117,1.698,2.749,0.25,0.0537931034482759,1.925,0.068,1.477,2.2683,0.035
06/01/2005,GASOLINA COMUM,SUL,8674,R$/l,2.35,0.2,1.839,2.815,0.322,0.0851063829787234,2.028,0.126,1.7376,2.529,0.062
07/01/2005,GASOLINA COMUM,CENTRO OESTE,3525,R$/l,2.362,0.173,2.09,2.96,0.34,0.0732430143945809,2.022,0.083,1.84,2.542,0.041
07/01/2005,GASOLINA COMUM,NORDESTE,8100,R$/l,2.32,0.119,1.939,2.699,0.322,0.0512931034482759,1.998,0.058,1.8576,2.389,0.029
07/01/2005,GASOLINA COMUM,NORTE,2611,R$/l,2.452,0.146,2.09,3.2,0.372,0.0595432300163132,2.08,0.077,1.9031,2.455,0.037
07/01/2005,GASOLINA COMUM,SUDESTE,26834,R$/l,2.18,0.112,1.89,2.749,0.247,0.0513761467889908,1.933,0.067,1.64,2.3769,0.035
07/01/2005,GASOLINA COMUM,SUL,8367,R$/l,2.381,0.17,1.88,2.815,0.337,0.0713985720285594,2.044,0.117,1.717,2.5643,0.057
08/01/2005,GASOLINA COMUM,CENTRO OESTE,2337,R$/l,2.381,0.167,1.99,2.96,0.352,0.0701385972280555,2.029,0.082,1.75,2.542,0.04
08/01/2005,GASOLINA COMUM,NORDESTE,5161,R$/l,2.318,0.121,1.97,2.699,0.318,0.0522001725625539,2,0.059,1.8617,2.37,0.03
08/01/2005,GASOLINA COMUM,NORTE,1704,R$/l,2.45,0.141,2.13,3.2,0.371,0.0575510204081633,2.079,0.073,1.903,2.455,0.035
08/01/2005,GASOLINA COMUM,SUDESTE,17228,R$/l,2.186,0.111,1.899,2.76,0.253,0.0507776761207685,1.933,0.065,1.78,2.364,0.034
08/01/2005,GASOLINA COMUM,SUL,5426,R$/l,2.385,0.168,1.889,2.799,0.336,0.0704402515723271,2.049,0.115,1.735,2.5521,0.056
09/01/2005,GASOLINA COMUM,CENTRO OESTE,2299,R$/l,2.451,0.231,1.99,3.34,0.343,0.0942472460220318,2.108,0.143,1.8401,2.8791,0.068
09/01/2005,GASOLINA COMUM,NORDESTE,5710,R$/l,2.476,0.148,2.019,2.89,0.375,0.0597738287560582,2.101,0.116,1.8481,2.6099,0.055
09/01/2005,GASOLINA COMUM,NORTE,1483,R$/l,2.575,0.156,2.15,3.6,0.423,0.0605825242718447,2.152,0.129,1.8476,2.9398,0.06
09/01/2005,GASOLINA COMUM,SUDESTE,16543,R$/l,2.315,0.138,1.89,2.879,0.296,0.0596112311015119,2.019,0.097,1.7987,2.78,0.048
09/01/2005,GASOLINA COMUM,SUL,5666,R$/l,2.518,0.192,1.999,2.999,0.351,0.0762509928514694,2.167,0.158,1.816,2.6931,0.073
10/01/2005,GASOLINA COMUM,CENTRO OESTE,3625,R$/l,2.528,0.211,2.07,3.34,0.342,0.0834651898734177,2.186,0.095,1.899,2.834,0.043
10/01/2005,GASOLINA COMUM,NORDESTE,9321,R$/l,2.513,0.134,2.09,2.99,0.342,0.0533227218463987,2.171,0.065,1.729,2.715,0.03
10/01/2005,GASOLINA COMUM,NORTE,2053,R$/l,2.649,0.131,2.36,3.3,0.396,0.0494526236315591,2.253,0.079,1.9531,2.73,0.035
10/01/2005,GASOLINA COMUM,SUDESTE,21779,R$/l,2.39,0.119,1.979,3.37,0.257,0.0497907949790795,2.133,0.082,1.802,2.7377,0.038
10/01/2005,GASOLINA COMUM,SUL,6957,R$/l,2.589,0.17,2.18,2.999,0.319,0.0656624179219776,2.27,0.129,1.84,2.7133,0.057
11/01/2005,GASOLINA COMUM,CENTRO OESTE,4277,R$/l,2.568,0.173,2.219,3.15,0.359,0.0673676012461059,2.209,0.076,2.064,2.6186,0.034
11/01/2005,GASOLINA COMUM,NORDESTE,10241,R$/l,2.53,0.111,2.18,2.895,0.354,0.0438735177865613,2.176,0.058,1.84,2.57,0.027
11/01/2005,GASOLINA COMUM,NORTE,3321,R$/l,2.701,0.149,2.36,3.3,0.413,0.0551647537948908,2.288,0.068,2.073,2.7799,0.03
11/01/2005,GASOLINA COMUM,SUDESTE,29603,R$/l,2.39,0.121,1.87,2.96,0.249,0.0506276150627615,2.141,0.075,1.855,2.5246,0.035
11/01/2005,GASOLINA COMUM,SUL,9258,R$/l,2.587,0.153,2.19,2.999,0.336,0.0591418631619637,2.251,0.118,1.9845,2.7,0.052
12/01/2005,GASOLINA COMUM,CENTRO OESTE,3999,R$/l,2.603,0.161,2.25,3.19,0.373,0.0618517095658855,2.23,0.072,2.038,2.8,0.032
12/01/2005,GASOLINA COMUM,NORDESTE,9336,R$/l,2.516,0.11,2.18,2.889,0.336,0.0437201907790143,2.18,0.054,2.04,2.37,0.025
12/01/2005,GASOLINA COMUM,NORTE,3097,R$/l,2.683,0.155,2.29,3.3,0.389,0.0577711516958628,2.294,0.07,2.1146,2.5978,0.031
12/01/2005,GASOLINA COMUM,SUDESTE,24951,R$/l,2.4,0.12,2.04,2.96,0.253,0.05,2.147,0.075,1.95,2.629,0.035
12/01/2005,GASOLINA COMUM,SUL,8060,R$/l,2.582,0.159,2.179,2.992,0.321,0.0615801704105345,2.261,0.117,2,2.7119,0.052
01/01/2006,GASOLINA COMUM,CENTRO OESTE,5215,R$/l,2.639,0.159,2.21,3.19,0.373,0.0602500947328534,2.266,0.069,2.129,2.713,0.03
01/01/2006,GASOLINA COMUM,NORDESTE,11714,R$/l,2.546,0.129,2.14,2.98,0.342,0.0506677140612726,2.204,0.059,2.028,2.58,0.027
01/01/2006,GASOLINA COMUM,NORTE,3551,R$/l,2.667,0.168,2.36,3.5,0.353,0.062992125984252,2.314,0.069,2.029,2.6159,0.03
01/01/2006,GASOLINA COMUM,SUDESTE,27801,R$/l,2.438,0.127,2.08,2.98,0.262,0.0520918785890074,2.176,0.079,2,2.6754,0.036
01/01/2006,GASOLINA COMUM,SUL,8958,R$/l,2.585,0.152,2.239,2.999,0.317,0.0588007736943907,2.268,0.092,2,2.7478,0.041
02/01/2006,GASOLINA COMUM,CENTRO OESTE,2936,R$/l,2.659,0.174,2.239,3.16,0.384,0.0654381346370816,2.275,0.065,2.13,2.6276,0.029
02/01/2006,GASOLINA COMUM,NORDESTE,7847,R$/l,2.603,0.101,2.27,2.94,0.381,0.0388013830195928,2.222,0.056,2.05,2.64,0.025
02/01/2006,GASOLINA COMUM,NORTE,2760,R$/l,2.662,0.172,2.35,3.3,0.349,0.0646130728775357,2.313,0.074,2.097,2.788,0.032
02/01/2006,GASOLINA COMUM,SUDESTE,21377,R$/l,2.441,0.127,2.07,2.999,0.261,0.0520278574354773,2.18,0.08,2,2.6339,0.037
02/01/2006,GASOLINA COMUM,SUL,7414,R$/l,2.59,0.15,2.23,2.998,0.329,0.0579150579150579,2.261,0.086,2,2.6229,0.038
03/01/2006,GASOLINA COMUM,CENTRO OESTE,4300,R$/l,2.659,0.2,2.289,3.5,0.34,0.0752162467092892,2.319,0.076,2.151,2.621,0.033
03/01/2006,GASOLINA COMUM,NORDESTE,9907,R$/l,2.672,0.111,2.29,2.999,0.388,0.0415419161676647,2.284,0.065,2.1,2.6,0.028
03/01/2006,GASOLINA COMUM,NORTE,3938,R$/l,2.689,0.175,2.38,3.44,0.353,0.0650799553737449,2.336,0.081,2.11,2.6063,0.035
03/01/2006,GASOLINA COMUM,SUDESTE,28017,R$/l,2.52,0.121,2.12,3.04,0.281,0.048015873015873,2.239,0.078,2,2.7615,0.035
03/01/2006,GASOLINA COMUM,SUL,10102,R$/l,2.652,0.133,2.25,3.02,0.34,0.0501508295625943,2.312,0.078,2.0034,2.6689,0.034
04/01/2006,GASOLINA COMUM,CENTRO OESTE,3577,R$/l,2.711,0.164,2.319,3.26,0.375,0.0604942825525636,2.336,0.076,2.2,2.695,0.033
04/01/2006,GASOLINA COMUM,NORDESTE,8388,R$/l,2.684,0.124,2.275,3.02,0.374,0.0461997019374069,2.31,0.062,2.1322,2.7669,0.027
04/01/2006,GASOLINA COMUM,NORTE,3201,R$/l,2.711,0.176,2.338,3.3,0.358,0.0649206934710439,2.353,0.085,2.145,2.6346,0.036
04/01/2006,GASOLINA COMUM,SUDESTE,23330,R$/l,2.521,0.121,2.155,3.04,0.265,0.0479968266560889,2.256,0.073,2,2.7673,0.032
04/01/2006,GASOLINA COMUM,SUL,8431,R$/l,2.653,0.148,2.185,3.04,0.339,0.055785902751602,2.314,0.078,2.03,2.7792,0.034
05/01/2006,GASOLINA COMUM,CENTRO OESTE,4282,R$/l,2.673,0.169,2.19,3.26,0.345,0.0632248410026188,2.328,0.075,2.0162,2.7085,0.032
05/01/2006,GASOLINA COMUM,NORDESTE,10112,R$/l,2.681,0.115,2.25,3.05,0.371,0.0428944423722492,2.31,0.061,2.085,2.75,0.026
05/01/2006,GASOLINA COMUM,NORTE,3860,R$/l,2.702,0.19,2.3,3.3,0.358,0.0703182827535159,2.344,0.095,1.8065,2.7135,0.041
05/01/2006,GASOLINA COMUM,SUDESTE,27905,R$/l,2.504,0.126,2.17,3.05,0.264,0.0503194888178914,2.24,0.075,2.0156,2.6731,0.033
05/01/2006,GASOLINA COMUM,SUL,10139,R$/l,2.651,0.132,1.87,3.04,0.342,0.049792531120332,2.309,0.075,2.03,2.8741,0.032
06/01/2006,GASOLINA COMUM,CENTRO OESTE,3937,R$/l,2.557,0.237,2.189,3.26,0.292,0.0926867422761048,2.265,0.089,2,2.6697,0.039
06/01/2006,GASOLINA COMUM,NORDESTE,8799,R$/l,2.664,0.132,2.249,3.05,0.377,0.0495495495495496,2.287,0.059,2.1245,2.6574,0.026
06/01/2006,GASOLINA COMUM,NORTE,3326,R$/l,2.671,0.208,2.25,3.3,0.354,0.0778734556345938,2.317,0.105,1.8344,2.707,0.045
06/01/2006,GASOLINA COMUM,SUDESTE,24687,R$/l,2.48,0.134,2.14,3.05,0.265,0.0540322580645161,2.215,0.073,2.05,2.6859,0.033
06/01/2006,GASOLINA COMUM,SUL,8830,R$/l,2.601,0.151,2.18,3,0.326,0.0580545943867743,2.275,0.08,1.976,2.705,0.035
07/01/2006,GASOLINA COMUM,CENTRO OESTE,3677,R$/l,2.638,0.186,2.19,3.26,0.365,0.0705079605761941,2.273,0.085,2.0568,2.6903,0.037
07/01/2006,GASOLINA COMUM,NORDESTE,9325,R$/l,2.668,0.13,2.189,3.05,0.386,0.0487256371814093,2.282,0.065,2.109,2.6974,0.028
07/01/2006,GASOLINA COMUM,NORTE,3589,R$/l,2.673,0.207,2.19,3.5,0.366,0.0774410774410774,2.307,0.104,2.13,2.7557,0.045
07/01/2006,GASOLINA COMUM,SUDESTE,24665,R$/l,2.485,0.128,2.14,3.099,0.269,0.0515090543259557,2.216,0.068,2.05,2.6908,0.031
07/01/2006,GASOLINA COMUM,SUL,9107,R$/l,2.608,0.147,2.149,3.004,0.333,0.0563650306748466,2.275,0.087,2.03,2.7301,0.038
08/01/2006,GASOLINA COMUM,CENTRO OESTE,4553,R$/l,2.69,0.146,2.264,3.26,0.387,0.054275092936803,2.303,0.071,2.1002,2.6715,0.031
08/01/2006,GASOLINA COMUM,NORDESTE,10135,R$/l,2.668,0.125,2.26,3.05,0.384,0.0468515742128936,2.284,0.063,2.115,2.7465,0.028
08/01/2006,GASOLINA COMUM,NORTE,3783,R$/l,2.666,0.203,2.29,3.3,0.365,0.0761440360090023,2.301,0.102,2.13,2.7053,0.044
08/01/2006,GASOLINA COMUM,SUDESTE,28901,R$/l,2.486,0.13,2.15,3.05,0.264,0.0522928399034594,2.222,0.069,1.91,2.702,0.031
08/01/2006,GASOLINA COMUM,SUL,10294,R$/l,2.592,0.163,2.089,3.004,0.325,0.0628858024691358,2.267,0.097,1.9159,2.7006,0.043
09/01/2006,GASOLINA COMUM,CENTRO OESTE,3571,R$/l,2.682,0.151,2.39,3.26,0.387,0.0563012677106637,2.295,0.071,2.151,2.6715,0.031
09/01/2006,GASOLINA COMUM,NORDESTE,8713,R$/l,2.685,0.113,2.22,3.05,0.4,0.0420856610800745,2.285,0.063,2.085,2.7465,0.028
09/01/2006,GASOLINA COMUM,NORTE,3275,R$/l,2.665,0.2,2.22,3.3,0.365,0.075046904315197,2.3,0.101,2.13,2.7053,0.044
09/01/2006,GASOLINA COMUM,SUDESTE,23825,R$/l,2.48,0.13,2.149,3.05,0.269,0.0524193548387097,2.211,0.072,1.91,2.7103,0.033
09/01/2006,GASOLINA COMUM,SUL,8678,R$/l,2.574,0.163,2.099,3,0.318,0.0633255633255633,2.256,0.094,2.01,2.67,0.042
10/01/2006,GASOLINA COMUM,CENTRO OESTE,3336,R$/l,2.615,0.187,2.218,3.26,0.349,0.0715105162523901,2.266,0.077,2.0367,2.6379,0.034
10/01/2006,GASOLINA COMUM,NORDESTE,8735,R$/l,2.673,0.122,2.2,2.99,0.402,0.0456416011971568,2.271,0.066,2.0909,2.7216,0.029
10/01/2006,GASOLINA COMUM,NORTE,3066,R$/l,2.645,0.209,2.25,3.5,0.351,0.0790170132325142,2.294,0.103,2.104,2.6962,0.045
10/01/2006,GASOLINA COMUM,SUDESTE,23689,R$/l,2.471,0.127,2.15,3.05,0.271,0.0513961958721166,2.2,0.071,2,2.6652,0.032
10/01/2006,GASOLINA COMUM,SUL,8741,R$/l,2.611,0.134,2.149,2.99,0.361,0.0513213328226733,2.25,0.092,2.0188,2.6929,0.041
11/01/2006,GASOLINA COMUM,CENTRO OESTE,3472,R$/l,2.676,0.171,2.26,3.26,0.403,0.0639013452914798,2.273,0.07,2.0813,2.6629,0.031
11/01/2006,GASOLINA COMUM,NORDESTE,8022,R$/l,2.633,0.145,2.2,2.99,0.385,0.0550702620584884,2.248,0.07,2.08,2.6164,0.031
11/01/2006,GASOLINA COMUM,NORTE,2744,R$/l,2.621,0.218,2.2,3.3,0.343,0.0831743609309424,2.278,0.103,2.0361,2.6962,0.045
11/01/2006,GASOLINA COMUM,SUDESTE,24113,R$/l,2.457,0.132,2.13,3.05,0.269,0.0537240537240537,2.188,0.074,1.955,2.6367,0.034
11/01/2006,GASOLINA COMUM,SUL,8771,R$/l,2.609,0.126,2.13,2.99,0.362,0.04829436565734,2.247,0.09,2.03,2.7398,0.04
12/01/2006,GASOLINA COMUM,CENTRO OESTE,3058,R$/l,2.667,0.171,2.23,3.26,0.404,0.0641169853768279,2.263,0.072,2.1151,2.6737,0.032
12/01/2006,GASOLINA COMUM,NORDESTE,7544,R$/l,2.627,0.146,2.17,2.99,0.407,0.0555767034640274,2.22,0.072,2.027,2.6526,0.032
12/01/2006,GASOLINA COMUM,NORTE,2609,R$/l,2.615,0.215,2.12,3.3,0.349,0.0822179732313575,2.266,0.1,2.027,2.6962,0.044
12/01/2006,GASOLINA COMUM,SUDESTE,21646,R$/l,2.453,0.131,2.129,3.05,0.287,0.053403995108031,2.166,0.077,2,2.5412,0.036
12/01/2006,GASOLINA COMUM,SUL,7965,R$/l,2.594,0.13,2.13,2.99,0.368,0.0501156515034696,2.226,0.095,2.01,2.6029,0.043
01/01/2007,GASOLINA COMUM,CENTRO OESTE,3881,R$/l,2.583,0.221,2.169,3.26,0.34,0.0855594270228417,2.243,0.079,2.0952,2.6528,0.035
01/01/2007,GASOLINA COMUM,NORDESTE,10056,R$/l,2.635,0.146,2.18,2.99,0.419,0.0554079696394687,2.216,0.07,2.0461,2.5218,0.032
01/01/2007,GASOLINA COMUM,NORTE,3507,R$/l,2.598,0.231,2.12,3.3,0.344,0.0889145496535797,2.254,0.106,2.027,2.604,0.047
01/01/2007,GASOLINA COMUM,SUDESTE,28925,R$/l,2.461,0.132,2.129,3.079,0.294,0.0536367330353515,2.167,0.078,2.0196,2.5789,0.036
01/01/2007,GASOLINA COMUM,SUL,10660,R$/l,2.567,0.131,2.08,2.999,0.373,0.0510323334631866,2.194,0.08,2,2.5809,0.036
02/01/2007,GASOLINA COMUM,CENTRO OESTE,3169,R$/l,2.615,0.193,2.169,3.25,0.388,0.0738049713193117,2.227,0.082,2.0726,2.6111,0.037
02/01/2007,GASOLINA COMUM,NORDESTE,8728,R$/l,2.631,0.146,2.19,2.99,0.415,0.0554922082858229,2.216,0.07,2.0526,2.524,0.032
02/01/2007,GASOLINA COMUM,NORTE,3117,R$/l,2.621,0.208,2.29,3.3,0.365,0.0793590232735597,2.256,0.1,2.06,2.6255,0.044
02/01/2007,GASOLINA COMUM,SUDESTE,25441,R$/l,2.454,0.135,1.96,3.079,0.29,0.0550122249388753,2.164,0.081,1.7005,2.62,0.037
02/01/2007,GASOLINA COMUM,SUL,9315,R$/l,2.531,0.132,2.049,2.999,0.361,0.0521532990912683,2.17,0.069,1.9491,2.5013,0.032
03/01/2007,GASOLINA COMUM,CENTRO OESTE,3147,R$/l,2.602,0.192,2.17,3.24,0.373,0.0737893927747886,2.229,0.077,2.0285,2.5765,0.035
03/01/2007,GASOLINA COMUM,NORDESTE,8674,R$/l,2.645,0.13,2.19,2.995,0.432,0.0491493383742911,2.213,0.07,2.0201,2.5973,0.032
03/01/2007,GASOLINA COMUM,NORTE,3108,R$/l,2.614,0.212,2.279,3.3,0.362,0.0811017597551645,2.252,0.093,2.08,2.6373,0.041
03/01/2007,GASOLINA COMUM,SUDESTE,25366,R$/l,2.459,0.131,2.088,3.079,0.297,0.0532736884912566,2.162,0.081,1.95,2.5939,0.037
03/01/2007,GASOLINA COMUM,SUL,9279,R$/l,2.525,0.125,2.129,2.999,0.351,0.0495049504950495,2.174,0.062,1.9491,2.6463,0.029
04/01/2007,GASOLINA COMUM,CENTRO OESTE,3152,R$/l,2.592,0.194,2.17,3.23,0.331,0.0748456790123457,2.261,0.078,2.0767,2.6101,0.034
04/01/2007,GASOLINA COMUM,NORDESTE,8638,R$/l,2.659,0.112,2.15,2.99,0.442,0.042121098157202,2.217,0.067,2.019,2.51,0.03
04/01/2007,GASOLINA COMUM,NORTE,3098,R$/l,2.613,0.211,2.269,3.31,0.354,0.0807500956754688,2.259,0.092,1.91,2.6373,0.041
04/01/2007,GASOLINA COMUM,SUDESTE,25210,R$/l,2.48,0.125,2.119,3.119,0.293,0.0504032258064516,2.187,0.083,1.95,2.5844,0.038
04/01/2007,GASOLINA COMUM,SUL,9178,R$/l,2.536,0.125,2.149,2.999,0.332,0.0492902208201893,2.204,0.06,1.981,2.5689,0.027
05/01/2007,GASOLINA COMUM,CENTRO OESTE,3927,R$/l,2.678,0.158,2.24,3.23,0.394,0.0589992531740105,2.284,0.07,2.0825,2.6201,0.031
05/01/2007,GASOLINA COMUM,NORDESTE,10810,R$/l,2.642,0.117,2.19,2.99,0.419,0.0442846328538986,2.223,0.065,2,2.65,0.029
05/01/2007,GASOLINA COMUM,NORTE,3826,R$/l,2.638,0.194,2.279,3.3,0.36,0.0735405610310842,2.278,0.091,2.1,2.6569,0.04
05/01/2007,GASOLINA COMUM,SUDESTE,31541,R$/l,2.491,0.123,2.14,3.119,0.292,0.0493777599357688,2.199,0.081,1.95,2.59,0.037
05/01/2007,GASOLINA COMUM,SUL,11503,R$/l,2.506,0.15,2.07,2.999,0.307,0.0598563447725459,2.199,0.063,1.9578,2.569,0.029
06/01/2007,GASOLINA COMUM,CENTRO OESTE,3135,R$/l,2.683,0.164,2.199,3.23,0.436,0.0611256056653,2.247,0.077,2.108,2.6201,0.034
06/01/2007,GASOLINA COMUM,NORDESTE,8649,R$/l,2.607,0.13,2.18,2.999,0.396,0.0498657460682777,2.211,0.063,2.0201,2.5234,0.028
06/01/2007,GASOLINA COMUM,NORTE,3039,R$/l,2.616,0.212,2.17,3.3,0.358,0.081039755351682,2.258,0.095,2.0208,2.5665,0.042
06/01/2007,GASOLINA COMUM,SUDESTE,25178,R$/l,2.472,0.124,2.13,3.119,0.312,0.0501618122977346,2.16,0.089,1.96,2.5743,0.041
06/01/2007,GASOLINA COMUM,SUL,9164,R$/l,2.521,0.138,2.079,2.999,0.352,0.0547401824672749,2.169,0.061,1.9578,2.5415,0.028
07/01/2007,GASOLINA COMUM,CENTRO OESTE,3620,R$/l,2.654,0.164,2.25,3.23,0.445,0.0617935192162773,2.209,0.078,2.069,2.5915,0.035
07/01/2007,GASOLINA COMUM,NORDESTE,10318,R$/l,2.589,0.152,2.14,2.99,0.404,0.0587099266125917,2.185,0.066,2.003,2.4675,0.03
07/01/2007,GASOLINA COMUM,NORTE,3574,R$/l,2.591,0.223,2.14,3.3,0.367,0.0860671555384022,2.224,0.098,2,2.5301,0.044
07/01/2007,GASOLINA COMUM,SUDESTE,29569,R$/l,2.451,0.127,2.09,3.119,0.33,0.0518155854753162,2.121,0.095,1.905,2.5138,0.045
07/01/2007,GASOLINA COMUM,SUL,10815,R$/l,2.51,0.12,2.109,2.99,0.374,0.047808764940239,2.136,0.06,1.965,2.4918,0.028
08/01/2007,GASOLINA COMUM,CENTRO OESTE,2886,R$/l,2.552,0.21,2.099,3.2,0.368,0.0822884012539185,2.184,0.079,2.0375,2.5394,0.036
08/01/2007,GASOLINA COMUM,NORDESTE,7508,R$/l,2.604,0.144,2.119,2.99,0.427,0.0552995391705069,2.177,0.066,2.0062,2.4211,0.03
08/01/2007,GASOLINA COMUM,NORTE,2751,R$/l,2.566,0.241,2.07,3.3,0.361,0.0939204988308652,2.205,0.105,1.964,2.699,0.048
08/01/2007,GASOLINA COMUM,SUDESTE,20981,R$/l,2.432,0.131,2.099,3.119,0.33,0.0538651315789474,2.102,0.094,1.908,2.5138,0.045
08/01/2007,GASOLINA COMUM,SUL,7622,R$/l,2.504,0.108,2.188,2.95,0.374,0.0431309904153355,2.13,0.055,1.95,2.4213,0.026
09/01/2007,GASOLINA COMUM,CENTRO OESTE,2429,R$/l,2.544,0.204,2.09,3.18,0.369,0.080188679245283,2.175,0.081,2.023,2.487,0.037
09/01/2007,GASOLINA COMUM,NORDESTE,6518,R$/l,2.588,0.146,2.09,2.99,0.419,0.0564142194744977,2.169,0.064,1.9817,2.4276,0.03
09/01/2007,GASOLINA COMUM,NORTE,2318,R$/l,2.568,0.242,2.07,3.3,0.367,0.0942367601246106,2.201,0.109,1.9605,2.69,0.05
09/01/2007,GASOLINA COMUM,SUDESTE,17261,R$/l,2.417,0.138,2,3.119,0.323,0.0570955730244104,2.094,0.092,1.93,2.48,0.044
09/01/2007,GASOLINA COMUM,SUL,6283,R$/l,2.477,0.119,2.13,2.9,0.361,0.0480419862737182,2.116,0.055,1.97,2.4415,0.026
10/01/2007,GASOLINA COMUM,CENTRO OESTE,3064,R$/l,2.601,0.144,2.239,3.18,0.417,0.055363321799308,2.184,0.073,2.049,2.4831,0.033
10/01/2007,GASOLINA COMUM,NORDESTE,8241,R$/l,2.577,0.153,2.15,2.998,0.416,0.0593713620488941,2.161,0.063,1.9817,2.4074,0.029
10/01/2007,GASOLINA COMUM,NORTE,2963,R$/l,2.555,0.241,2.07,3.3,0.361,0.0943248532289628,2.194,0.108,1.9662,2.8737,0.049
10/01/2007,GASOLINA COMUM,SUDESTE,21634,R$/l,2.416,0.138,2.099,3.119,0.326,0.0571192052980133,2.09,0.09,1.92,2.479,0.043
10/01/2007,GASOLINA COMUM,SUL,7881,R$/l,2.482,0.116,2.12,2.899,0.372,0.0467365028203062,2.11,0.055,1.959,2.489,0.026
11/01/2007,GASOLINA COMUM,CENTRO OESTE,2447,R$/l,2.625,0.146,2.239,3.05,0.425,0.0556190476190476,2.2,0.07,2.06,2.49,0.032
11/01/2007,GASOLINA COMUM,NORDESTE,6546,R$/l,2.557,0.156,2.14,2.99,0.401,0.0610089949159171,2.156,0.061,2,2.441,0.028
11/01/2007,GASOLINA COMUM,NORTE,2346,R$/l,2.577,0.227,2.15,3.33,0.375,0.0880869227784245,2.202,0.108,2.01,2.5883,0.049
11/01/2007,GASOLINA COMUM,SUDESTE,17227,R$/l,2.429,0.132,2.099,3.119,0.324,0.0543433511733224,2.105,0.09,1.923,2.4402,0.043
11/01/2007,GASOLINA COMUM,SUL,6282,R$/l,2.505,0.102,2.169,2.9,0.375,0.0407185628742515,2.13,0.055,1.96,2.5515,0.026
12/01/2007,GASOLINA COMUM,CENTRO OESTE,2801,R$/l,2.66,0.138,2.35,3.052,0.432,0.0518796992481203,2.228,0.075,2.056,2.5242,0.034
12/01/2007,GASOLINA COMUM,NORDESTE,7290,R$/l,2.601,0.133,2.15,2.99,0.422,0.0511341791618608,2.179,0.064,2.0054,2.509,0.029
12/01/2007,GASOLINA COMUM,NORTE,2580,R$/l,2.608,0.215,2.29,3.3,0.379,0.0824386503067485,2.229,0.111,2,2.5837,0.05
12/01/2007,GASOLINA COMUM,SUDESTE,18820,R$/l,2.444,0.129,2.099,3.119,0.314,0.0527823240589198,2.13,0.087,1.9,2.4484,0.041
12/01/2007,GASOLINA COMUM,SUL,6540,R$/l,2.522,0.106,2.18,2.9,0.367,0.04203013481364,2.155,0.053,1.9983,2.5515,0.025
01/01/2008,GASOLINA COMUM,CENTRO OESTE,2659,R$/l,2.643,0.144,2.34,3.056,0.405,0.054483541430193,2.238,0.069,2.069,2.5272,0.031
01/01/2008,GASOLINA COMUM,NORDESTE,7423,R$/l,2.602,0.13,2.149,2.99,0.414,0.0499615680245965,2.188,0.066,2.004,2.5599,0.03
01/01/2008,GASOLINA COMUM,NORTE,2717,R$/l,2.626,0.211,2.25,3.3,0.385,0.0803503427265804,2.241,0.111,2.01,2.6075,0.05
01/01/2008,GASOLINA COMUM,SUDESTE,19952,R$/l,2.443,0.131,2.09,3.119,0.313,0.0536225951698731,2.13,0.085,1.943,2.45,0.04
01/01/2008,GASOLINA COMUM,SUL,7562,R$/l,2.506,0.11,2.139,2.9,0.351,0.0438946528332003,2.155,0.055,2.0182,2.4676,0.026
02/01/2008,GASOLINA COMUM,CENTRO OESTE,2429,R$/l,2.647,0.153,2.24,3.05,0.417,0.0578012844729883,2.23,0.075,2.111,2.5654,0.034
02/01/2008,GASOLINA COMUM,NORDESTE,6540,R$/l,2.585,0.132,2.15,2.99,0.402,0.0510638297872341,2.183,0.067,2,2.4272,0.031
02/01/2008,GASOLINA COMUM,NORTE,2359,R$/l,2.629,0.212,2.19,3.3,0.391,0.0806390262457208,2.238,0.115,2.0537,2.5837,0.051
02/01/2008,GASOLINA COMUM,SUDESTE,17250,R$/l,2.437,0.132,2.079,3.119,0.313,0.0541649569142388,2.124,0.087,1.949,2.4809,0.041
02/01/2008,GASOLINA COMUM,SUL,6280,R$/l,2.444,0.153,2.019,2.88,0.313,0.0626022913256956,2.131,0.061,1.9012,2.405,0.029
03/01/2008,GASOLINA COMUM,CENTRO OESTE,2438,R$/l,2.572,0.187,2.15,3.05,0.354,0.072706065318818,2.218,0.08,2.0026,2.5654,0.036
03/01/2008,GASOLINA COMUM,NORDESTE,6556,R$/l,2.57,0.135,2.229,2.99,0.392,0.0525291828793774,2.178,0.063,2.015,2.4337,0.029
03/01/2008,GASOLINA COMUM,NORTE,2347,R$/l,2.648,0.196,2.32,3.35,0.401,0.0740181268882175,2.247,0.116,2.05,2.6242,0.052
03/01/2008,GASOLINA COMUM,SUDESTE,17272,R$/l,2.441,0.132,2.09,3.149,0.317,0.0540761982793937,2.124,0.086,1.92,2.4754,0.04
03/01/2008,GASOLINA COMUM,SUL,6288,R$/l,2.501,0.121,2.059,2.85,0.36,0.0483806477409036,2.141,0.06,1.88,2.431,0.028
04/01/2008,GASOLINA COMUM,CENTRO OESTE,3037,R$/l,2.571,0.192,2.2,3.05,0.357,0.0746791131855309,2.214,0.08,2.0432,2.5455,0.036
04/01/2008,GASOLINA COMUM,NORDESTE,8192,R$/l,2.584,0.131,2.219,2.99,0.4,0.0506965944272446,2.184,0.062,2.015,2.4433,0.028
04/01/2008,GASOLINA COMUM,NORTE,2941,R$/l,2.637,0.201,2.32,3.35,0.388,0.0762229806598407,2.249,0.115,2.04,2.6242,0.051
04/01/2008,GASOLINA COMUM,SUDESTE,21629,R$/l,2.44,0.131,2.09,3.149,0.312,0.0536885245901639,2.128,0.089,1.9,2.4774,0.042
04/01/2008,GASOLINA COMUM,SUL,7868,R$/l,2.497,0.12,2.059,2.88,0.342,0.0480576692030437,2.155,0.059,1.969,2.4443,0.027
05/01/2008,GASOLINA COMUM,CENTRO OESTE,2469,R$/l,2.56,0.185,2.18,3.08,0.339,0.072265625,2.221,0.076,2.095,2.5472,0.034
05/01/2008,GASOLINA COMUM,NORDESTE,6642,R$/l,2.59,0.133,1.95,2.99,0.394,0.0513513513513514,2.196,0.065,2.03,2.4749,0.03
05/01/2008,GASOLINA COMUM,NORTE,2390,R$/l,2.634,0.202,2.32,3.35,0.39,0.0766894457099469,2.244,0.111,2.05,2.5945,0.049
05/01/2008,GASOLINA COMUM,SUDESTE,17309,R$/l,2.444,0.132,2.09,3.19,0.316,0.0540098199672668,2.128,0.088,1.84,2.486,0.041
05/01/2008,GASOLINA COMUM,SUL,6276,R$/l,2.492,0.124,2.08,2.89,0.337,0.0497592295345104,2.155,0.059,1.844,2.4507,0.027
06/01/2008,GASOLINA COMUM,CENTRO OESTE,2519,R$/l,2.547,0.176,2.22,3.2,0.329,0.0691009030231645,2.218,0.073,2.084,2.5493,0.033
06/01/2008,GASOLINA COMUM,NORDESTE,6661,R$/l,2.594,0.128,2.199,2.99,0.389,0.0493446414803393,2.205,0.064,2.0062,2.4904,0.029
06/01/2008,GASOLINA COMUM,NORTE,2457,R$/l,2.62,0.208,2.18,3.3,0.373,0.0793893129770992,2.247,0.111,2.0269,2.5945,0.049
06/01/2008,GASOLINA COMUM,SUDESTE,17302,R$/l,2.439,0.133,2.09,3.139,0.313,0.0545305453054531,2.126,0.088,1.918,2.5113,0.041
06/01/2008,GASOLINA COMUM,SUL,6309,R$/l,2.493,0.131,2.069,2.897,0.344,0.0525471319695146,2.149,0.061,1.93,2.5615,0.028
07/01/2008,GASOLINA COMUM,CENTRO OESTE,3150,R$/l,2.549,0.179,2.21,3.2,0.332,0.070223617104747,2.217,0.072,2.066,2.5493,0.032
07/01/2008,GASOLINA COMUM,NORDESTE,8312,R$/l,2.611,0.122,2.199,2.99,0.389,0.0467253925698966,2.222,0.062,1.91,2.5249,0.028
07/01/2008,GASOLINA COMUM,NORTE,3039,R$/l,2.628,0.204,2.17,3.3,0.379,0.0776255707762557,2.249,0.112,2.0428,2.5929,0.05
07/01/2008,GASOLINA COMUM,SUDESTE,21656,R$/l,2.437,0.133,2.049,3.149,0.31,0.0545752974969225,2.127,0.089,1.9,2.5113,0.042
07/01/2008,GASOLINA COMUM,SUL,7877,R$/l,2.511,0.126,2.069,2.89,0.351,0.050179211469534,2.16,0.061,1.93,2.552,0.028
08/01/2008,GASOLINA COMUM,CENTRO OESTE,2520,R$/l,2.556,0.165,2.21,3.09,0.327,0.0645539906103286,2.229,0.07,2.0558,2.5443,0.031
08/01/2008,GASOLINA COMUM,NORDESTE,6616,R$/l,2.626,0.114,2.23,2.99,0.391,0.0434120335110434,2.235,0.06,2.065,2.5193,0.027
08/01/2008,GASOLINA COMUM,NORTE,2426,R$/l,2.641,0.198,2.29,3.3,0.378,0.0749716016660356,2.263,0.113,2.01,2.628,0.05
08/01/2008,GASOLINA COMUM,SUDESTE,17257,R$/l,2.443,0.13,2.099,3.16,0.306,0.0532132623823168,2.137,0.088,1.95,2.516,0.041
08/01/2008,GASOLINA COMUM,SUL,6301,R$/l,2.504,0.132,2.069,2.89,0.338,0.0527156549520767,2.166,0.062,1.843,2.4125,0.029
09/01/2008,GASOLINA COMUM,CENTRO OESTE,2540,R$/l,2.543,0.154,2.17,3.09,0.322,0.060558395595753,2.221,0.071,2.0945,2.5443,0.032
09/01/2008,GASOLINA COMUM,NORDESTE,6646,R$/l,2.619,0.119,2.188,2.99,0.382,0.0454371897670867,2.237,0.059,2.02,2.523,0.026
09/01/2008,GASOLINA COMUM,NORTE,2461,R$/l,2.667,0.192,2.33,3.33,0.401,0.0719910011248594,2.266,0.118,2.05,2.8173,0.052
09/01/2008,GASOLINA COMUM,SUDESTE,17326,R$/l,2.447,0.129,2.099,3.189,0.309,0.0527176134041684,2.138,0.086,1.937,2.4808,0.04
09/01/2008,GASOLINA COMUM,SUL,6305,R$/l,2.531,0.108,2.17,2.899,0.354,0.042670881074674,2.177,0.058,1.964,2.43,0.027
10/01/2008,GASOLINA COMUM,CENTRO OESTE,3152,R$/l,2.56,0.155,2.139,3.2,0.344,0.060546875,2.216,0.077,2,2.5516,0.035
10/01/2008,GASOLINA COMUM,NORDESTE,8322,R$/l,2.6,0.121,2.149,2.99,0.376,0.0465384615384615,2.224,0.062,1.995,2.5042,0.028
10/01/2008,GASOLINA COMUM,NORTE,3078,R$/l,2.664,0.201,2.32,3.33,0.397,0.0754504504504505,2.267,0.127,2.05,2.8,0.056
10/01/2008,GASOLINA COMUM,SUDESTE,21680,R$/l,2.453,0.129,1.39,3.189,0.307,0.0525886669384427,2.146,0.086,1.95,2.4824,0.04
10/01/2008,GASOLINA COMUM,SUL,7908,R$/l,2.53,0.105,2.239,2.879,0.342,0.041501976284585,2.188,0.056,2.0196,2.435,0.026
11/01/2008,GASOLINA COMUM,CENTRO OESTE,2535,R$/l,2.611,0.125,2.27,3.2,0.373,0.0478743776330908,2.238,0.067,2.0769,2.5498,0.03
11/01/2008,GASOLINA COMUM,NORDESTE,6663,R$/l,2.583,0.123,2.29,2.99,0.368,0.0476190476190476,2.215,0.061,2.004,2.5177,0.028
11/01/2008,GASOLINA COMUM,NORTE,2456,R$/l,2.669,0.198,2.3,3.33,0.397,0.074185088047958,2.272,0.127,2.03,2.8,0.056
11/01/2008,GASOLINA COMUM,SUDESTE,17308,R$/l,2.454,0.127,2.157,3.19,0.305,0.0517522412387938,2.149,0.085,1.9321,2.4829,0.04
11/01/2008,GASOLINA COMUM,SUL,6277,R$/l,2.536,0.1,2.25,2.86,0.346,0.0394321766561514,2.19,0.054,2.05,2.4322,0.025
12/01/2008,GASOLINA COMUM,CENTRO OESTE,3137,R$/l,2.656,0.115,2.27,3.2,0.41,0.0432981927710843,2.246,0.064,2.1,2.5509,0.028
12/01/2008,GASOLINA COMUM,NORDESTE,8319,R$/l,2.59,0.126,2.32,2.99,0.383,0.0486486486486487,2.207,0.064,2.004,2.5229,0.029
12/01/2008,GASOLINA COMUM,NORTE,3096,R$/l,2.699,0.177,2.26,3.33,0.427,0.0655798443868099,2.272,0.135,2.05,2.8,0.059
12/01/2008,GASOLINA COMUM,SUDESTE,21682,R$/l,2.455,0.128,2.17,3.19,0.304,0.0521384928716904,2.151,0.084,1.95,2.5455,0.039
12/01/2008,GASOLINA COMUM,SUL,7883,R$/l,2.527,0.103,2.199,2.85,0.337,0.0407597942223981,2.19,0.055,2.0158,2.4322,0.025
01/01/2009,GASOLINA COMUM,CENTRO OESTE,2518,R$/l,2.664,0.112,2.27,3.06,0.405,0.042042042042042,2.259,0.063,2.1245,2.5723,0.028
01/01/2009,GASOLINA COMUM,NORDESTE,6639,R$/l,2.573,0.143,2.169,2.999,0.372,0.0555771472988729,2.201,0.067,2.02,2.5229,0.03
01/01/2009,GASOLINA COMUM,NORTE,2456,R$/l,2.705,0.171,2.33,3.33,0.422,0.0632162661737523,2.283,0.123,2.02,2.7327,0.054
01/01/2009,GASOLINA COMUM,SUDESTE,17291,R$/l,2.453,0.129,2.149,3.209,0.303,0.0525886669384427,2.15,0.086,1.95,2.4845,0.04
01/01/2009,GASOLINA COMUM,SUL,6303,R$/l,2.527,0.102,2.25,2.89,0.338,0.0403640680648991,2.189,0.054,2.02,2.4195,0.025
02/01/2009,GASOLINA COMUM,CENTRO OESTE,2482,R$/l,2.651,0.12,2.23,3.06,0.395,0.04526593738212,2.256,0.061,2.1296,2.5887,0.027
02/01/2009,GASOLINA COMUM,NORDESTE,6629,R$/l,2.603,0.129,2.099,2.99,0.391,0.0495582020745294,2.212,0.068,1.9998,2.4907,0.031
02/01/2009,GASOLINA COMUM,NORTE,2457,R$/l,2.698,0.176,2.37,3.34,0.413,0.0652335063009637,2.285,0.123,2.02,2.71,0.054
02/01/2009,GASOLINA COMUM,SUDESTE,17286,R$/l,2.453,0.129,2.149,3.209,0.305,0.0525886669384427,2.148,0.087,1.92,2.491,0.041
02/01/2009,GASOLINA COMUM,SUL,6309,R$/l,2.522,0.108,2.189,2.85,0.336,0.0428231562252181,2.186,0.052,2,2.3999,0.024
03/01/2009,GASOLINA COMUM,CENTRO OESTE,2912,R$/l,2.651,0.114,2.27,3.06,0.397,0.043002640513014,2.254,0.062,2.13,2.5747,0.028
03/01/2009,GASOLINA COMUM,NORDESTE,7705,R$/l,2.604,0.129,1.99,2.99,0.392,0.0495391705069124,2.212,0.071,1.9082,2.4876,0.032
03/01/2009,GASOLINA COMUM,NORTE,2943,R$/l,2.703,0.172,2.31,3.34,0.42,0.0636330003699593,2.283,0.117,2.0307,2.71,0.051
03/01/2009,GASOLINA COMUM,SUDESTE,20413,R$/l,2.45,0.13,2.167,3.209,0.308,0.0530612244897959,2.142,0.089,1.8773,2.5,0.042
03/01/2009,GASOLINA COMUM,SUL,7368,R$/l,2.507,0.115,2.129,2.85,0.33,0.0458715596330275,2.177,0.054,2,2.3957,0.025
04/01/2009,GASOLINA COMUM,CENTRO OESTE,2708,R$/l,2.648,0.11,2.27,3.06,0.411,0.0415407854984894,2.237,0.066,2.1,2.49,0.03
04/01/2009,GASOLINA COMUM,NORDESTE,7220,R$/l,2.544,0.15,2.109,2.99,0.354,0.0589622641509434,2.19,0.067,1.8946,2.4747,0.031
04/01/2009,GASOLINA COMUM,NORTE,2618,R$/l,2.699,0.173,2.31,3.33,0.418,0.0640978140051871,2.281,0.116,2.051,2.71,0.051
04/01/2009,GASOLINA COMUM,SUDESTE,18536,R$/l,2.438,0.134,2.09,3.229,0.317,0.0549630844954881,2.121,0.098,1.81,2.465,0.046
04/01/2009,GASOLINA COMUM,SUL,6886,R$/l,2.517,0.103,2.169,2.85,0.339,0.0409217322208979,2.178,0.054,1.998,2.49,0.025
05/01/2009,GASOLINA COMUM,CENTRO OESTE,2520,R$/l,2.634,0.128,2.269,3.05,0.404,0.0485952923310554,2.23,0.07,2.088,2.49,0.031
05/01/2009,GASOLINA COMUM,NORDESTE,6668,R$/l,2.527,0.159,2.097,2.99,0.352,0.0629204590423427,2.175,0.067,2,2.4648,0.031
05/01/2009,GASOLINA COMUM,NORTE,2474,R$/l,2.673,0.193,2.24,3.33,0.402,0.0722035166479611,2.271,0.123,2.08,2.7,0.054
05/01/2009,GASOLINA COMUM,SUDESTE,17293,R$/l,2.432,0.135,2.059,3.229,0.319,0.0555098684210526,2.113,0.098,1.83,2.4404,0.046
05/01/2009,GASOLINA COMUM,SUL,6316,R$/l,2.49,0.115,2.17,2.85,0.321,0.0461847389558233,2.169,0.051,2.01,2.3895,0.024
06/01/2009,GASOLINA COMUM,CENTRO OESTE,2946,R$/l,2.639,0.119,2.27,3.05,0.422,0.0450928381962865,2.217,0.074,2.07,2.497,0.033
06/01/2009,GASOLINA COMUM,NORDESTE,7599,R$/l,2.573,0.139,2.119,2.99,0.395,0.0540225417800233,2.178,0.071,1.99,2.44,0.033
06/01/2009,GASOLINA COMUM,NORTE,2955,R$/l,2.687,0.182,2.29,3.33,0.418,0.0677335318198735,2.269,0.122,2.08,2.7,0.054
06/01/2009,GASOLINA COMUM,SUDESTE,19959,R$/l,2.421,0.138,2.099,3.229,0.317,0.057001239157373,2.104,0.098,1.7911,2.4337,0.047
06/01/2009,GASOLINA COMUM,SUL,7199,R$/l,2.487,0.112,2.139,2.85,0.328,0.0450341777241657,2.159,0.052,1.962,2.3702,0.024
07/01/2009,GASOLINA COMUM,CENTRO OESTE,2719,R$/l,2.634,0.113,2.19,3.05,0.415,0.0429005315110099,2.219,0.072,2.07,2.49,0.032
07/01/2009,GASOLINA COMUM,NORDESTE,7361,R$/l,2.597,0.118,2.23,2.99,0.4,0.045437042741625,2.197,0.065,1.99,2.4869,0.03
07/01/2009,GASOLINA COMUM,NORTE,2633,R$/l,2.663,0.194,2.15,3.33,0.403,0.0728501689823507,2.26,0.123,1.86,2.7,0.054
07/01/2009,GASOLINA COMUM,SUDESTE,18951,R$/l,2.419,0.137,2.099,3.229,0.31,0.0566349731293923,2.109,0.1,1.82,2.4488,0.047
07/01/2009,GASOLINA COMUM,SUL,7002,R$/l,2.504,0.102,2.088,2.85,0.33,0.0407348242811502,2.174,0.054,1.988,2.4094,0.025
08/01/2009,GASOLINA COMUM,CENTRO OESTE,1364,R$/l,2.638,0.117,2.24,3.05,0.4,0.0443517816527673,2.238,0.065,2.08,2.4702,0.029
08/01/2009,GASOLINA COMUM,NORDESTE,3537,R$/l,2.6,0.115,2.25,2.99,0.396,0.0442307692307692,2.204,0.065,2.013,2.4182,0.029
08/01/2009,GASOLINA COMUM,NORTE,1314,R$/l,2.665,0.197,2.17,3.33,0.413,0.073921200750469,2.252,0.13,2.01,2.7,0.058
08/01/2009,GASOLINA COMUM,SUDESTE,8932,R$/l,2.424,0.133,2.119,3.229,0.306,0.0548679867986799,2.118,0.099,1.83,2.4488,0.047
08/01/2009,GASOLINA COMUM,SUL,3210,R$/l,2.516,0.102,2.049,2.84,0.336,0.0405405405405405,2.18,0.054,1.8278,2.3775,0.025
09/01/2009,GASOLINA COMUM,CENTRO OESTE,1436,R$/l,2.628,0.114,2.23,2.994,0.392,0.04337899543379,2.236,0.068,2.1005,2.4779,0.03
09/01/2009,GASOLINA COMUM,NORDESTE,3795,R$/l,2.588,0.135,2.11,2.954,0.381,0.0521638330757342,2.207,0.068,2,2.7066,0.031
09/01/2009,GASOLINA COMUM,NORTE,1441,R$/l,2.662,0.143,2.12,3.333,0.394,0.0537190082644628,2.268,0.107,1.744,2.7903,0.047
09/01/2009,GASOLINA COMUM,SUDESTE,9285,R$/l,2.418,0.124,2.043,2.999,0.292,0.0512820512820513,2.126,0.099,1.657,2.7341,0.047
09/01/2009,GASOLINA COMUM,SUL,2467,R$/l,2.493,0.09,2.249,2.999,0.311,0.036101083032491,2.182,0.058,2.021,2.57,0.027
10/01/2009,GASOLINA COMUM,CENTRO OESTE,2353,R$/l,2.653,0.129,2.159,3.09,0.386,0.0486241990199774,2.267,0.068,2.06,2.5767,0.03
10/01/2009,GASOLINA COMUM,NORDESTE,5782,R$/l,2.597,0.137,2.05,3.39,0.367,0.0527531767423951,2.23,0.077,1.5277,2.7371,0.035
10/01/2009,GASOLINA COMUM,NORTE,1713,R$/l,2.683,0.191,2.08,3.33,0.401,0.0711889675736116,2.282,0.132,1.744,2.859,0.058
10/01/2009,GASOLINA COMUM,SUDESTE,12631,R$/l,2.465,0.118,2.093,3.09,0.298,0.0478701825557809,2.167,0.098,1.56,2.599,0.045
10/01/2009,GASOLINA COMUM,SUL,3739,R$/l,2.552,0.09,2.074,3.26,0.328,0.0352664576802508,2.224,0.062,1.62,2.58,0.028
11/01/2009,GASOLINA COMUM,CENTRO OESTE,2416,R$/l,2.693,0.124,2.288,3.12,0.399,0.0460453026364649,2.294,0.065,2.0396,2.5094,0.028
11/01/2009,GASOLINA COMUM,NORDESTE,6612,R$/l,2.59,0.14,2.059,2.99,0.353,0.0540540540540541,2.237,0.072,1.1111,2.8194,0.032
11/01/2009,GASOLINA COMUM,NORTE,1810,R$/l,2.729,0.172,2.389,3.38,0.412,0.0630267497251741,2.317,0.125,1.65,2.73,0.054
11/01/2009,GASOLINA COMUM,SUDESTE,15272,R$/l,2.49,0.121,2.111,3.29,0.306,0.0485943775100402,2.184,0.1,1.5338,2.7878,0.046
11/01/2009,GASOLINA COMUM,SUL,5209,R$/l,2.577,0.085,1.963,3.5,0.333,0.0329840900271634,2.244,0.057,1.6732,2.6,0.025
12/01/2009,GASOLINA COMUM,CENTRO OESTE,2617,R$/l,2.699,0.111,2.266,3.29,0.4,0.0411263430900334,2.299,0.062,2.111,2.54,0.027
12/01/2009,GASOLINA COMUM,NORDESTE,7339,R$/l,2.59,0.142,2.059,2.99,0.359,0.0548262548262548,2.231,0.065,1.689,2.8767,0.029
12/01/2009,GASOLINA COMUM,NORTE,2137,R$/l,2.732,0.16,2.1,3.33,0.402,0.0585651537335285,2.33,0.107,1.8247,2.73,0.046
12/01/2009,GASOLINA COMUM,SUDESTE,16640,R$/l,2.498,0.121,2.119,3.299,0.307,0.0484387510008006,2.191,0.097,1.62,2.71,0.044
12/01/2009,GASOLINA COMUM,SUL,6549,R$/l,2.575,0.093,2.068,3.297,0.326,0.0361165048543689,2.249,0.052,2.0124,2.6,0.023
01/01/2010,GASOLINA COMUM,CENTRO OESTE,2288,R$/l,2.709,0.119,2.349,3.29,0.384,0.0439276485788114,2.325,0.061,2.1365,2.54,0.026
01/01/2010,GASOLINA COMUM,NORDESTE,6103,R$/l,2.613,0.133,2.25,2.99,0.357,0.0508993494068121,2.256,0.065,2.079,2.648,0.029
01/01/2010,GASOLINA COMUM,NORTE,1819,R$/l,2.75,0.145,2.45,3.33,0.4,0.0527272727272727,2.35,0.096,2.14,2.6191,0.041
01/01/2010,GASOLINA COMUM,SUDESTE,14951,R$/l,2.534,0.124,2.119,3.299,0.312,0.0489344909234412,2.222,0.097,1.5487,2.6654,0.044
01/01/2010,GASOLINA COMUM,SUL,5818,R$/l,2.608,0.089,2.25,2.91,0.331,0.0341257668711656,2.277,0.053,1.7735,2.579,0.023
02/01/2010,GASOLINA COMUM,CENTRO OESTE,2304,R$/l,2.716,0.123,2.379,3.29,0.34,0.0452871870397644,2.376,0.066,2.173,2.69,0.028
02/01/2010,GASOLINA COMUM,NORDESTE,6276,R$/l,2.631,0.147,2.04,2.999,0.356,0.0558722919042189,2.275,0.071,2.0778,2.63,0.031
02/01/2010,GASOLINA COMUM,NORTE,1981,R$/l,2.796,0.148,2.45,3.33,0.433,0.0529327610872675,2.363,0.089,2.14,2.6387,0.038
02/01/2010,GASOLINA COMUM,SUDESTE,15951,R$/l,2.562,0.126,2.13,3.379,0.328,0.0491803278688525,2.234,0.098,1.6238,2.744,0.044
02/01/2010,GASOLINA COMUM,SUL,5991,R$/l,2.633,0.097,2.179,3.49,0.344,0.036840106342575,2.289,0.058,2.076,2.665,0.025
03/01/2010,GASOLINA COMUM,CENTRO OESTE,3007,R$/l,2.681,0.15,2.26,3.29,0.33,0.0559492726594554,2.351,0.073,2.1648,2.5512,0.031
03/01/2010,GASOLINA COMUM,NORDESTE,7949,R$/l,2.608,0.162,2.16,2.999,0.37,0.0621165644171779,2.238,0.072,1.5487,2.9549,0.032
03/01/2010,GASOLINA COMUM,NORTE,2759,R$/l,2.739,0.185,2.178,3.499,0.402,0.0675428988682001,2.337,0.095,1.9464,2.633,0.041
03/01/2010,GASOLINA COMUM,SUDESTE,21056,R$/l,2.535,0.136,2.115,3.27,0.345,0.0536489151873767,2.19,0.102,1.3097,2.641,0.047
03/01/2010,GASOLINA COMUM,SUL,7641,R$/l,2.583,0.127,2.2,2.99,0.339,0.0491676345334882,2.244,0.056,1.9053,2.799,0.025
04/01/2010,GASOLINA COMUM,CENTRO OESTE,2422,R$/l,2.626,0.183,2.25,3.29,0.29,0.0696877380045697,2.336,0.069,2.08,2.52,0.03
04/01/2010,GASOLINA COMUM,NORDESTE,6452,R$/l,2.63,0.151,2.169,2.999,0.418,0.0574144486692015,2.212,0.071,2.0025,2.703,0.032
04/01/2010,GASOLINA COMUM,NORTE,2250,R$/l,2.764,0.158,2.36,3.33,0.429,0.0571635311143271,2.335,0.079,2.0191,2.633,0.034
04/01/2010,GASOLINA COMUM,SUDESTE,17116,R$/l,2.505,0.141,2.118,3.27,0.35,0.0562874251497006,2.155,0.098,1.915,2.99,0.045
04/01/2010,GASOLINA COMUM,SUL,6183,R$/l,2.549,0.13,2.117,2.99,0.347,0.0510003923107101,2.202,0.06,1.643,2.528,0.027
05/01/2010,GASOLINA COMUM,CENTRO OESTE,2604,R$/l,2.615,0.188,2.19,3.29,0.284,0.0718929254302103,2.331,0.072,2.0642,2.52,0.031
05/01/2010,GASOLINA COMUM,NORDESTE,6673,R$/l,2.656,0.136,2.19,2.999,0.424,0.0512048192771084,2.232,0.07,1.75,2.746,0.031
05/01/2010,GASOLINA COMUM,NORTE,2494,R$/l,2.759,0.158,2.45,3.39,0.407,0.0572671257702066,2.352,0.08,2.1115,2.7185,0.034
05/01/2010,GASOLINA COMUM,SUDESTE,17582,R$/l,2.492,0.143,2.115,3.27,0.335,0.0573836276083467,2.157,0.101,1.67,2.6692,0.047
05/01/2010,GASOLINA COMUM,SUL,6581,R$/l,2.549,0.114,2.131,2.999,0.348,0.0447234209493919,2.201,0.062,1.5556,2.55,0.028
06/01/2010,GASOLINA COMUM,CENTRO OESTE,2832,R$/l,2.584,0.181,2.19,3.29,0.28,0.070046439628483,2.304,0.072,2.1,2.52,0.031
06/01/2010,GASOLINA COMUM,NORDESTE,7789,R$/l,2.651,0.137,2.1,2.999,0.419,0.051678611844587,2.232,0.064,2.0403,2.6461,0.029
06/01/2010,GASOLINA COMUM,NORTE,2650,R$/l,2.745,0.177,2.42,3.5,0.405,0.0644808743169399,2.34,0.091,1.89,2.7532,0.039
06/01/2010,GASOLINA COMUM,SUDESTE,20822,R$/l,2.48,0.147,2.09,3.27,0.334,0.0592741935483871,2.146,0.1,1.5543,2.643,0.047
06/01/2010,GASOLINA COMUM,SUL,7262,R$/l,2.516,0.133,2.13,3.365,0.325,0.0528616852146264,2.191,0.061,1.643,2.6,0.028
07/01/2010,GASOLINA COMUM,CENTRO OESTE,2437,R$/l,2.587,0.178,2.229,3.29,0.288,0.0688055662930035,2.299,0.072,2.0003,2.5,0.031
07/01/2010,GASOLINA COMUM,NORDESTE,6436,R$/l,2.652,0.125,2.23,2.999,0.421,0.0471342383107089,2.231,0.062,2.0205,2.5904,0.028
07/01/2010,GASOLINA COMUM,NORTE,2292,R$/l,2.72,0.194,2.25,3.35,0.403,0.0713235294117647,2.317,0.112,2.0556,2.7543,0.048
07/01/2010,GASOLINA COMUM,SUDESTE,17091,R$/l,2.484,0.142,1.899,3.27,0.331,0.0571658615136876,2.153,0.098,1.8387,2.6786,0.046
07/01/2010,GASOLINA COMUM,SUL,6336,R$/l,2.509,0.137,2.08,2.999,0.32,0.0546034276604225,2.189,0.066,1.9761,2.4654,0.03
08/01/2010,GASOLINA COMUM,CENTRO OESTE,2836,R$/l,2.609,0.159,2.25,3.29,0.3,0.0609428899961671,2.309,0.067,2.0346,2.497,0.029
08/01/2010,GASOLINA COMUM,NORDESTE,7701,R$/l,2.643,0.126,2.259,2.99,0.407,0.0476730987514189,2.236,0.057,1.6878,2.6,0.025
08/01/2010,GASOLINA COMUM,NORTE,2704,R$/l,2.72,0.175,2.37,3.5,0.383,0.0643382352941176,2.337,0.098,2.06,2.551,0.042
08/01/2010,GASOLINA COMUM,SUDESTE,20215,R$/l,2.487,0.139,2.099,3.27,0.322,0.0558906312826699,2.165,0.095,1.6951,2.573,0.044
08/01/2010,GASOLINA COMUM,SUL,7396,R$/l,2.544,0.129,2.089,2.93,0.343,0.0507075471698113,2.201,0.073,1.9702,2.476,0.033
09/01/2010,GASOLINA COMUM,CENTRO OESTE,2618,R$/l,2.624,0.14,2.26,3.29,0.307,0.0533536585365854,2.317,0.062,2.1387,2.74,0.027
09/01/2010,GASOLINA COMUM,NORDESTE,6899,R$/l,2.606,0.143,2.209,2.99,0.368,0.0548733691481197,2.238,0.063,1.8224,2.59,0.028
09/01/2010,GASOLINA COMUM,NORTE,2559,R$/l,2.719,0.181,2.37,3.47,0.382,0.0665685913938948,2.337,0.088,2.13,2.53,0.038
09/01/2010,GASOLINA COMUM,SUDESTE,18424,R$/l,2.49,0.137,2.112,3.27,0.317,0.0550200803212851,2.173,0.098,1.9,2.654,0.045
09/01/2010,GASOLINA COMUM,SUL,6597,R$/l,2.566,0.1,2.09,2.999,0.35,0.038971161340608,2.216,0.064,1.9822,2.5553,0.029
10/01/2010,GASOLINA COMUM,CENTRO OESTE,2431,R$/l,2.688,0.117,2.26,3.29,0.344,0.0435267857142857,2.344,0.064,2.1401,2.5179,0.027
10/01/2010,GASOLINA COMUM,NORDESTE,6510,R$/l,2.628,0.143,2.21,2.99,0.381,0.05441400304414,2.247,0.069,1.8224,2.59,0.031
10/01/2010,GASOLINA COMUM,NORTE,2360,R$/l,2.725,0.182,2.35,3.39,0.367,0.0667889908256881,2.358,0.093,2.1385,2.6651,0.039
10/01/2010,GASOLINA COMUM,SUDESTE,17180,R$/l,2.517,0.133,2.129,3.339,0.318,0.0528406833531983,2.199,0.101,1.91,2.7357,0.046
10/01/2010,GASOLINA COMUM,SUL,6217,R$/l,2.588,0.1,2.259,2.99,0.337,0.0386398763523957,2.251,0.062,2.05,2.4932,0.028
11/01/2010,GASOLINA COMUM,CENTRO OESTE,2965,R$/l,2.731,0.108,2.45,3.29,0.365,0.0395459538630538,2.366,0.068,2.1359,2.57,0.029
11/01/2010,GASOLINA COMUM,NORDESTE,7999,R$/l,2.654,0.138,2.229,2.999,0.379,0.0519969856819895,2.275,0.063,2.0737,2.5763,0.028
11/01/2010,GASOLINA COMUM,NORTE,2941,R$/l,2.704,0.202,2.29,3.39,0.337,0.0747041420118343,2.367,0.108,2.1807,2.6651,0.046
11/01/2010,GASOLINA COMUM,SUDESTE,21105,R$/l,2.532,0.131,2.149,3.339,0.315,0.05173775671406,2.217,0.101,1.7614,2.7357,0.046
11/01/2010,GASOLINA COMUM,SUL,7541,R$/l,2.602,0.101,2.29,2.999,0.325,0.0388162951575711,2.277,0.056,1.952,2.666,0.025
12/01/2010,GASOLINA COMUM,CENTRO OESTE,2496,R$/l,2.733,0.107,2.37,3.29,0.366,0.0391511159897549,2.367,0.069,2.1061,2.77,0.029
12/01/2010,GASOLINA COMUM,NORDESTE,6636,R$/l,2.658,0.138,2.228,2.999,0.378,0.0519187358916479,2.28,0.062,2.1188,2.6208,0.027
12/01/2010,GASOLINA COMUM,NORTE,2376,R$/l,2.775,0.16,2.39,3.33,0.387,0.0576576576576577,2.388,0.127,2.1562,2.917,0.053
12/01/2010,GASOLINA COMUM,SUDESTE,17569,R$/l,2.546,0.128,2.179,3.249,0.32,0.0502749410840534,2.226,0.099,1.9308,2.756,0.044
12/01/2010,GASOLINA COMUM,SUL,6480,R$/l,2.608,0.099,2.288,2.9,0.331,0.0379601226993865,2.277,0.052,2.127,2.5753,0.023
01/01/2011,GASOLINA COMUM,CENTRO OESTE,2589,R$/l,2.744,0.116,2.389,3.34,0.366,0.0422740524781341,2.378,0.064,2.035,2.57,0.027
01/01/2011,GASOLINA COMUM,NORDESTE,7196,R$/l,2.665,0.132,2.199,2.999,0.382,0.04953095684803,2.283,0.063,1.95,2.59,0.028
01/01/2011,GASOLINA COMUM,NORTE,2954,R$/l,2.777,0.156,2.49,3.33,0.372,0.0561757292041772,2.405,0.127,2.19,2.9701,0.053
01/01/2011,GASOLINA COMUM,SUDESTE,18822,R$/l,2.56,0.129,2.179,3.32,0.317,0.050390625,2.243,0.1,1.96,2.6406,0.045
01/01/2011,GASOLINA COMUM,SUL,7166,R$/l,2.61,0.099,2.29,2.9,0.325,0.0379310344827586,2.285,0.053,2.004,2.5742,0.023
02/01/2011,GASOLINA COMUM,CENTRO OESTE,2257,R$/l,2.759,0.104,2.39,3.33,0.393,0.0376948169626676,2.366,0.062,2.0119,2.57,0.026
02/01/2011,GASOLINA COMUM,NORDESTE,5831,R$/l,2.679,0.124,2.27,2.999,0.388,0.0462859275849198,2.291,0.059,1.95,2.522,0.026
02/01/2011,GASOLINA COMUM,NORTE,1820,R$/l,2.775,0.166,2.33,3.39,0.366,0.0598198198198198,2.409,0.104,2.1409,2.884,0.043
02/01/2011,GASOLINA COMUM,SUDESTE,15313,R$/l,2.57,0.13,2.149,3.249,0.316,0.0505836575875486,2.254,0.101,1.96,2.5681,0.045
02/01/2011,GASOLINA COMUM,SUL,5333,R$/l,2.617,0.097,2.35,2.9,0.326,0.0370653419946504,2.291,0.054,1.8041,2.5817,0.024
03/01/2011,GASOLINA COMUM,CENTRO OESTE,3032,R$/l,2.863,0.109,2.52,3.4,0.385,0.0380719524973804,2.478,0.082,2.22,2.75,0.033
03/01/2011,GASOLINA COMUM,NORDESTE,8167,R$/l,2.706,0.122,2.279,2.999,0.394,0.0450849963045085,2.312,0.058,2.1465,2.6686,0.025
03/01/2011,GASOLINA COMUM,NORTE,3033,R$/l,2.791,0.165,2.52,3.5,0.361,0.0591185954854891,2.43,0.13,2.2222,2.935,0.053
03/01/2011,GASOLINA COMUM,SUDESTE,21525,R$/l,2.623,0.132,2.019,3.299,0.325,0.0503240564239421,2.298,0.106,2,2.739,0.046
03/01/2011,GASOLINA COMUM,SUL,7808,R$/l,2.644,0.097,2.35,3.025,0.321,0.0366868381240545,2.323,0.064,1.8165,2.69,0.028
04/01/2011,GASOLINA COMUM,CENTRO OESTE,2420,R$/l,2.948,0.126,2.64,3.4,0.354,0.0427408412483039,2.594,0.105,2.345,2.9565,0.04
04/01/2011,GASOLINA COMUM,NORDESTE,6557,R$/l,2.797,0.117,2.329,3.18,0.396,0.0418305327136217,2.401,0.073,2.0965,2.8528,0.03
04/01/2011,GASOLINA COMUM,NORTE,2446,R$/l,2.916,0.162,2.61,3.54,0.373,0.0555555555555556,2.543,0.11,2.1441,2.935,0.043
04/01/2011,GASOLINA COMUM,SUDESTE,17191,R$/l,2.797,0.147,2.349,3.559,0.33,0.0525563103324991,2.467,0.125,1.6889,2.9982,0.051
04/01/2011,GASOLINA COMUM,SUL,6236,R$/l,2.831,0.1,2.469,3.19,0.366,0.0353232073472271,2.465,0.084,1.8165,2.8575,0.034
05/01/2011,GASOLINA COMUM,CENTRO OESTE,2836,R$/l,2.906,0.159,2.49,3.47,0.356,0.0547143840330351,2.55,0.142,2,2.956,0.056
05/01/2011,GASOLINA COMUM,NORDESTE,7738,R$/l,2.785,0.128,2.44,3.19,0.35,0.0459605026929982,2.435,0.078,2.2013,2.79,0.032
05/01/2011,GASOLINA COMUM,NORTE,2984,R$/l,2.92,0.166,2.58,3.59,0.353,0.0568493150684932,2.567,0.118,2.29,2.935,0.046
05/01/2011,GASOLINA COMUM,SUDESTE,20021,R$/l,2.842,0.154,2.299,3.619,0.351,0.0541871921182266,2.491,0.148,1.3781,2.9278,0.059
05/01/2011,GASOLINA COMUM,SUL,7443,R$/l,2.829,0.115,2.379,3.17,0.363,0.040650406504065,2.466,0.102,2.2,2.77,0.041
06/01/2011,GASOLINA COMUM,CENTRO OESTE,2612,R$/l,2.768,0.154,2.268,3.39,0.37,0.055635838150289,2.398,0.103,2.1509,2.83,0.043
06/01/2011,GASOLINA COMUM,NORDESTE,7013,R$/l,2.693,0.143,2.27,3.19,0.351,0.0531006312662458,2.342,0.071,2,2.6866,0.03
06/01/2011,GASOLINA COMUM,NORTE,2481,R$/l,2.805,0.214,2.4,3.54,0.347,0.0762923351158645,2.458,0.125,2.24,2.8036,0.051
06/01/2011,GASOLINA COMUM,SUDESTE,18604,R$/l,2.743,0.149,2.299,3.629,0.395,0.054320087495443,2.348,0.141,2.012,2.819,0.06
06/01/2011,GASOLINA COMUM,SUL,6591,R$/l,2.725,0.123,2.29,3.089,0.366,0.0451376146788991,2.359,0.072,1.4671,2.7069,0.031
07/01/2011,GASOLINA COMUM,CENTRO OESTE,2422,R$/l,2.804,0.129,2.329,3.39,0.38,0.0460057061340942,2.424,0.077,2.1178,2.83,0.032
07/01/2011,GASOLINA COMUM,NORDESTE,6549,R$/l,2.703,0.139,2.27,3.238,0.365,0.0514243433222346,2.338,0.064,2.2,2.85,0.027
07/01/2011,GASOLINA COMUM,NORTE,2405,R$/l,2.792,0.22,2.31,3.54,0.359,0.0787965616045845,2.433,0.13,2.1196,2.7861,0.053
07/01/2011,GASOLINA COMUM,SUDESTE,17169,R$/l,2.736,0.143,2.349,3.399,0.387,0.052266081871345,2.349,0.128,2,2.7672,0.054
07/01/2011,GASOLINA COMUM,SUL,6237,R$/l,2.704,0.124,2.379,3.15,0.348,0.0458579881656805,2.356,0.06,2.2,2.6933,0.025
08/01/2011,GASOLINA COMUM,CENTRO OESTE,2958,R$/l,2.812,0.128,2.45,3.39,0.375,0.0455192034139403,2.437,0.063,2.23,2.5766,0.026
08/01/2011,GASOLINA COMUM,NORDESTE,8121,R$/l,2.712,0.132,2.249,3.19,0.368,0.0486725663716814,2.344,0.06,2.1319,2.735,0.026
08/01/2011,GASOLINA COMUM,NORTE,2990,R$/l,2.834,0.186,2.52,3.49,0.372,0.0656316160903317,2.462,0.108,2.1305,2.8999,0.044
08/01/2011,GASOLINA COMUM,SUDESTE,21008,R$/l,2.733,0.142,2.199,3.67,0.384,0.0519575557994877,2.349,0.126,1.9983,2.7852,0.054
08/01/2011,GASOLINA COMUM,SUL,7775,R$/l,2.696,0.126,2.349,3.279,0.34,0.0467359050445104,2.356,0.054,2.235,2.58,0.023
09/01/2011,GASOLINA COMUM,CENTRO OESTE,2488,R$/l,2.831,0.112,2.49,3.39,0.371,0.0395619922288944,2.46,0.064,2.29,2.686,0.026
09/01/2011,GASOLINA COMUM,NORDESTE,6567,R$/l,2.691,0.141,2.289,3.19,0.357,0.052396878483835,2.334,0.061,2.188,2.789,0.026
09/01/2011,GASOLINA COMUM,NORTE,2426,R$/l,2.879,0.168,2.52,3.5,0.392,0.0583535949982633,2.487,0.103,2.2,2.8999,0.041
09/01/2011,GASOLINA COMUM,SUDESTE,17593,R$/l,2.735,0.15,2.229,3.69,0.372,0.0548446069469835,2.363,0.125,2.0834,2.797,0.053
09/01/2011,GASOLINA COMUM,SUL,6250,R$/l,2.718,0.113,2.359,3.15,0.34,0.0415746872700515,2.378,0.054,2.2065,2.79,0.023
10/01/2011,GASOLINA COMUM,CENTRO OESTE,2656,R$/l,2.838,0.12,2.49,3.39,0.361,0.0422832980972516,2.477,0.076,2.239,2.694,0.031
10/01/2011,GASOLINA COMUM,NORDESTE,7396,R$/l,2.673,0.156,2.209,3.19,0.347,0.058361391694725,2.326,0.069,2.1761,2.799,0.03
10/01/2011,GASOLINA COMUM,NORTE,2826,R$/l,2.885,0.164,2.55,3.54,0.385,0.0568457538994801,2.5,0.102,2.29,2.98,0.041
10/01/2011,GASOLINA COMUM,SUDESTE,19086,R$/l,2.739,0.145,2.259,3.719,0.383,0.0529390288426433,2.356,0.118,2.022,2.8024,0.05
10/01/2011,GASOLINA COMUM,SUL,6963,R$/l,2.759,0.095,2.459,3.15,0.356,0.0344327654947445,2.403,0.055,2.1808,2.5905,0.023
11/01/2011,GASOLINA COMUM,CENTRO OESTE,2786,R$/l,2.848,0.116,2.53,3.25,0.355,0.0407303370786517,2.493,0.078,2.28,2.72,0.031
11/01/2011,GASOLINA COMUM,NORDESTE,7368,R$/l,2.661,0.156,2.279,3.19,0.347,0.0586245772266065,2.314,0.073,2.1111,2.819,0.032
11/01/2011,GASOLINA COMUM,NORTE,2576,R$/l,2.883,0.166,2.55,3.5,0.377,0.0575789108567465,2.506,0.108,2.28,2.98,0.043
11/01/2011,GASOLINA COMUM,SUDESTE,19387,R$/l,2.731,0.146,2.349,3.719,0.376,0.0534602709630172,2.355,0.116,2,2.8024,0.049
11/01/2011,GASOLINA COMUM,SUL,7072,R$/l,2.762,0.098,2.42,3.15,0.358,0.0354815351194786,2.404,0.061,2.232,2.6102,0.025
12/01/2011,GASOLINA COMUM,CENTRO OESTE,2416,R$/l,2.848,0.124,2.53,3.25,0.349,0.0435393258426966,2.499,0.081,2.29,2.767,0.032
12/01/2011,GASOLINA COMUM,NORDESTE,6583,R$/l,2.698,0.134,2.279,3.19,0.369,0.0496664195700519,2.329,0.072,2.1326,2.821,0.031
12/01/2011,GASOLINA COMUM,NORTE,2433,R$/l,2.88,0.163,2.55,3.499,0.367,0.0565972222222222,2.513,0.109,2.3,2.8989,0.043
12/01/2011,GASOLINA COMUM,SUDESTE,17184,R$/l,2.732,0.145,2.349,3.679,0.381,0.0530746705710102,2.351,0.116,2.01,2.7686,0.049
12/01/2011,GASOLINA COMUM,SUL,6277,R$/l,2.757,0.099,2.459,3.15,0.371,0.0359085963003264,2.386,0.057,2.037,2.7755,0.024
01/01/2012,GASOLINA COMUM,CENTRO OESTE,2728,R$/l,2.842,0.128,2.479,3.29,0.331,0.0450387051372273,2.511,0.086,2.247,2.735,0.034
01/01/2012,GASOLINA COMUM,NORDESTE,7667,R$/l,2.687,0.137,2.32,3.19,0.363,0.0509862299962784,2.324,0.071,2.177,2.855,0.031
01/01/2012,GASOLINA COMUM,NORTE,2860,R$/l,2.883,0.162,2.55,3.46,0.371,0.0561914672216441,2.512,0.114,2.275,2.796,0.045
01/01/2012,GASOLINA COMUM,SUDESTE,20571,R$/l,2.724,0.148,2.259,3.599,0.373,0.0543318649045521,2.351,0.115,2.001,2.8157,0.049
01/01/2012,GASOLINA COMUM,SUL,7617,R$/l,2.748,0.101,2.419,3.15,0.376,0.0367540029112082,2.372,0.057,2.0335,2.778,0.024
02/01/2012,GASOLINA COMUM,CENTRO OESTE,2697,R$/l,2.832,0.126,2.48,3.499,0.394,0.0444915254237288,2.438,0.089,2.214,2.783,0.037
02/01/2012,GASOLINA COMUM,NORDESTE,6946,R$/l,2.688,0.136,2.329,3.19,0.368,0.0505952380952381,2.32,0.078,2.1712,2.849,0.034
02/01/2012,GASOLINA COMUM,NORTE,2457,R$/l,2.88,0.164,2.55,3.59,0.4,0.0569444444444445,2.48,0.132,2.0405,2.855,0.053
02/01/2012,GASOLINA COMUM,SUDESTE,17600,R$/l,2.717,0.153,2.29,3.69,0.383,0.0563121089436879,2.334,0.12,2.0227,2.756,0.051
02/01/2012,GASOLINA COMUM,SUL,6360,R$/l,2.728,0.109,2.37,3.15,0.368,0.0399560117302053,2.36,0.065,2.18,2.6378,0.028
03/01/2012,GASOLINA COMUM,CENTRO OESTE,2423,R$/l,2.834,0.127,2.488,3.2,0.41,0.0448129851799577,2.424,0.077,2.27,2.95,0.032
03/01/2012,GASOLINA COMUM,NORDESTE,6573,R$/l,2.7,0.136,2.259,3.19,0.378,0.0503703703703704,2.322,0.076,2.1,2.829,0.033
03/01/2012,GASOLINA COMUM,NORTE,2510,R$/l,2.878,0.163,2.55,3.49,0.41,0.056636553161918,2.468,0.126,2.0405,2.855,0.051
03/01/2012,GASOLINA COMUM,SUDESTE,17571,R$/l,2.726,0.144,2.29,3.69,0.387,0.0528246515040352,2.339,0.119,2.032,2.729,0.051
03/01/2012,GASOLINA COMUM,SUL,6334,R$/l,2.726,0.112,2.359,3.15,0.367,0.0410858400586941,2.359,0.063,2.1711,2.8547,0.027
04/01/2012,GASOLINA COMUM,CENTRO OESTE,2413,R$/l,2.817,0.136,2.488,3.2,0.378,0.0482783102591409,2.439,0.074,2.1408,2.794,0.03
04/01/2012,GASOLINA COMUM,NORDESTE,6751,R$/l,2.705,0.131,2.33,3.19,0.374,0.0484288354898336,2.331,0.076,2.01,2.829,0.033
04/01/2012,GASOLINA COMUM,NORTE,2421,R$/l,2.887,0.166,2.5,3.49,0.416,0.057499134049186,2.471,0.129,2.245,2.855,0.052
04/01/2012,GASOLINA COMUM,SUDESTE,17335,R$/l,2.729,0.145,2.285,3.69,0.379,0.0531330157566874,2.35,0.119,2.0237,2.769,0.051
04/01/2012,GASOLINA COMUM,SUL,6491,R$/l,2.719,0.117,2.259,3.15,0.362,0.0430305259286503,2.357,0.055,2.1922,2.6125,0.023
05/01/2012,GASOLINA COMUM,CENTRO OESTE,3015,R$/l,2.81,0.131,2.488,3.2,0.37,0.0466192170818505,2.44,0.072,2.2807,2.799,0.03
05/01/2012,GASOLINA COMUM,NORDESTE,7893,R$/l,2.702,0.132,2.32,3.253,0.366,0.0488527017024426,2.336,0.078,2.1919,2.819,0.033
05/01/2012,GASOLINA COMUM,NORTE,2981,R$/l,2.886,0.165,2.37,3.49,0.41,0.0571725571725572,2.476,0.123,2.285,2.855,0.05
05/01/2012,GASOLINA COMUM,SUDESTE,21270,R$/l,2.72,0.153,2.199,3.719,0.371,0.05625,2.349,0.122,2,2.7574,0.052
05/01/2012,GASOLINA COMUM,SUL,7577,R$/l,2.72,0.115,2.349,3.15,0.362,0.0422794117647059,2.358,0.053,2.123,2.589,0.022
06/01/2012,GASOLINA COMUM,CENTRO OESTE,2411,R$/l,2.816,0.13,2.389,3.26,0.378,0.0461647727272727,2.438,0.073,2.219,2.8142,0.03
06/01/2012,GASOLINA COMUM,NORDESTE,6527,R$/l,2.687,0.131,2.35,3.19,0.355,0.048753256419799,2.332,0.077,2.1905,2.826,0.033
06/01/2012,GASOLINA COMUM,NORTE,2399,R$/l,2.885,0.169,2.5,3.49,0.407,0.058578856152513,2.478,0.121,2.285,2.9607,0.049
06/01/2012,GASOLINA COMUM,SUDESTE,17158,R$/l,2.717,0.155,2.199,3.719,0.373,0.0570482149429518,2.344,0.124,2.0124,2.7967,0.053
06/01/2012,GASOLINA COMUM,SUL,6267,R$/l,2.707,0.119,2.264,3.15,0.352,0.0439601034355375,2.355,0.053,2.2,2.56,0.023
07/01/2012,GASOLINA COMUM,CENTRO OESTE,2596,R$/l,2.821,0.124,2.49,3.248,0.381,0.043956043956044,2.44,0.078,2.239,2.799,0.032
07/01/2012,GASOLINA COMUM,NORDESTE,7584,R$/l,2.676,0.142,2.25,3.19,0.348,0.0530642750373692,2.328,0.078,2.18,2.829,0.034
07/01/2012,GASOLINA COMUM,NORTE,2667,R$/l,2.883,0.168,2.53,3.49,0.408,0.0582726326742976,2.475,0.117,2.28,2.96,0.047
07/01/2012,GASOLINA COMUM,SUDESTE,19371,R$/l,2.713,0.156,2.199,3.739,0.37,0.0575009214891264,2.343,0.125,2.02,2.7665,0.053
07/01/2012,GASOLINA COMUM,SUL,7485,R$/l,2.714,0.115,2.279,3.15,0.362,0.0423728813559322,2.352,0.052,2.044,2.7434,0.022
08/01/2012,GASOLINA COMUM,CENTRO OESTE,2836,R$/l,2.812,0.129,2.49,3.26,0.379,0.0458748221906117,2.433,0.072,2.2829,2.809,0.03
08/01/2012,GASOLINA COMUM,NORDESTE,7032,R$/l,2.679,0.144,2.319,3.19,0.346,0.0537513997760358,2.333,0.073,2.169,2.829,0.031
08/01/2012,GASOLINA COMUM,NORTE,2718,R$/l,2.881,0.172,2.449,3.5,0.407,0.0597014925373134,2.474,0.118,2.244,2.9495,0.048
08/01/2012,GASOLINA COMUM,SUDESTE,19220,R$/l,2.709,0.159,2.199,3.739,0.368,0.0586932447397564,2.341,0.128,2,2.7665,0.055
08/01/2012,GASOLINA COMUM,SUL,6619,R$/l,2.706,0.12,2.235,3.15,0.372,0.0443458980044346,2.334,0.052,2.1368,2.595,0.022
09/01/2012,GASOLINA COMUM,CENTRO OESTE,2414,R$/l,2.813,0.128,2.47,3.18,0.378,0.0455030216850338,2.435,0.073,2.3,2.809,0.03
09/01/2012,GASOLINA COMUM,NORDESTE,6484,R$/l,2.678,0.142,2.319,3.19,0.341,0.053024645257655,2.337,0.077,2.14,2.835,0.033
09/01/2012,GASOLINA COMUM,NORTE,2386,R$/l,2.881,0.168,2.49,3.49,0.412,0.0583130857341201,2.469,0.118,2.28,2.9,0.048
09/01/2012,GASOLINA COMUM,SUDESTE,17153,R$/l,2.709,0.158,2.249,3.769,0.366,0.0583241048357327,2.343,0.127,2,2.8282,0.054
09/01/2012,GASOLINA COMUM,SUL,6273,R$/l,2.699,0.127,2.29,3.15,0.364,0.0470544646165246,2.335,0.056,2.139,2.595,0.024
10/01/2012,GASOLINA COMUM,CENTRO OESTE,2958,R$/l,2.812,0.126,2.47,3.18,0.393,0.0448079658605974,2.419,0.077,2.29,2.815,0.032
10/01/2012,GASOLINA COMUM,NORDESTE,8030,R$/l,2.716,0.124,2.329,3.2,0.376,0.0456553755522828,2.34,0.077,2.14,2.839,0.033
10/01/2012,GASOLINA COMUM,NORTE,2935,R$/l,2.886,0.166,2.53,3.5,0.415,0.0575190575190575,2.471,0.108,2.3037,2.9,0.044
10/01/2012,GASOLINA COMUM,SUDESTE,20930,R$/l,2.711,0.155,2.189,3.799,0.374,0.0571744743637034,2.337,0.125,1.9892,2.7419,0.053
10/01/2012,GASOLINA COMUM,SUL,7691,R$/l,2.699,0.131,2.29,3.15,0.366,0.0485364949981475,2.333,0.056,2.167,2.6314,0.024
11/01/2012,GASOLINA COMUM,CENTRO OESTE,2482,R$/l,2.805,0.125,2.459,3.18,0.405,0.0445632798573975,2.4,0.075,2.27,2.819,0.031
11/01/2012,GASOLINA COMUM,NORDESTE,6558,R$/l,2.743,0.11,2.37,3.149,0.397,0.04010207801677,2.346,0.074,2.189,2.839,0.032
11/01/2012,GASOLINA COMUM,NORTE,2449,R$/l,2.891,0.165,2.53,3.5,0.421,0.0570736769283985,2.47,0.097,2.2922,2.9272,0.039
11/01/2012,GASOLINA COMUM,SUDESTE,17668,R$/l,2.713,0.157,2.229,3.799,0.376,0.0578695171396978,2.337,0.126,2.0205,2.7598,0.054
11/01/2012,GASOLINA COMUM,SUL,6406,R$/l,2.76,0.111,2.35,3.15,0.421,0.0402173913043478,2.339,0.054,2.0359,2.72,0.023
12/01/2012,GASOLINA COMUM,CENTRO OESTE,2418,R$/l,2.816,0.121,2.49,3.19,0.408,0.04296875,2.408,0.076,2.3017,2.8293,0.032
12/01/2012,GASOLINA COMUM,NORDESTE,6477,R$/l,2.735,0.112,2.39,3.149,0.381,0.0409506398537477,2.354,0.074,2.21,2.827,0.031
12/01/2012,GASOLINA COMUM,NORTE,2387,R$/l,2.894,0.161,2.53,3.5,0.418,0.0556323427781617,2.476,0.09,2.3,2.89,0.036
12/01/2012,GASOLINA COMUM,SUDESTE,17138,R$/l,2.722,0.154,2.269,3.799,0.373,0.0565760470242469,2.349,0.125,2.014,2.7529,0.053
12/01/2012,GASOLINA COMUM,SUL,6263,R$/l,2.774,0.099,2.35,3.15,0.41,0.0356885364095169,2.364,0.051,2.23,2.595,0.022
07/01/2001,GLP,CENTRO OESTE,837,R$/13kg,19.481,2.28053,14.7,24.5,3.111,0.117064319080129,16.37,2.11704,12.3,22.75,0.129
07/01/2001,GLP,NORDESTE,2053,R$/13kg,15.7015,1.34853,12.39,21.9,2.1767,0.0858854249593988,13.5248,1.28117,7.3,17,0.095
07/01/2001,GLP,NORTE,2404,R$/13kg,15.6911,1.37057,13.33,20.6,1.6531,0.0873469673891569,14.038,1.43904,6.3622,17.9,0.103
07/01/2001,GLP,SUDESTE,2683,R$/13kg,18.2957,1.26613,12,24,3.6496,0.0692036926709555,14.6461,1.55126,6.98,19,0.106
07/01/2001,GLP,SUL,876,R$/13kg,19.2654,1.19136,16.3,23,3.4761,0.0618393596810863,15.7893,1.69049,9.29,20,0.107
08/01/2001,GLP,CENTRO OESTE,736,R$/13kg,20.237,2.08976,14.5,25,3.4312,0.103264317833671,16.8058,2.33462,11.371,22.75,0.139
08/01/2001,GLP,NORDESTE,3052,R$/13kg,16.0964,1.3577,12.5,21.9,1.9264,0.0843480529807907,14.17,1.32224,6.6294,18.5,0.093
08/01/2001,GLP,NORTE,2018,R$/13kg,16.0827,1.41292,13.35,27,1.5735,0.087853407698956,14.5092,1.41461,6.6264,25,0.097
08/01/2001,GLP,SUDESTE,4852,R$/13kg,18.3429,1.30603,13.5,23,3.6295,0.0712008461039421,14.7134,1.50778,5.75,19.47,0.102
08/01/2001,GLP,SUL,1641,R$/13kg,19.6513,1.23743,14,25,3.6156,0.0629693709830902,16.0357,1.9461,7.39,20.5,0.121
09/01/2001,GLP,CENTRO OESTE,1190,R$/13kg,19.6383,2.11929,14.8,25,3.1883,0.107916163822734,16.45,2.41862,11.3714,22.75,0.147
09/01/2001,GLP,NORDESTE,2807,R$/13kg,16.2486,1.42178,12.5,29,1.8403,0.0875016924535037,14.4083,1.45028,6.6294,25,0.101
09/01/2001,GLP,NORTE,2188,R$/13kg,16.4203,1.89433,13,29,1.6876,0.115365127311925,14.7327,1.83639,6.6294,25,0.125
09/01/2001,GLP,SUDESTE,5858,R$/13kg,18.1563,1.40813,13,23,3.5033,0.0775559998457836,14.653,1.55864,7.4841,21.8,0.106
09/01/2001,GLP,SUL,2362,R$/13kg,19.7194,1.30271,14.9,26,3.6483,0.0660623548383825,16.0711,1.87195,7.3923,20.67,0.116
10/01/2001,GLP,CENTRO OESTE,1634,R$/13kg,20.4323,2.08394,14.5,27,3.6122,0.101992433548842,16.8201,2.63617,11,22.75,0.157
10/01/2001,GLP,NORDESTE,3524,R$/13kg,17.1411,1.34512,12,21,2.4666,0.0784733768544609,14.6745,1.59064,6.6294,18.07,0.108
10/01/2001,GLP,NORTE,2634,R$/13kg,17.1844,1.84714,14,30.5,2.1947,0.107489350806545,14.9897,1.71385,6.277,28,0.114
10/01/2001,GLP,SUDESTE,7672,R$/13kg,18.7809,1.46192,12.15,29,3.8902,0.0778407850528995,14.8907,1.6417,7.8091,20.246,0.11
10/01/2001,GLP,SUL,3726,R$/13kg,20.4853,1.50788,14,30,4.0217,0.0736079042044783,16.4636,2.05853,7.2111,21.69,0.125
11/01/2001,GLP,CENTRO OESTE,1459,R$/13kg,20.2465,2.1291,14.89,29,3.308,0.105158916355913,16.9385,2.57182,11.7,23.75,0.152
11/01/2001,GLP,NORDESTE,2865,R$/13kg,17.3039,1.41843,12,21.2,2.6086,0.0819716942423384,14.6953,1.9221,6.339,20,0.131
11/01/2001,GLP,NORTE,2159,R$/13kg,17.4116,1.93405,14,30.5,2.0131,0.111078246686117,15.3985,1.6224,6.8905,28,0.105
11/01/2001,GLP,SUDESTE,6510,R$/13kg,18.8743,1.42014,12,28,3.8931,0.075241995729643,14.9812,1.6913,7.285,20.25,0.113
11/01/2001,GLP,SUL,3380,R$/13kg,20.5217,1.71611,13,31,3.7604,0.0836241636901426,16.7613,2.21546,6.2049,23.5,0.132
12/01/2001,GLP,CENTRO OESTE,2017,R$/13kg,20.1368,1.87418,14.98,29.5,3.2617,0.0930723848873704,16.8751,2.33843,10.95,23.75,0.139
12/01/2001,GLP,NORDESTE,3453,R$/13kg,17.176,1.52398,12,28.6,2.8584,0.088727293898463,14.3176,2.29533,6.8905,20,0.16
12/01/2001,GLP,NORTE,2286,R$/13kg,17.1849,2.07709,11,32,1.8148,0.120867156631694,15.3701,1.72508,6.8905,27,0.112
12/01/2001,GLP,SUDESTE,7166,R$/13kg,18.6928,1.52842,12,30,3.8338,0.0817651716168792,14.859,1.73766,7.8091,20.24,0.117
12/01/2001,GLP,SUL,3478,R$/13kg,20.3564,1.89656,13,27,3.7964,0.0931677506828319,16.56,2.32137,5.9,23.5,0.14
01/01/2002,GLP,CENTRO OESTE,2966,R$/13kg,22.7752,2.16512,16,30,3.8047,0.0950648073342934,18.9705,2.59754,11.7896,26,0.137
01/01/2002,GLP,NORDESTE,3269,R$/13kg,20.9677,1.46595,13,32.1,3.9644,0.0699146782908951,17.0033,2.65789,6.386,23,0.156
01/01/2002,GLP,NORTE,2448,R$/13kg,19.857,2.10859,13.5,35,2.7928,0.106188749559349,17.0642,2.00491,6.8905,29,0.117
01/01/2002,GLP,SUDESTE,7788,R$/13kg,21.7937,1.93916,12.99,30,4.8866,0.0889780074058099,16.9071,2.29582,7.145,24.41,0.136
01/01/2002,GLP,SUL,3980,R$/13kg,23.2184,2.4097,12.9,30.4,4.7805,0.10378406780829,18.4379,2.74712,6.482,26.47,0.149
02/01/2002,GLP,CENTRO OESTE,3168,R$/13kg,22.5923,1.96708,17.85,32.15,3.2229,0.0870686030196129,19.3694,2.28,12,25.87,0.118
02/01/2002,GLP,NORDESTE,3000,R$/13kg,21.1012,1.22754,15,29,3.2799,0.0581739427141585,17.8213,2.12636,7.3,23,0.119
02/01/2002,GLP,NORTE,2112,R$/13kg,20.1343,1.84865,16.9,29,2.2196,0.0918159558564241,17.9147,1.50598,8.359,26,0.084
02/01/2002,GLP,SUDESTE,6655,R$/13kg,21.749,1.76919,15,29,4.1392,0.0813458090027128,17.6098,1.85862,9.2885,24.96,0.106
02/01/2002,GLP,SUL,3309,R$/13kg,23.6097,2.0838,15,32.1,4.1358,0.0882603336764127,19.4739,2.35285,8.9765,26.47,0.121
03/01/2002,GLP,CENTRO OESTE,3378,R$/13kg,22.2394,2.17104,16.4,30,3.0221,0.0976213387051809,19.2173,2.34233,11,26,0.122
03/01/2002,GLP,NORDESTE,3020,R$/13kg,21.0785,1.21262,15,27,3.3793,0.0575287615342648,17.6992,2.01809,7.8,23,0.114
03/01/2002,GLP,NORTE,2115,R$/13kg,20.9162,1.88297,16.9,30.5,2.4884,0.0900244786337863,18.4278,1.74341,8.359,26,0.095
03/01/2002,GLP,SUDESTE,6676,R$/13kg,21.3796,1.86086,14.2,30,3.8053,0.0870390465677562,17.5743,1.92629,9.2885,24.96,0.11
03/01/2002,GLP,SUL,3389,R$/13kg,23.6172,1.93592,14,30,4.2656,0.081970767068069,19.3516,2.28182,7.5,26.47,0.118
04/01/2002,GLP,CENTRO OESTE,4084,R$/13kg,25.1425,2.61295,17.85,35,4.2304,0.103925623943522,20.9121,3.0899,9.966,29.25,0.148
04/01/2002,GLP,NORDESTE,3829,R$/13kg,23.5113,1.35701,17,29,4.6575,0.0577173529324197,18.8538,2.36841,10.17,25,0.126
04/01/2002,GLP,NORTE,2448,R$/13kg,22.8869,2.19445,17.8,35,2.9951,0.0958823606517265,19.8918,2.00743,13,30,0.101
04/01/2002,GLP,SUDESTE,8206,R$/13kg,23.1728,2.02186,15.5,32.1,4.6552,0.0872514327142167,18.5176,2.17342,7.8933,25.74,0.117
04/01/2002,GLP,SUL,4313,R$/13kg,25.8463,2.24058,18,32.4,5.2059,0.0866886169393685,20.6404,2.46466,10.348,28.6,0.119
05/01/2002,GLP,CENTRO OESTE,3908,R$/13kg,24.3543,3.29515,17,35,3.0475,0.135300542409349,21.3068,3.28191,10.4085,31,0.154
05/01/2002,GLP,NORDESTE,3516,R$/13kg,22.5547,2.2206,15,29,3.5669,0.0984539807667582,18.9878,2.52218,14,25,0.133
05/01/2002,GLP,NORTE,2265,R$/13kg,23.1565,2.24086,19,35,2.3222,0.0967702372983827,20.8343,1.90567,13.7,30,0.091
05/01/2002,GLP,SUDESTE,7501,R$/13kg,22.5926,2.24862,14.5,30,3.9944,0.0995290493347379,18.5982,2.15705,13,27.45,0.116
05/01/2002,GLP,SUL,4255,R$/13kg,25.0206,2.82067,16,32.4,4.5746,0.112733907260417,20.446,2.4557,13.75,28.6,0.12
06/01/2002,GLP,CENTRO OESTE,3995,R$/13kg,26.9264,2.89627,16,38,4.0129,0.107562466575554,22.9135,3.32489,14,32.87,0.145
06/01/2002,GLP,NORDESTE,3535,R$/13kg,24.9886,1.62567,16,32.4,4.1865,0.0650564657483813,20.8021,2.82691,13.7,28.5,0.136
06/01/2002,GLP,NORTE,2023,R$/13kg,24.5932,2.29158,19.5,35,2.8578,0.0931794154481727,21.7354,2.07699,14.19,33,0.096
06/01/2002,GLP,SUDESTE,8773,R$/13kg,24.4163,1.96612,16,34,4.7893,0.0805248952543997,19.627,2.31634,11.67,27.8,0.118
06/01/2002,GLP,SUL,5403,R$/13kg,26.7554,2.39063,16,35,5.1202,0.0893513085208967,21.6352,2.68021,9.9688,31.5,0.124
07/01/2002,GLP,CENTRO OESTE,5667,R$/13kg,27.7273,3.49058,20,38,3.759,0.125889646665921,23.9683,3.31782,15.5,33.67,0.138
07/01/2002,GLP,NORDESTE,5438,R$/13kg,25.5346,1.95564,18,36.9,3.6244,0.0765878455115804,21.9102,2.56803,14.4734,29,0.117
07/01/2002,GLP,NORTE,2852,R$/13kg,25.6053,2.41324,21,38,2.8739,0.094247675285976,22.7314,2.14721,13.7,33,0.094
07/01/2002,GLP,SUDESTE,13011,R$/13kg,25.2681,1.90422,18,35,4.7384,0.0753606325762523,20.5297,2.201,13,28.1674,0.107
07/01/2002,GLP,SUL,8366,R$/13kg,27.7445,2.34997,19,36,4.974,0.0847003910685001,22.7705,2.48613,15.7,30,0.109
08/01/2002,GLP,CENTRO OESTE,4445,R$/13kg,26.5012,3.88101,18,38,3.011,0.146446576004105,23.4902,3.50016,14.01,35.67,0.149
08/01/2002,GLP,NORDESTE,4796,R$/13kg,24.8929,1.9453,19,31,3.1107,0.0781467808089857,21.7822,2.58962,15.5,27,0.119
08/01/2002,GLP,NORTE,2548,R$/13kg,25.3675,2.41952,20,38.5,2.5618,0.0953787326303341,22.8057,2.36308,14.5,36,0.104
08/01/2002,GLP,SUDESTE,12581,R$/13kg,24.3081,2.04136,18,35,3.6964,0.0839785914983072,20.6117,2.43133,13.0068,32.2575,0.118
08/01/2002,GLP,SUL,5680,R$/13kg,26.6596,2.73561,19,36,4.1791,0.102612567330343,22.4805,2.59353,14.5,33.45,0.115
09/01/2002,GLP,CENTRO OESTE,3134,R$/13kg,24.6613,3.16837,17.99,35,2.4808,0.128475384509332,22.1805,3.31894,14,35.67,0.15
09/01/2002,GLP,NORDESTE,4410,R$/13kg,23.4897,1.81583,15,30,3.2052,0.0773032435493003,20.2845,2.49218,14,31.2914,0.123
09/01/2002,GLP,NORTE,2110,R$/13kg,24.5879,2.45682,19,38.5,2.4485,0.09991987929022,22.1394,2.33798,13.7,36,0.106
09/01/2002,GLP,SUDESTE,12082,R$/13kg,22.5657,1.64958,15,30,3.2457,0.0731012111301666,19.32,2.78545,12.9,32.28,0.144
09/01/2002,GLP,SUL,3970,R$/13kg,23.757,1.98856,16.9,30,3.2514,0.0837041714021131,20.5056,2.27474,14.5,31.95,0.111
10/01/2002,GLP,CENTRO OESTE,3222,R$/13kg,24.0883,2.95575,18,35,2.7782,0.122704798595169,21.3101,2.92749,13.01,29,0.137
10/01/2002,GLP,NORDESTE,5069,R$/13kg,23.7435,1.5251,17,32.1,3.81,0.0642323162128582,19.9335,2.26053,14.5,25.5,0.113
10/01/2002,GLP,NORTE,2242,R$/13kg,24.4151,2.47852,20,38.5,2.534,0.101515865181793,21.8811,2.29676,15.5,36,0.105
10/01/2002,GLP,SUDESTE,12374,R$/13kg,22.1818,1.72645,16.99,30,3.7826,0.0778318260916607,18.3992,1.87911,14,25,0.102
10/01/2002,GLP,SUL,4168,R$/13kg,23.524,2.12326,16.99,30,3.6939,0.0902593096412175,19.8301,1.90789,10.5963,27,0.096
11/01/2002,GLP,CENTRO OESTE,2725,R$/13kg,27.6206,3.45015,19,41.4,4.5832,0.124912203210647,23.0374,3.41688,15,33,0.148
11/01/2002,GLP,NORDESTE,4350,R$/13kg,27.5882,1.92948,20,33,5.0675,0.0699385969363714,22.5207,2.68049,15.5,30,0.119
11/01/2002,GLP,NORTE,1906,R$/13kg,27.1068,2.67688,19.5,42,3.4471,0.0987530804078682,23.6597,2.76895,16.5,40,0.117
11/01/2002,GLP,SUDESTE,10828,R$/13kg,25.4979,2.10535,16.99,34,5.4992,0.0825695449429169,19.9987,2.36808,13,27,0.118
11/01/2002,GLP,SUL,3765,R$/13kg,27.0026,2.46884,17,34.8,5.3242,0.091429714175672,21.6784,2.35593,15.3,30.75,0.109
12/01/2002,GLP,CENTRO OESTE,3417,R$/13kg,29.7446,3.36125,23,44,4.2863,0.113003704874162,25.4583,3.4361,17,35,0.135
12/01/2002,GLP,NORDESTE,5277,R$/13kg,28.3482,2.18683,21,35.5,4.6051,0.0771417585596264,23.7431,2.65287,17.5,31,0.112
12/01/2002,GLP,NORTE,2104,R$/13kg,29.3701,2.19428,23,44,3.4249,0.0747113561070613,25.9452,2.22544,17.423,42,0.086
12/01/2002,GLP,SUDESTE,13216,R$/13kg,27.0855,1.90521,20,36,5.0798,0.0703405881375644,22.0057,2.3242,14.5,28.9708,0.106
12/01/2002,GLP,SUL,4498,R$/13kg,28.6032,2.55484,19.9,37,4.6648,0.0893200760754042,23.9384,2.28282,15.3,31,0.095
01/01/2003,GLP,CENTRO OESTE,2743,R$/13kg,31.4828,3.49115,23.1,45,4.9477,0.110890708577382,26.5351,3.58731,18.2,37,0.135
01/01/2003,GLP,NORDESTE,4425,R$/13kg,29.5369,2.39877,21,36.1,5.3352,0.0812126526480436,24.2017,2.71825,18,31.8,0.112
01/01/2003,GLP,NORTE,2027,R$/13kg,30.6271,2.41181,24,45,3.349,0.0787475797577962,27.2781,2.43389,19.5,34,0.089
01/01/2003,GLP,SUDESTE,11156,R$/13kg,28.3509,2.00651,20.5,36,4.6616,0.0707741200455718,23.6893,2.27434,15.9,29.8,0.096
01/01/2003,GLP,SUL,3750,R$/13kg,29.8223,2.99009,19,38.99,4.6001,0.100263561160608,25.2222,2.38635,17.34,33,0.095
02/01/2003,GLP,CENTRO OESTE,2699,R$/13kg,30.7534,3.89576,22.5,48.9,3.7628,0.1266773755097,26.9906,3.9252,18.23,37,0.145
02/01/2003,GLP,NORDESTE,4231,R$/13kg,28.4647,2.9184,18.5,35.5,4.6975,0.102526989569537,23.7672,2.99861,17,32.5,0.126
02/01/2003,GLP,NORTE,1853,R$/13kg,31.0322,2.38352,25,45,3.1807,0.0768079607633361,27.8515,2.44505,20,32.75,0.088
02/01/2003,GLP,SUDESTE,10792,R$/13kg,28.1349,2.01084,21,39,4.3022,0.0714713754091893,23.8327,2.20248,16.7,29.64,0.092
02/01/2003,GLP,SUL,3656,R$/13kg,29.4089,3.49251,17.8,39,4.2216,0.118756906922734,25.1873,2.43901,17,33.67,0.097
03/01/2003,GLP,CENTRO OESTE,3057,R$/13kg,30.8205,3.51333,23,48.9,4.4753,0.11399328369105,26.3452,3.52186,20,36.83,0.134
03/01/2003,GLP,NORDESTE,4403,R$/13kg,28.1663,2.66351,20,36,4.4557,0.0945637162140572,23.7106,3.24771,17,31.8,0.137
03/01/2003,GLP,NORTE,1963,R$/13kg,30.9328,2.32275,24,46,2.9916,0.0750901955206124,27.9412,2.44344,20.85,32.85,0.087
03/01/2003,GLP,SUDESTE,11634,R$/13kg,28.05,1.87711,21.99,36,4.4014,0.0669201426024955,23.6486,2.14094,16.7,29,0.091
03/01/2003,GLP,SUL,3847,R$/13kg,29.5896,2.88378,19,39,4.4323,0.0974592424365317,25.1573,2.3706,19,33.67,0.094
04/01/2003,GLP,CENTRO OESTE,2947,R$/13kg,31.9798,3.3433,25.9,48.9,4.6527,0.104544118474787,27.3271,3.14087,20.0688,36.78,0.115
04/01/2003,GLP,NORDESTE,5109,R$/13kg,29.5981,2.0646,24,35,4.3852,0.069754477483352,25.2129,2.53965,17,31.8,0.101
04/01/2003,GLP,NORTE,2267,R$/13kg,31.1562,2.23449,28,45,2.8453,0.071718951605138,28.3109,2.12925,21,34.25,0.075
04/01/2003,GLP,SUDESTE,12866,R$/13kg,28.598,1.78603,22.9,37,4.511,0.0624529687390727,24.087,1.8582,16.2884,30,0.077
04/01/2003,GLP,SUL,4331,R$/13kg,30.4769,2.30164,24,38.99,5.0235,0.0755208042812753,25.4534,2.15178,17.6848,33.67,0.085
05/01/2003,GLP,CENTRO OESTE,2641,R$/13kg,31.5546,3.37317,25.9,48.9,4.0729,0.106899469490978,27.4817,3.2911,19.9177,36.83,0.12
05/01/2003,GLP,NORDESTE,4127,R$/13kg,29.7611,1.8221,24,36,4.6967,0.0612242155027872,25.0644,2.54442,20,31.8,0.102
05/01/2003,GLP,NORTE,1854,R$/13kg,31.1481,2.20987,27,45,2.9334,0.0709471845794768,28.2147,2.21622,21.8,32.8,0.079
05/01/2003,GLP,SUDESTE,10925,R$/13kg,28.6875,1.63438,23.99,37,4.3743,0.0569718518518519,24.3132,1.64044,17.7086,32,0.067
05/01/2003,GLP,SUL,3647,R$/13kg,30.2806,2.31188,24,37.8,4.8717,0.076348553199078,25.4089,2.06119,17.72,33.67,0.081
06/01/2003,GLP,CENTRO OESTE,2924,R$/13kg,31.0333,3.33791,24.9,48.9,3.738,0.1075589769699,27.2953,3.4996,19.9,36.83,0.128
06/01/2003,GLP,NORDESTE,4300,R$/13kg,29.9424,1.59628,25,38,4.4974,0.0533116917815539,25.445,2.22252,20,31.8,0.087
06/01/2003,GLP,NORTE,1861,R$/13kg,31.151,2.22082,28,46,3.0742,0.0712920933517383,28.0768,2.19797,22,32.8,0.078
06/01/2003,GLP,SUDESTE,11878,R$/13kg,28.5994,1.60416,23.8,37,4.2755,0.0560906872172144,24.3239,1.62197,18.4,30,0.067
06/01/2003,GLP,SUL,3762,R$/13kg,30.0346,2.2989,23.9,37.5,4.8887,0.0765417218807642,25.1459,2.15021,17.72,31.9,0.086
07/01/2003,GLP,CENTRO OESTE,2900,R$/13kg,30.7792,3.41653,25,48.9,3.6153,0.111001260591568,27.1639,3.54813,19.8821,36.83,0.131
07/01/2003,GLP,NORDESTE,4390,R$/13kg,29.5932,1.72448,24,37,4.1979,0.0582728464647284,25.3953,2.10834,20,31.8,0.083
07/01/2003,GLP,NORTE,2161,R$/13kg,30.9678,2.19594,26,46,2.8897,0.0709104295429446,28.0781,2.31023,20.5,32.8,0.082
07/01/2003,GLP,SUDESTE,12276,R$/13kg,28.4187,1.62023,23.5,37,4.1663,0.0570128119864737,24.2524,1.67404,17.42,30,0.069
07/01/2003,GLP,SUL,4060,R$/13kg,29.9349,2.31122,23.95,37.99,4.851,0.0772082084790663,25.0839,2.29083,17.71,33.67,0.091
08/01/2003,GLP,CENTRO OESTE,2515,R$/13kg,30.7599,3.32122,25,48.9,3.4455,0.107972392628064,27.3144,3.3723,19.9217,36.83,0.123
08/01/2003,GLP,NORDESTE,3617,R$/13kg,29.2494,1.82586,22,36,4.046,0.0624238445916839,25.2034,2.05305,20,31.8,0.081
08/01/2003,GLP,NORTE,1568,R$/13kg,31.0413,2.33692,27,46,2.9699,0.075284218122308,28.0714,2.4369,21,44,0.087
08/01/2003,GLP,SUDESTE,10496,R$/13kg,28.2982,1.65881,23.9,37,4.2095,0.058618922758338,24.0887,1.71732,17.42,30,0.071
08/01/2003,GLP,SUL,3064,R$/13kg,29.6721,2.09317,24,37.99,4.5496,0.0705433723935953,25.1225,2.16786,17.96,33.67,0.086
09/01/2003,GLP,CENTRO OESTE,4090,R$/13kg,30.7179,3.32519,25,48.9,3.1619,0.10824926183105,27.556,3.24469,19.4997,36.83,0.118
09/01/2003,GLP,NORDESTE,5018,R$/13kg,29.4613,1.74755,24,34,4.3044,0.0593167986477175,25.1569,2.07678,20,31.8,0.083
09/01/2003,GLP,NORTE,2282,R$/13kg,31.0738,2.38655,27,46,2.9395,0.076802644028088,28.1343,2.42072,21,44,0.086
09/01/2003,GLP,SUDESTE,15394,R$/13kg,28.2932,1.67908,23,37,4.2372,0.0593457085094652,24.056,1.70907,17.42,29.9,0.071
09/01/2003,GLP,SUL,4431,R$/13kg,29.901,1.94372,24,37.99,4.8486,0.065005183773118,25.0524,2.03137,18.5,31,0.081
10/01/2003,GLP,CENTRO OESTE,2486,R$/13kg,30.2835,3.42902,24,48.9,3.4912,0.11323063714564,26.7923,3.58658,19.0068,36.83,0.134
10/01/2003,GLP,NORDESTE,3653,R$/13kg,29.3272,1.71696,24,37,4.2966,0.0585449684934123,25.0306,2.11319,20.5,31.09,0.084
10/01/2003,GLP,NORTE,1550,R$/13kg,31.139,2.42135,27,46,3.1496,0.0777594013937506,27.9894,2.52101,22,32.8,0.09
10/01/2003,GLP,SUDESTE,10766,R$/13kg,28.1316,1.70758,22.5,37,4.2311,0.0606997113566239,23.9005,1.81589,17.42,29,0.076
10/01/2003,GLP,SUL,3042,R$/13kg,29.8181,2.10021,23,38.5,4.8536,0.0704340652154229,24.9645,2.07975,18.5,31,0.083
11/01/2003,GLP,CENTRO OESTE,2470,R$/13kg,30.3063,3.32142,24.5,48.9,3.5673,0.109595034695756,26.739,3.33474,19.0525,36.83,0.125
11/01/2003,GLP,NORDESTE,3364,R$/13kg,29.1373,1.77727,24,37,4.2785,0.0609963860755801,24.8588,2.16621,20,31.09,0.087
11/01/2003,GLP,NORTE,1393,R$/13kg,31.072,2.55809,25,46,3.0457,0.0823278192584964,28.0263,2.56254,21,44,0.091
11/01/2003,GLP,SUDESTE,10306,R$/13kg,27.9648,1.71868,22.99,37,4.1179,0.0614586909257352,23.8469,1.83966,17.2894,29,0.077
11/01/2003,GLP,SUL,2776,R$/13kg,29.5471,2.38018,22.5,37.99,5.028,0.0805554521425115,24.5191,2.40017,18.2,31,0.098
12/01/2003,GLP,CENTRO OESTE,3050,R$/13kg,30.2704,3.32972,24.5,48.9,3.5973,0.109999207146255,26.6731,3.42059,20,36.18,0.128
12/01/2003,GLP,NORDESTE,4091,R$/13kg,29.0652,1.67471,24,37,4.5208,0.0576190771093954,24.5444,1.948,19,31.09,0.079
12/01/2003,GLP,NORTE,1790,R$/13kg,31.027,2.53211,25,46,3.013,0.0816098881619235,28.014,2.52007,21,32.8,0.09
12/01/2003,GLP,SUDESTE,12814,R$/13kg,27.8446,1.77561,22,37,4.1121,0.0637685583560188,23.7325,1.85757,17.42,29,0.078
12/01/2003,GLP,SUL,3354,R$/13kg,29.5667,2.17786,23,37.99,5.2277,0.0736592179715694,24.339,2.39486,18.2,30,0.098
01/01/2004,GLP,CENTRO OESTE,2424,R$/13kg,30.072,3.4562,24.5,48.9,3.5569,0.114930832668263,26.5151,3.0753,20.0532,36.12,0.116
01/01/2004,GLP,NORDESTE,3252,R$/13kg,29.4611,1.63471,25,34,4.4993,0.0554870659954992,24.9618,2.08133,20.5,30.5,0.083
01/01/2004,GLP,NORTE,1426,R$/13kg,31.0934,2.45989,27,46,3.186,0.0791129307184161,27.9074,2.45455,22,32.8,0.088
01/01/2004,GLP,SUDESTE,10214,R$/13kg,28.1349,1.57113,22.99,37,4.2529,0.0558427433543393,23.882,1.73158,19,29,0.073
01/01/2004,GLP,SUL,2696,R$/13kg,29.9802,1.85031,24,37.99,4.9955,0.0617177337042448,24.9847,2.06482,19,31.4,0.083
02/01/2004,GLP,CENTRO OESTE,2380,R$/13kg,30.4173,3.37695,25,48.9,4.043,0.111020702034697,26.3743,3.02927,20.99,35.5,0.115
02/01/2004,GLP,NORDESTE,3250,R$/13kg,29.7716,1.6603,25.8,34,4.5477,0.0557679130446466,25.2239,2.12588,20,31.09,0.084
02/01/2004,GLP,NORTE,1411,R$/13kg,31.1664,2.39932,26,46,3.0781,0.0769841881000051,28.0883,2.33766,21.039,32.8,0.083
02/01/2004,GLP,SUDESTE,10165,R$/13kg,28.2573,1.54659,23,37,4.3251,0.0547324054315168,23.9322,1.72336,16.53,29.9074,0.072
02/01/2004,GLP,SUL,2689,R$/13kg,30.0394,1.86214,24,38,5.0155,0.0619899199051912,25.0239,2.02341,20,31.4,0.081
03/01/2004,GLP,CENTRO OESTE,2932,R$/13kg,30.5051,3.45652,25,48.9,3.8108,0.113309577742738,26.6943,3.0096,21.83,37.35,0.113
03/01/2004,GLP,NORDESTE,4076,R$/13kg,30.033,1.60686,25,35,4.5415,0.0535031465388073,25.4915,2.29618,20,31.5,0.09
03/01/2004,GLP,NORTE,1746,R$/13kg,31.1628,2.28103,27,46,3.2255,0.0731972094933703,27.9373,2.26302,22.8,32.8,0.081
03/01/2004,GLP,SUDESTE,12577,R$/13kg,28.5749,1.52347,22.9,37,4.5088,0.053314972230874,24.0661,1.6686,17.05,30,0.069
03/01/2004,GLP,SUL,3352,R$/13kg,30.1696,1.83451,24.5,37.99,5.0311,0.0608065735044548,25.1385,1.84729,20,31.18,0.073
04/01/2004,GLP,CENTRO OESTE,2335,R$/13kg,31.3224,3.23758,26,48.9,3.9746,0.103363088396802,27.3478,2.94723,21.1087,36,0.108
04/01/2004,GLP,NORDESTE,3249,R$/13kg,31.9388,2.03317,27,38,5.2677,0.0636583090159931,26.6711,2.19328,21,33,0.082
04/01/2004,GLP,NORTE,1354,R$/13kg,31.2924,2.19589,28,45,3.3591,0.0701732689087446,27.9333,2.2969,23,32.8,0.082
04/01/2004,GLP,SUDESTE,10005,R$/13kg,29.1428,1.44437,23,37,4.5998,0.0495618128662997,24.543,1.45397,19.5,28.69,0.059
04/01/2004,GLP,SUL,2676,R$/13kg,30.3452,1.73345,24.9,37.99,5.181,0.0571243557465431,25.1642,1.75548,20,30.6,0.07
05/01/2004,GLP,CENTRO OESTE,2257,R$/13kg,33.771,3.485,25.9,48.9,5.501,0.103195049006544,28.27,3.288,19.4983,38,0.116
05/01/2004,GLP,NORDESTE,3715,R$/13kg,32.953,2.004,26,39,6.62,0.0608138864443298,26.333,2.481,21,33,0.094
05/01/2004,GLP,NORTE,1796,R$/13kg,34.251,2.615,25.6,45,5.713,0.076348135820852,28.538,2.388,23,33.79,0.084
05/01/2004,GLP,SUDESTE,11954,R$/13kg,29.296,1.559,22.99,37,4.864,0.0532154560349536,24.432,1.596,17.48,32,0.065
05/01/2004,GLP,SUL,4636,R$/13kg,30.735,1.842,24,38,5.72,0.0599316739873109,25.015,2.07,19,31,0.083
06/01/2004,GLP,CENTRO OESTE,3373,R$/13kg,34.05,3.723,25.9,46,5.616,0.109339207048458,28.434,3.421,20.32,38,0.12
06/01/2004,GLP,NORDESTE,5084,R$/13kg,32.694,2.197,25,39,6.474,0.067198874411207,26.22,2.538,20,33,0.097
06/01/2004,GLP,NORTE,2421,R$/13kg,34.181,2.622,25,45,5.407,0.0767092829349639,28.774,2.525,19,33.79,0.088
06/01/2004,GLP,SUDESTE,16415,R$/13kg,29.308,1.557,22.99,37,4.881,0.0531254265047086,24.427,1.576,18.45,30,0.065
06/01/2004,GLP,SUL,6829,R$/13kg,30.947,1.833,24,39,5.619,0.0592302969593175,25.328,1.992,19.5,31,0.079
07/01/2004,GLP,CENTRO OESTE,2998,R$/13kg,33.988,3.896,24.9,46,5.416,0.114628692479699,28.572,3.533,20.92,38,0.124
07/01/2004,GLP,NORDESTE,4287,R$/13kg,32.287,2.374,24,40,6.107,0.0735280453433271,26.18,2.414,20.7,33,0.092
07/01/2004,GLP,NORTE,2135,R$/13kg,34.246,2.652,25,45,5.644,0.0774397009869766,28.602,2.619,19,34,0.092
07/01/2004,GLP,SUDESTE,14162,R$/13kg,29.34,1.61,22.99,38,4.919,0.0548738922972052,24.421,1.648,19.35,30,0.067
07/01/2004,GLP,SUL,5840,R$/13kg,31.267,1.867,25.9,39,5.663,0.0597115169347875,25.604,2.084,20,31.5,0.081
08/01/2004,GLP,CENTRO OESTE,3630,R$/13kg,33.93,3.942,24.9,45,5.374,0.116180371352785,28.556,3.352,20.5,38,0.117
08/01/2004,GLP,NORDESTE,5216,R$/13kg,32.186,2.478,23,38.7,6.404,0.0769899956502827,25.782,2.463,20,33,0.096
08/01/2004,GLP,NORTE,2669,R$/13kg,34.203,2.571,25,45,5.554,0.0751688448381721,28.649,2.575,20.46,33.79,0.09
08/01/2004,GLP,SUDESTE,17019,R$/13kg,29.254,1.63,22.99,37,4.864,0.0557188760511383,24.39,1.721,18.5,30,0.071
08/01/2004,GLP,SUL,6939,R$/13kg,31.301,1.852,25,39,5.809,0.0591674387399764,25.492,2.164,20,31.9,0.085
09/01/2004,GLP,CENTRO OESTE,2949,R$/13kg,33.834,3.881,24.9,46,5.571,0.1147070993675,28.263,3.3,20.5,36,0.117
09/01/2004,GLP,NORDESTE,4360,R$/13kg,31.826,2.465,24,39,6.459,0.0774523974109219,25.367,2.351,20,32,0.093
09/01/2004,GLP,NORTE,2320,R$/13kg,34.176,2.59,25,45,5.419,0.0757841760299625,28.757,2.622,19,33.79,0.091
09/01/2004,GLP,SUDESTE,15141,R$/13kg,29.104,1.703,22.9,37,4.918,0.0585142935678945,24.186,1.776,18.46,30,0.073
09/01/2004,GLP,SUL,6473,R$/13kg,31.209,1.937,24.9,39.9,5.684,0.0620654298439553,25.525,2.143,20,31.5,0.084
10/01/2004,GLP,CENTRO OESTE,2885,R$/13kg,33.854,3.89,24.98,46,5.703,0.114905181071661,28.151,3.368,20.37,39.35,0.12
10/01/2004,GLP,NORDESTE,4201,R$/13kg,31.901,2.391,25,39,6.779,0.0749506285069434,25.122,2.351,20,32,0.094
10/01/2004,GLP,NORTE,2221,R$/13kg,34.161,2.568,26,45,5.534,0.0751734434003688,28.627,2.609,19,33.79,0.091
10/01/2004,GLP,SUDESTE,14152,R$/13kg,29.053,1.658,22.9,37,4.896,0.057068116889822,24.157,1.796,17.8215,30,0.074
10/01/2004,GLP,SUL,6031,R$/13kg,31.143,1.915,24.5,38,5.667,0.0614905436213595,25.476,2.194,20,33.5,0.086
11/01/2004,GLP,CENTRO OESTE,3501,R$/13kg,31.997,3.865,24.98,45,4.932,0.120792574303841,27.065,3.192,20.5,37.75,0.118
11/01/2004,GLP,NORDESTE,5116,R$/13kg,31.402,2.188,26,38,6.063,0.06967709063117,25.339,2.249,19.9,32,0.089
11/01/2004,GLP,NORTE,2445,R$/13kg,31.326,2.506,26,45,4.743,0.0799974462108153,26.583,2.551,19,34,0.096
11/01/2004,GLP,SUDESTE,17184,R$/13kg,29.086,1.618,22.99,37,4.926,0.0556281372481606,24.16,1.705,19,30,0.071
11/01/2004,GLP,SUL,7139,R$/13kg,30.939,2.025,25,38.99,5.678,0.0654513720546883,25.261,2.133,20,35.5,0.084
12/01/2004,GLP,CENTRO OESTE,3042,R$/13kg,31.956,3.755,25.9,44,4.909,0.117505319814745,27.047,3.291,21.12,38,0.122
12/01/2004,GLP,NORDESTE,4240,R$/13kg,30.942,2.394,23,38,5.905,0.077370564281559,25.037,2.336,19.5,32,0.093
12/01/2004,GLP,NORTE,2592,R$/13kg,31.588,2.657,26,45,4.951,0.0841142205900975,26.637,2.94,19,35.85,0.11
12/01/2004,GLP,SUDESTE,14461,R$/13kg,29.296,1.633,23.99,37,5.042,0.0557413981430912,24.254,1.681,20,30,0.069
12/01/2004,GLP,SUL,6097,R$/13kg,31.143,2.02,25,40,5.971,0.0648620877885881,25.172,2.326,20,35.5,0.092
01/01/2005,GLP,CENTRO OESTE,3494,R$/13kg,31.852,3.705,24.98,44,5.014,0.116319226422203,26.838,2.998,21.12,37.75,0.112
01/01/2005,GLP,NORDESTE,4805,R$/13kg,30.601,2.582,22,38,5.721,0.0843763275709944,24.88,2.377,18.5,32,0.096
01/01/2005,GLP,NORTE,2693,R$/13kg,31.65,2.692,26,45,4.846,0.0850552922590837,26.804,2.923,19,35.85,0.109
01/01/2005,GLP,SUDESTE,16636,R$/13kg,29.233,1.674,23.99,39.9,5.068,0.0572640509013786,24.165,1.711,20,30,0.071
01/01/2005,GLP,SUL,7129,R$/13kg,31.127,2.022,25,40,6.014,0.0649596813056189,25.113,2.342,20,35.5,0.093
02/01/2005,GLP,CENTRO OESTE,2885,R$/13kg,31.879,3.74,24.98,44,5.025,0.117318610997836,26.854,3.044,19,37.75,0.113
02/01/2005,GLP,NORDESTE,4214,R$/13kg,30.411,2.753,23.5,38,5.834,0.0905264542435303,24.577,2.399,19,31,0.098
02/01/2005,GLP,NORTE,2122,R$/13kg,31.67,2.765,26,44,4.824,0.0873065993053363,26.846,2.864,19,35.85,0.107
02/01/2005,GLP,SUDESTE,13867,R$/13kg,29.105,1.711,22,37,5.069,0.0587871499742312,24.036,1.789,19.5,31,0.074
02/01/2005,GLP,SUL,5553,R$/13kg,31.026,2.147,25,40,5.839,0.0692000257848256,25.187,2.32,20,31.5,0.092
03/01/2005,GLP,CENTRO OESTE,3130,R$/13kg,32.121,3.408,25,44,5.158,0.106098813860092,26.963,3.113,20.2,37.75,0.115
03/01/2005,GLP,NORDESTE,4487,R$/13kg,30.616,2.536,22.9,38,6.149,0.0828325058792788,24.467,2.553,18.5,33,0.104
03/01/2005,GLP,NORTE,2373,R$/13kg,31.671,2.659,26,45,4.827,0.0839569322092766,26.844,2.838,19,34.62,0.106
03/01/2005,GLP,SUDESTE,14764,R$/13kg,29.12,1.689,22,37,5.048,0.0580013736263736,24.072,1.784,17.51,30,0.074
03/01/2005,GLP,SUL,6493,R$/13kg,30.942,2.111,25,40,5.705,0.0682244198823606,25.237,2.303,19,32.5,0.091
04/01/2005,GLP,CENTRO OESTE,2950,R$/13kg,31.877,3.513,25.9,44,5.204,0.110204849891772,26.673,3.184,20.2,38,0.119
04/01/2005,GLP,NORDESTE,4128,R$/13kg,30.617,2.381,25,38,6.269,0.0777672534866251,24.348,2.372,19.06,33,0.097
04/01/2005,GLP,NORTE,2187,R$/13kg,31.581,2.763,26,45,4.821,0.0874893131946423,26.76,2.952,19,34.62,0.11
04/01/2005,GLP,SUDESTE,13854,R$/13kg,29.041,1.724,21.99,37,5.091,0.0593643469577494,23.95,1.875,19,30,0.078
04/01/2005,GLP,SUL,5887,R$/13kg,31.045,2.056,23.9,40,5.804,0.0662264454823643,25.241,2.229,19,32.5,0.088
05/01/2005,GLP,CENTRO OESTE,3669,R$/13kg,31.923,3.549,25,44,5.167,0.111173761864486,26.756,3.227,20.2,35.87,0.121
05/01/2005,GLP,NORDESTE,5032,R$/13kg,30.411,2.407,24,38,6.227,0.0791489921410016,24.184,2.273,19.36,33,0.094
05/01/2005,GLP,NORTE,2525,R$/13kg,31.656,2.822,24,45,4.905,0.0891458175385393,26.751,2.999,19,34.62,0.112
05/01/2005,GLP,SUDESTE,16997,R$/13kg,28.996,1.799,21.99,37,5.02,0.0620430404193682,23.976,1.942,18.9,29,0.081
05/01/2005,GLP,SUL,7151,R$/13kg,30.889,2.107,23.9,40,5.896,0.0682119848489754,24.993,2.362,19.5,32,0.095
06/01/2005,GLP,CENTRO OESTE,2909,R$/13kg,31.674,3.712,25,44,5.081,0.117193912988571,26.593,3.135,20.5,35.87,0.118
06/01/2005,GLP,NORDESTE,4220,R$/13kg,30.586,2.274,25,38,6.1,0.0743477407964428,24.486,2.197,20,31,0.09
06/01/2005,GLP,NORTE,2339,R$/13kg,31.607,2.739,24,45,4.815,0.0866580187933053,26.792,2.791,19,34.62,0.104
06/01/2005,GLP,SUDESTE,13977,R$/13kg,29.04,1.763,22,38,5.091,0.0607093663911846,23.949,1.944,17.4718,29,0.081
06/01/2005,GLP,SUL,6015,R$/13kg,30.848,2.074,24.5,40,5.539,0.0672328838174274,25.309,2.313,18,32,0.091
07/01/2005,GLP,CENTRO OESTE,2877,R$/13kg,31.562,3.76,25.98,45,5.114,0.119130600088714,26.448,3.192,20.5,37.75,0.121
07/01/2005,GLP,NORDESTE,4110,R$/13kg,30.642,2.224,24,36,5.841,0.0725801187912016,24.801,2.261,20,31,0.091
07/01/2005,GLP,NORTE,2172,R$/13kg,31.593,2.795,24,46,4.842,0.0884689646440667,26.751,2.919,19,34.62,0.109
07/01/2005,GLP,SUDESTE,13707,R$/13kg,29.005,1.787,22,37,5.157,0.061610067229788,23.848,1.944,19,29,0.082
07/01/2005,GLP,SUL,5805,R$/13kg,30.87,2.147,24.99,40,5.63,0.0695497246517655,25.24,2.204,19.5,31.9,0.087
08/01/2005,GLP,CENTRO OESTE,1668,R$/13kg,31.609,3.756,24.98,45,5.029,0.118826916384574,26.58,3.285,20.5,37.54,0.124
08/01/2005,GLP,NORDESTE,2502,R$/13kg,30.469,2.396,23,36,5.598,0.0786373034887919,24.871,2.36,17,32,0.095
08/01/2005,GLP,NORTE,1354,R$/13kg,31.558,2.883,25,46,4.845,0.0913555992141454,26.713,2.949,19,34.62,0.11
08/01/2005,GLP,SUDESTE,8280,R$/13kg,29.005,1.772,21.99,38,5.18,0.0610929150146527,23.825,2.026,17.9031,32.56,0.085
08/01/2005,GLP,SUL,3204,R$/13kg,30.78,2.152,24.99,40,5.841,0.0699155295646524,24.939,2.184,19.92,31.5,0.088
09/01/2005,GLP,CENTRO OESTE,1301,R$/13kg,31.996,3.941,26,45,5.123,0.123171646455807,26.873,3.529,21.5,36.7,0.131
09/01/2005,GLP,NORDESTE,2948,R$/13kg,30.539,2.398,23,36,5.312,0.0785225449425325,25.227,2.342,17,32,0.093
09/01/2005,GLP,NORTE,884,R$/13kg,31.152,3.069,26,46,4.847,0.0985169491525424,26.305,2.426,19,34.62,0.092
09/01/2005,GLP,SUDESTE,6685,R$/13kg,28.924,1.796,22,38,4.713,0.0620937629650118,24.211,2.064,17.39,31.66,0.085
09/01/2005,GLP,SUL,1952,R$/13kg,30.964,2.077,24.8,40.2,5.101,0.0670778969125436,25.863,2.056,19.1043,33,0.079
10/01/2005,GLP,CENTRO OESTE,2289,R$/13kg,32.142,4.255,26,45,5.079,0.13238130794599,27.063,3.526,21,39.2,0.13
10/01/2005,GLP,NORDESTE,4252,R$/13kg,30.864,2.329,23,37,5.471,0.0754600829445309,25.393,2.35,17,34,0.093
10/01/2005,GLP,NORTE,1530,R$/13kg,31.61,2.819,25,44,4.301,0.089180639038279,27.309,2.438,21.512,34.62,0.089
10/01/2005,GLP,SUDESTE,10610,R$/13kg,29.07,1.964,21.99,39,4.947,0.0675610595115239,24.123,2.006,15.343,33.8,0.083
10/01/2005,GLP,SUL,3900,R$/13kg,30.659,1.828,22.2,38,5.036,0.0596236015525621,25.623,2.236,20.2,32.19,0.087
11/01/2005,GLP,CENTRO OESTE,3251,R$/13kg,32.277,3.718,26,43,5.311,0.115190383245035,26.966,3.384,21.5,38,0.125
11/01/2005,GLP,NORDESTE,5802,R$/13kg,30.79,2.26,23,38,5.275,0.0734004546930822,25.515,2.412,17,33,0.095
11/01/2005,GLP,NORTE,3175,R$/13kg,31.975,2.879,25,44,4.761,0.0900390930414386,27.214,2.612,21,40,0.096
11/01/2005,GLP,SUDESTE,15458,R$/13kg,29.082,1.914,23,39,4.919,0.065813905508562,24.163,2.169,15.343,34.8,0.09
11/01/2005,GLP,SUL,8169,R$/13kg,31.693,1.99,24.9,40,5.854,0.0627898905121005,25.839,2.128,19.5845,32.19,0.082
12/01/2005,GLP,CENTRO OESTE,3158,R$/13kg,32.396,3.58,26,45,5.137,0.110507470058032,27.259,3.296,21.5,38,0.121
12/01/2005,GLP,NORDESTE,5423,R$/13kg,31.156,2.067,23,36,5.525,0.0663435614327898,25.631,2.175,17.35,32,0.085
12/01/2005,GLP,NORTE,3401,R$/13kg,32.112,3.087,25,45,4.665,0.0961322869955157,27.447,2.671,21,34.62,0.097
12/01/2005,GLP,SUDESTE,15297,R$/13kg,29.206,1.873,22,38.5,4.949,0.0641306580839554,24.257,1.986,17.43,35,0.082
12/01/2005,GLP,SUL,7937,R$/13kg,32.37,1.817,25.9,40,6.201,0.0561322211924622,26.169,2.29,21.5,33,0.088
01/01/2006,GLP,CENTRO OESTE,3764,R$/13kg,32.453,3.483,28,45,5.556,0.107324438418636,26.897,3.008,22,38,0.112
01/01/2006,GLP,NORDESTE,7442,R$/13kg,31.504,1.918,26,38,5.556,0.0608811579481971,25.948,2.028,17.536,32,0.078
01/01/2006,GLP,NORTE,4473,R$/13kg,32.216,3.048,25,45,4.533,0.0946113732306928,27.683,2.887,21,38,0.104
01/01/2006,GLP,SUDESTE,16930,R$/13kg,29.454,1.84,23,38.5,5.367,0.0624702926597406,24.087,1.902,17.5,32.43,0.079
01/01/2006,GLP,SUL,5153,R$/13kg,32.658,1.993,26.9,40,6.112,0.0610263947577929,26.546,2.283,19.1,34.3,0.086
02/01/2006,GLP,CENTRO OESTE,2920,R$/13kg,32.703,3.336,28,43,5.164,0.102008990000917,27.539,2.631,22,36.5,0.096
02/01/2006,GLP,NORDESTE,5824,R$/13kg,31.767,1.874,27,38,5.671,0.0589920357603803,26.096,1.989,21.8,32,0.076
02/01/2006,GLP,NORTE,2968,R$/13kg,32.217,3.325,25,45,4.783,0.103206381723935,27.434,3.198,19,38,0.117
02/01/2006,GLP,SUDESTE,14489,R$/13kg,29.6,1.78,23.99,38,4.979,0.0601351351351351,24.621,2.115,17.1,33,0.086
02/01/2006,GLP,SUL,6023,R$/13kg,32.895,1.922,25,40,6.34,0.0584283325733394,26.555,2.126,19.217,35.5,0.08
03/01/2006,GLP,CENTRO OESTE,5248,R$/13kg,33.41,3.397,28,43,5.291,0.101676144866806,28.119,4.294,22.5,38.5,0.153
03/01/2006,GLP,NORDESTE,7149,R$/13kg,32.244,1.8,27,38,5.96,0.0558243394119836,26.284,2.039,21,32,0.078
03/01/2006,GLP,NORTE,3898,R$/13kg,32.397,3.086,25.5,45,4.82,0.0952557335555761,27.577,3.052,20.46,38,0.111
03/01/2006,GLP,SUDESTE,19026,R$/13kg,29.773,1.813,24,38,5.132,0.0608940986800121,24.641,2.106,17.35,36,0.085
03/01/2006,GLP,SUL,10320,R$/13kg,32.902,1.855,26.9,40,6.335,0.056379551395052,26.567,2.13,21.2,34,0.08
04/01/2006,GLP,CENTRO OESTE,5495,R$/13kg,33.757,3.419,28,45,5.408,0.10128269692212,28.349,4.008,22.5,38,0.141
04/01/2006,GLP,NORDESTE,6190,R$/13kg,32.512,1.575,27,38,6.137,0.0484436515748032,26.375,2.095,21,33,0.079
04/01/2006,GLP,NORTE,3970,R$/13kg,32.619,2.761,27,45,4.756,0.0846439191882032,27.863,2.709,21,38,0.097
04/01/2006,GLP,SUDESTE,16434,R$/13kg,30.281,1.91,24,38,5.338,0.0630758561474192,24.943,1.974,20,32.43,0.079
04/01/2006,GLP,SUL,10256,R$/13kg,32.885,1.73,26.9,40,6.083,0.052607571841265,26.802,2.355,21.5,34.8,0.088
05/01/2006,GLP,CENTRO OESTE,7337,R$/13kg,33.925,3.473,28,44,5.349,0.102372881355932,28.576,4.173,22.5,38.5,0.146
05/01/2006,GLP,NORDESTE,7536,R$/13kg,32.533,1.613,27,38,6.211,0.0495804260289552,26.322,2.147,21,32,0.082
05/01/2006,GLP,NORTE,5078,R$/13kg,32.869,2.812,28,45,4.754,0.0855517356779945,28.115,2.803,21,38,0.1
05/01/2006,GLP,SUDESTE,19067,R$/13kg,30.968,2.124,24,38,5.675,0.068586928442263,25.293,1.908,20,32.9,0.075
05/01/2006,GLP,SUL,11318,R$/13kg,33.035,1.736,27,40,6.035,0.0525503254124414,27,2.277,22,34.8,0.084
06/01/2006,GLP,CENTRO OESTE,6069,R$/13kg,34.037,3.299,28,44,5.525,0.0969239357170138,28.512,3.677,23,38,0.129
06/01/2006,GLP,NORDESTE,6305,R$/13kg,32.606,1.597,27,38,6.059,0.0489787155738208,26.547,1.945,22.5,33,0.073
06/01/2006,GLP,NORTE,4387,R$/13kg,33.131,2.724,28,45,4.99,0.0822190697534032,28.141,2.772,23.25,36,0.099
06/01/2006,GLP,SUDESTE,17074,R$/13kg,31.532,2.145,25,38,5.714,0.068026132183179,25.818,1.814,22.34,34,0.07
06/01/2006,GLP,SUL,11163,R$/13kg,33.415,1.933,28,40,6.177,0.0578482717342511,27.238,2.103,22.4,35,0.077
07/01/2006,GLP,CENTRO OESTE,5592,R$/13kg,34.16,3.096,28,43,5.533,0.090632318501171,28.627,2.895,23,38,0.101
07/01/2006,GLP,NORDESTE,6810,R$/13kg,32.764,1.564,25,38,6.268,0.0477353192528385,26.496,2.048,22.8,33,0.077
07/01/2006,GLP,NORTE,4631,R$/13kg,33.61,2.795,28,46,5.168,0.0831597738768224,28.442,2.91,23,38,0.102
07/01/2006,GLP,SUDESTE,16457,R$/13kg,31.882,2.206,26,38,5.884,0.069192647889091,25.998,1.799,22.4,33,0.069
07/01/2006,GLP,SUL,10067,R$/13kg,33.592,1.97,28,40,6.274,0.058644915456061,27.318,2.247,22.4,35,0.082
08/01/2006,GLP,CENTRO OESTE,6723,R$/13kg,34.335,3.001,28,43,5.615,0.0874035241007718,28.72,2.796,23.5,38,0.097
08/01/2006,GLP,NORDESTE,7459,R$/13kg,32.868,1.561,27,38,6.229,0.0474930023122794,26.639,2.053,22.76,32.1,0.077
08/01/2006,GLP,NORTE,5316,R$/13kg,33.702,2.665,27,46,5.376,0.0790754257907543,28.326,2.747,23.1,38,0.097
08/01/2006,GLP,SUDESTE,19431,R$/13kg,32.031,2.228,26,38.5,5.934,0.0695576160594424,26.097,1.802,22.2,33,0.069
08/01/2006,GLP,SUL,11170,R$/13kg,33.692,2.104,28,40,6.503,0.0624480588863825,27.189,2.256,22.5,35,0.083
09/01/2006,GLP,CENTRO OESTE,5855,R$/13kg,34.775,3.06,29,45,6.026,0.0879942487419123,28.749,2.781,23.5,36.7,0.097
09/01/2006,GLP,NORDESTE,6260,R$/13kg,32.987,1.602,27,38.5,6.228,0.0485645860490496,26.759,2.009,23.5,32.5,0.075
09/01/2006,GLP,NORTE,4138,R$/13kg,33.768,2.742,27,46,5.373,0.0812011371712864,28.395,2.828,24,38,0.1
09/01/2006,GLP,SUDESTE,15747,R$/13kg,32.191,2.276,26,40,5.941,0.0707029915193688,26.25,1.894,23.1,33,0.072
09/01/2006,GLP,SUL,9036,R$/13kg,33.803,2.101,28,40,6.524,0.0621542466644972,27.279,2.344,23.5,35,0.086
10/01/2006,GLP,CENTRO OESTE,3278,R$/13kg,35.192,3.387,28,45,6.433,0.0962434644237327,28.759,2.873,23.88,37.54,0.1
10/01/2006,GLP,NORDESTE,5686,R$/13kg,32.964,1.667,28,38.5,6.071,0.0505703191360272,26.893,1.835,23.55,32.5,0.068
10/01/2006,GLP,NORTE,2411,R$/13kg,33.742,2.971,27,46,5.401,0.088050500859463,28.341,2.997,24.03,38,0.106
10/01/2006,GLP,SUDESTE,14645,R$/13kg,32.255,2.197,26,39,5.95,0.0681134707797241,26.305,1.893,23.53,35,0.072
10/01/2006,GLP,SUL,6343,R$/13kg,33.819,2.176,29,40,6.661,0.0643425293474083,27.158,2.181,23.66,35,0.08
11/01/2006,GLP,CENTRO OESTE,3653,R$/13kg,35.277,3.306,29,45,6.461,0.0937154519942172,28.816,3.12,23.9,37.54,0.108
11/01/2006,GLP,NORDESTE,5164,R$/13kg,32.913,1.808,28,38.5,6.038,0.0549327013642026,26.875,2.008,23.8,32.5,0.075
11/01/2006,GLP,NORTE,2478,R$/13kg,33.785,3.013,28,46,5.576,0.0891815894627794,28.209,3.037,24,38,0.108
11/01/2006,GLP,SUDESTE,14960,R$/13kg,32.353,2.253,27,40,6.098,0.069638055203536,26.255,2.004,23.7,35,0.076
11/01/2006,GLP,SUL,6910,R$/13kg,33.735,2.28,27.8,42,6.496,0.0675855935971543,27.239,2.037,23.6,35,0.075
12/01/2006,GLP,CENTRO OESTE,3317,R$/13kg,35.294,3.26,27.99,45,6.611,0.0923669745565819,28.683,3.041,23.9,37.54,0.106
12/01/2006,GLP,NORDESTE,5056,R$/13kg,32.787,1.923,27,38,5.913,0.0586512947204685,26.874,1.992,22.9,33,0.074
12/01/2006,GLP,NORTE,2267,R$/13kg,33.928,2.921,28,46,5.628,0.086094081584532,28.3,2.912,24,38,0.103
12/01/2006,GLP,SUDESTE,14103,R$/13kg,32.368,2.235,27,40,6.092,0.0690496786950074,26.276,2.053,23.6,35,0.078
12/01/2006,GLP,SUL,6602,R$/13kg,33.817,2.203,28,42,6.759,0.0651447496821126,27.058,1.855,24,33,0.069
01/01/2007,GLP,CENTRO OESTE,4155,R$/13kg,35.399,3.226,29.5,45,6.372,0.0911325178677364,29.027,2.859,24,38,0.098
01/01/2007,GLP,NORDESTE,6359,R$/13kg,32.843,2.026,27,38,6.064,0.0616874219772859,26.779,2.077,23.5,34.62,0.078
01/01/2007,GLP,NORTE,2848,R$/13kg,34.016,2.917,29,46,5.677,0.0857537629350894,28.339,2.944,24.1,38,0.104
01/01/2007,GLP,SUDESTE,17451,R$/13kg,32.384,2.223,27,40,6.131,0.0686450098814229,26.253,2.011,23,33.5,0.077
01/01/2007,GLP,SUL,8431,R$/13kg,33.774,2.291,27.5,40,6.724,0.0678332445076094,27.05,1.878,23.74,33.5,0.069
02/01/2007,GLP,CENTRO OESTE,3292,R$/13kg,35.368,3.197,29.9,45,6.053,0.0903924451481565,29.315,3.085,24,38.4,0.105
02/01/2007,GLP,NORDESTE,5039,R$/13kg,32.87,2.179,26,39,6.049,0.0662914511712808,26.821,2.131,23.55,35,0.079
02/01/2007,GLP,NORTE,2276,R$/13kg,34.184,2.883,29,46,5.657,0.0843377018488182,28.527,2.79,24,38,0.098
02/01/2007,GLP,SUDESTE,13730,R$/13kg,32.409,2.254,26,40,6.155,0.0695485821839613,26.254,2.145,23.59,38,0.082
02/01/2007,GLP,SUL,6632,R$/13kg,33.726,2.273,27.8,40,6.727,0.0673960742453893,26.999,1.743,23.74,33,0.065
03/01/2007,GLP,CENTRO OESTE,3297,R$/13kg,35.349,3.211,29.9,43,6.046,0.0908370816713344,29.303,3.058,24,38.7,0.104
03/01/2007,GLP,NORDESTE,4986,R$/13kg,32.949,2.183,26,39,6.172,0.0662539075540988,26.777,2.113,23.55,35,0.079
03/01/2007,GLP,NORTE,2271,R$/13kg,34.302,2.885,29,46,5.731,0.0841058830388899,28.571,2.693,24,39.996,0.094
03/01/2007,GLP,SUDESTE,13600,R$/13kg,32.388,2.255,26,40,6.042,0.0696245523033222,26.346,2.211,22.8,35,0.084
03/01/2007,GLP,SUL,6639,R$/13kg,33.76,2.218,28,40,6.545,0.0656990521327014,27.215,2.079,23.51,35,0.076
04/01/2007,GLP,CENTRO OESTE,3233,R$/13kg,35.363,3.205,29.9,43,6.192,0.0906314509515595,29.171,3.18,23.7,38.13,0.109
04/01/2007,GLP,NORDESTE,4870,R$/13kg,32.87,2.21,26,39,6.195,0.0672345603894129,26.675,2.119,23,34,0.079
04/01/2007,GLP,NORTE,2263,R$/13kg,34.427,2.846,29,46,5.833,0.0826676736282569,28.594,2.666,24,39.866,0.093
04/01/2007,GLP,SUDESTE,13090,R$/13kg,32.37,2.27,26,40,6.1,0.0701266604881063,26.27,2.242,23.58,35,0.085
04/01/2007,GLP,SUL,6544,R$/13kg,33.72,2.248,27.9,40.2,6.44,0.0666666666666667,27.28,2.152,23.51,35,0.079
05/01/2007,GLP,CENTRO OESTE,4084,R$/13kg,35.442,3.316,29.9,43,6.242,0.0935613114384064,29.2,3.12,23.8,40,0.107
05/01/2007,GLP,NORDESTE,6025,R$/13kg,32.803,2.301,26,39,6.196,0.0701460232295827,26.607,2.09,23.5,34,0.079
05/01/2007,GLP,NORTE,2816,R$/13kg,34.404,2.795,29,46,5.769,0.0812405534240205,28.635,2.699,24,38.466,0.094
05/01/2007,GLP,SUDESTE,16349,R$/13kg,32.334,2.275,26,40,6.164,0.0703593740335251,26.17,2.297,22.5,35,0.088
05/01/2007,GLP,SUL,8257,R$/13kg,33.679,2.228,26.9,40.2,6.332,0.0661539831942754,27.347,2.14,23.55,34,0.078
06/01/2007,GLP,CENTRO OESTE,3237,R$/13kg,35.459,3.376,29.9,44,6.49800000000001,0.0952085507205505,28.961,3.209,23.7,38.4,0.111
06/01/2007,GLP,NORDESTE,4737,R$/13kg,32.722,2.389,26,39,6.139,0.0730089847808814,26.583,2.125,23.55,34,0.08
06/01/2007,GLP,NORTE,2243,R$/13kg,34.46,2.827,29,47,5.812,0.0820371445153802,28.648,2.737,16.15,38.466,0.096
06/01/2007,GLP,SUDESTE,13053,R$/13kg,32.321,2.226,26,40,6.036,0.0688716314470468,26.285,2.376,21.5,35,0.09
06/01/2007,GLP,SUL,6570,R$/13kg,33.577,2.286,26.9,40,6.082,0.0680823182535664,27.495,2.109,23.55,34.31,0.077
07/01/2007,GLP,CENTRO OESTE,3621,R$/13kg,35.481,3.43,29,44,6.659,0.096671457963417,28.822,3.244,23.62,38.13,0.113
07/01/2007,GLP,NORDESTE,5419,R$/13kg,32.668,2.503,26,39,6.096,0.0766193216603404,26.572,2.101,23,34,0.079
07/01/2007,GLP,NORTE,2561,R$/13kg,34.466,2.903,28,49,5.869,0.0842279347763013,28.597,2.742,23.68,38.466,0.096
07/01/2007,GLP,SUDESTE,14948,R$/13kg,32.278,2.312,26,40,6.06,0.0716277340603507,26.218,2.488,17.7,36,0.095
07/01/2007,GLP,SUL,7091,R$/13kg,33.617,2.297,26.9,40,6.19,0.0683285242585597,27.427,2.096,23.54,34,0.076
08/01/2007,GLP,CENTRO OESTE,3913,R$/13kg,35.403,3.419,28,44,6.582,0.0965737366889812,28.821,3.014,24,38.407,0.105
08/01/2007,GLP,NORDESTE,5258,R$/13kg,32.552,2.61,23,39,6.006,0.0801794052592775,26.546,2.046,23.55,34,0.077
08/01/2007,GLP,NORTE,2946,R$/13kg,34.487,2.922,28,48,5.85,0.0847275785078435,28.637,2.875,23.68,35.43,0.1
08/01/2007,GLP,SUDESTE,14903,R$/13kg,32.194,2.319,25,40,6.065,0.0720320556625458,26.129,2.548,21.018,34.84,0.098
08/01/2007,GLP,SUL,8042,R$/13kg,33.668,2.386,26,40,6.272,0.0708684804562196,27.396,2.238,23.5,35,0.082
09/01/2007,GLP,CENTRO OESTE,3699,R$/13kg,35.224,3.5,28,44,6.603,0.0993640699523053,28.621,2.945,23.7,39,0.103
09/01/2007,GLP,NORDESTE,5019,R$/13kg,32.593,2.634,25,39,6.121,0.0808148989046728,26.472,2.055,23.55,34,0.078
09/01/2007,GLP,NORTE,2922,R$/13kg,34.336,2.947,29,48,5.817,0.0858282851817335,28.519,2.883,23.68,35.43,0.101
09/01/2007,GLP,SUDESTE,14135,R$/13kg,32.118,2.307,25,40,6.052,0.0718288810013077,26.066,2.535,23,39.211,0.097
09/01/2007,GLP,SUL,7441,R$/13kg,33.667,2.373,26.9,40,6.341,0.0704844506490035,27.326,2.418,23.5,36.8,0.088
10/01/2007,GLP,CENTRO OESTE,4541,R$/13kg,35.282,3.488,28.5,44,6.714,0.0988606088090245,28.568,2.986,23,39,0.105
10/01/2007,GLP,NORDESTE,6173,R$/13kg,32.65,2.825,25,39,6.174,0.0865237366003063,26.476,2.157,22.1,34,0.081
10/01/2007,GLP,NORTE,3651,R$/13kg,34.396,2.993,29,48,5.89,0.0870159320851262,28.506,2.923,23.5,35.43,0.103
10/01/2007,GLP,SUDESTE,17652,R$/13kg,32.086,2.334,25,40,6.227,0.0727420058592533,25.859,2.583,22.1,39.211,0.1
10/01/2007,GLP,SUL,9436,R$/13kg,33.538,2.332,26.9,40,6.293,0.0695330669688115,27.245,2.435,22.5,36,0.089
11/01/2007,GLP,CENTRO OESTE,3819,R$/13kg,35.187,3.401,27,44,6.625,0.0966550146360872,28.562,2.928,23,39,0.103
11/01/2007,GLP,NORDESTE,5089,R$/13kg,32.605,2.89,25,39,6.341,0.0886367121607116,26.264,2.133,22.05,34,0.081
11/01/2007,GLP,NORTE,2922,R$/13kg,34.402,2.976,29,47,5.882,0.0865065984535783,28.52,2.937,22.35,37.588,0.103
11/01/2007,GLP,SUDESTE,14215,R$/13kg,32.055,2.36,25,40,6.358,0.0736234596786773,25.697,2.499,22.02,40,0.097
11/01/2007,GLP,SUL,7598,R$/13kg,33.465,2.348,26.9,41.6,6.189,0.0701628567159719,27.276,2.521,22.36,36,0.092
12/01/2007,GLP,CENTRO OESTE,4325,R$/13kg,35.116,3.349,28.9,44,6.814,0.0953696320765463,28.302,2.74,22.8,39,0.097
12/01/2007,GLP,NORDESTE,5576,R$/13kg,32.45,2.961,25,39,6.225,0.0912480739599384,26.225,2.139,22.08,34,0.082
12/01/2007,GLP,NORTE,3224,R$/13kg,34.425,3.025,29,49,5.86,0.0878721859114016,28.565,3.042,23.68,37.588,0.106
12/01/2007,GLP,SUDESTE,15241,R$/13kg,32.081,2.4,25,40,6.352,0.0748106355786914,25.729,2.494,22.02,35,0.097
12/01/2007,GLP,SUL,8019,R$/13kg,33.474,2.383,25.6,41.6,6.107,0.071189579972516,27.367,2.567,22.36,36.8,0.094
01/01/2008,GLP,CENTRO OESTE,4094,R$/13kg,35.188,3.239,27.9,44,6.803,0.0920484255996362,28.385,2.612,22.8,38.13,0.092
01/01/2008,GLP,NORDESTE,5788,R$/13kg,32.424,2.983,25,39,6.345,0.0919997532691833,26.079,2.173,22.1,33,0.083
01/01/2008,GLP,NORTE,3363,R$/13kg,34.398,2.926,29,47,5.835,0.0850630850630851,28.563,2.982,23.8,38.569,0.104
01/01/2008,GLP,SUDESTE,16776,R$/13kg,32.088,2.46,25,40,6.241,0.0766641735228123,25.847,2.598,22.02,35,0.101
01/01/2008,GLP,SUL,9187,R$/13kg,33.576,2.54,25,42,6.234,0.0756492732904456,27.342,2.653,22.36,36.8,0.097
02/01/2008,GLP,CENTRO OESTE,3729,R$/13kg,35.03,3.241,28,44,6.888,0.0925206965458179,28.142,2.605,22.5,38.13,0.093
02/01/2008,GLP,NORDESTE,5077,R$/13kg,32.549,2.865,25,39,6.457,0.088021137362131,26.092,2.139,22.02,34,0.082
02/01/2008,GLP,NORTE,3001,R$/13kg,34.394,2.983,29,47,5.824,0.0867302436471478,28.57,3.227,23.29,37.588,0.113
02/01/2008,GLP,SUDESTE,14309,R$/13kg,32.057,2.418,25,40,6.197,0.0754281436191783,25.86,2.731,22.02,37,0.106
02/01/2008,GLP,SUL,7576,R$/13kg,33.514,2.699,25,42.5,6.161,0.0805335083845557,27.353,2.769,22.3,36,0.101
03/01/2008,GLP,CENTRO OESTE,3731,R$/13kg,35.077,3.275,28,44,6.987,0.0933660233201243,28.09,2.58,22.5,38.13,0.092
03/01/2008,GLP,NORDESTE,5117,R$/13kg,32.495,2.883,25,39,6.534,0.0887213417448838,25.961,2.103,22.01,34,0.081
03/01/2008,GLP,NORTE,2978,R$/13kg,34.475,2.957,29,49,5.918,0.0857722987672226,28.557,3.181,23.5,38.569,0.111
03/01/2008,GLP,SUDESTE,14476,R$/13kg,32.045,2.371,25,40,6.03,0.0739897019815884,26.015,2.807,22.02,37,0.108
03/01/2008,GLP,SUL,7664,R$/13kg,33.466,2.708,25,42.5,6.255,0.0809179465726409,27.211,2.795,22.3,36,0.103
04/01/2008,GLP,CENTRO OESTE,4713,R$/13kg,35.016,3.218,27.9,43,6.89,0.0919008453278501,28.126,2.744,22.5,38.13,0.098
04/01/2008,GLP,NORDESTE,6464,R$/13kg,32.474,2.916,25,39,6.533,0.0897949128533596,25.941,2.096,22.01,33,0.081
04/01/2008,GLP,NORTE,3755,R$/13kg,34.533,2.94,29,47,6,0.085135956910781,28.533,3.1,23,37.899,0.109
04/01/2008,GLP,SUDESTE,18074,R$/13kg,32.019,2.395,25,40,6.171,0.074799337893126,25.848,2.685,22.02,37,0.104
04/01/2008,GLP,SUL,9544,R$/13kg,33.467,2.715,26.9,42,6.301,0.0811246899931276,27.166,2.746,22.3,36,0.101
05/01/2008,GLP,CENTRO OESTE,3701,R$/13kg,35.037,3.229,29,43,6.693,0.0921597168707367,28.344,2.719,22.15,38.13,0.096
05/01/2008,GLP,NORDESTE,5153,R$/13kg,33.254,2.311,26,39,6.932,0.0694953990497384,26.322,2.011,22.1,33,0.076
05/01/2008,GLP,NORTE,3057,R$/13kg,34.788,2.923,29,47,6.03,0.084023226399908,28.758,3.141,22.7,38.569,0.109
05/01/2008,GLP,SUDESTE,14452,R$/13kg,32.045,2.424,25,40,6.244,0.0756436261507255,25.801,2.632,22.01,37,0.102
05/01/2008,GLP,SUL,7644,R$/13kg,33.652,2.855,26.9,44,6.38,0.0848389397361227,27.272,2.77,22.1,36.5,0.102
06/01/2008,GLP,CENTRO OESTE,3697,R$/13kg,34.996,3.211,28.9,43,6.608,0.0917533432392273,28.388,2.8,22.2,38.63,0.099
06/01/2008,GLP,NORDESTE,5068,R$/13kg,33.671,2.323,27,40,7.139,0.0689911199548573,26.532,1.941,22.18,33,0.073
06/01/2008,GLP,NORTE,2963,R$/13kg,35.16,2.802,30,47,6.248,0.0796928327645051,28.912,3.051,22.7,38.569,0.106
06/01/2008,GLP,SUDESTE,14329,R$/13kg,32.389,2.389,25,40,6.51,0.0737596097440489,25.879,2.702,22.001,37,0.104
06/01/2008,GLP,SUL,7587,R$/13kg,33.996,3.009,27.4,48,6.635,0.0885104129897635,27.361,2.82,22.39,39.5,0.103
07/01/2008,GLP,CENTRO OESTE,4680,R$/13kg,35.051,3.222,29,43,6.727,0.0919231976263159,28.324,2.569,22.2,38.13,0.091
07/01/2008,GLP,NORDESTE,6252,R$/13kg,33.742,2.338,27,40,7.087,0.0692904984885306,26.655,1.981,22.35,33,0.074
07/01/2008,GLP,NORTE,3760,R$/13kg,35.293,2.78,30,48,6.282,0.0787691610234324,29.011,3.073,23,38.569,0.106
07/01/2008,GLP,SUDESTE,17967,R$/13kg,32.629,2.345,25,40,6.668,0.0718685831622177,25.961,2.662,22.01,37,0.103
07/01/2008,GLP,SUL,9420,R$/13kg,34.063,2.985,27.4,44,6.454,0.0876317411854505,27.609,2.931,22.1,39.5,0.106
08/01/2008,GLP,CENTRO OESTE,3787,R$/13kg,35.009,3.15,28,44,6.783,0.0899768630923477,28.226,2.504,22.2,38.13,0.089
08/01/2008,GLP,NORDESTE,5065,R$/13kg,33.923,2.214,26,40,7.034,0.065265454116676,26.889,1.981,22.35,34,0.074
08/01/2008,GLP,NORTE,3027,R$/13kg,35.285,2.782,30,47,6.311,0.0788437012894998,28.974,3.185,23,37.955,0.11
08/01/2008,GLP,SUDESTE,14226,R$/13kg,32.704,2.345,25,40,6.806,0.0717037671232877,25.898,2.646,22.01,37,0.102
08/01/2008,GLP,SUL,7505,R$/13kg,34.131,2.946,27.4,44,6.469,0.0863144941548739,27.662,2.911,22.1,39,0.105
09/01/2008,GLP,CENTRO OESTE,3816,R$/13kg,35.003,3.183,28,43,6.735,0.0909350627089107,28.268,2.714,22.2,38.13,0.096
09/01/2008,GLP,NORDESTE,5079,R$/13kg,33.9,2.279,27,40,6.924,0.0672271386430678,26.976,2.024,22.2,34,0.075
09/01/2008,GLP,NORTE,2995,R$/13kg,35.217,3.112,26,47,6.416,0.0883664139478093,28.801,3.445,23,37.899,0.12
09/01/2008,GLP,SUDESTE,14304,R$/13kg,32.716,2.308,25,40,6.68,0.0705465215796552,26.036,2.743,22.01,38,0.105
09/01/2008,GLP,SUL,7523,R$/13kg,34.145,2.953,27.9,44,6.48,0.0864841118758237,27.665,2.956,22.1,39,0.107
10/01/2008,GLP,CENTRO OESTE,4817,R$/13kg,35.012,3.182,29.9,43,6.763,0.090883125785445,28.249,2.771,22,38.25,0.098
10/01/2008,GLP,NORDESTE,6363,R$/13kg,33.9,2.346,27,40,6.871,0.0692035398230089,27.029,2.105,20.8,34.9,0.078
10/01/2008,GLP,NORTE,3719,R$/13kg,34.721,4.045,25.5,47,6.452,0.116500100803548,28.269,4.35,23.8,38.695,0.154
10/01/2008,GLP,SUDESTE,17894,R$/13kg,32.686,2.322,24,40,6.804,0.0710395888147831,25.882,2.88,19.83,37.66,0.111
10/01/2008,GLP,SUL,9292,R$/13kg,34.105,2.973,26,44,6.478,0.0871719689195133,27.627,2.928,20.5,39,0.106
11/01/2008,GLP,CENTRO OESTE,3947,R$/13kg,34.953,3.152,29,44,6.835,0.0901782393499843,28.118,2.859,22,43.25,0.102
11/01/2008,GLP,NORDESTE,5040,R$/13kg,33.909,2.447,27,40,6.935,0.072163732342446,26.974,2.175,20.24,34,0.081
11/01/2008,GLP,NORTE,2935,R$/13kg,34.715,4.152,25.5,49,6.46600000000001,0.119602477315282,28.249,4.36,20.4,36.895,0.154
11/01/2008,GLP,SUDESTE,14209,R$/13kg,32.601,2.317,24.9,40,6.843,0.0710714395263949,25.758,2.882,20,38,0.112
11/01/2008,GLP,SUL,7453,R$/13kg,34.092,2.95,27,44.5,6.534,0.086530564355274,27.558,2.812,20.5,36,0.102
12/01/2008,GLP,CENTRO OESTE,4921,R$/13kg,34.817,3.232,28,42,6.668,0.0928282161013298,28.149,2.867,21.5,40.87,0.102
12/01/2008,GLP,NORDESTE,6367,R$/13kg,33.766,2.545,26,40,6.859,0.0753716756500622,26.907,2.272,20.4,34,0.084
12/01/2008,GLP,NORTE,3727,R$/13kg,34.672,4.218,25.5,49,6.263,0.121654360867559,28.409,4.407,20.422,38.569,0.155
12/01/2008,GLP,SUDESTE,17887,R$/13kg,32.58,2.316,24,40,6.689,0.0710865561694291,25.891,2.86,20,38,0.11
12/01/2008,GLP,SUL,9261,R$/13kg,34.171,2.894,26,44,6.538,0.0846916976383483,27.633,2.834,20,39,0.103
01/01/2009,GLP,CENTRO OESTE,3968,R$/13kg,34.777,3.256,28.5,43,6.66,0.0936250970468988,28.117,2.9,22.1,40.87,0.103
01/01/2009,GLP,NORDESTE,5133,R$/13kg,33.795,2.571,27,40,6.954,0.0760763426542388,26.841,2.308,20,35,0.086
01/01/2009,GLP,NORTE,2985,R$/13kg,34.647,4.203,25.5,49,6.244,0.121309204260109,28.403,4.359,23.5,36.489,0.153
01/01/2009,GLP,SUDESTE,14335,R$/13kg,32.585,2.345,24,40,6.662,0.0719656283566058,25.923,2.935,17.7,37,0.113
01/01/2009,GLP,SUL,7406,R$/13kg,34.25,2.833,27,43,6.602,0.0827153284671533,27.648,2.869,21,39,0.104
02/01/2009,GLP,CENTRO OESTE,4049,R$/13kg,34.751,3.261,28.99,43,6.676,0.093839026215073,28.075,2.825,21.52,40.87,0.101
02/01/2009,GLP,NORDESTE,5119,R$/13kg,33.868,2.547,24.99,43,6.956,0.0752037321365301,26.912,2.324,20.24,35,0.086
02/01/2009,GLP,NORTE,2977,R$/13kg,34.648,4.229,25.5,50,6.249,0.122056107134611,28.399,4.458,23.5,36.589,0.157
02/01/2009,GLP,SUDESTE,14276,R$/13kg,32.574,2.395,24.9,40,6.782,0.073524897157242,25.792,3.006,20,37,0.117
02/01/2009,GLP,SUL,7388,R$/13kg,34.162,2.834,26,43,6.375,0.0829576722674317,27.787,2.834,20,39,0.102
03/01/2009,GLP,CENTRO OESTE,4479,R$/13kg,35.551,3.282,28.5,46,7.277,0.0923180782537763,28.274,2.954,22,40.87,0.104
03/01/2009,GLP,NORDESTE,5798,R$/13kg,33.871,2.663,24,43,6.971,0.0786218298839715,26.9,2.477,20,40,0.092
03/01/2009,GLP,NORTE,3517,R$/13kg,34.735,4.359,25.5,49,6.241,0.125493018569167,28.494,4.454,21.22,36.8,0.156
03/01/2009,GLP,SUDESTE,16481,R$/13kg,33.021,2.793,24.99,44,6.841,0.0845825383846643,26.18,3.017,20,37.8,0.115
03/01/2009,GLP,SUL,8219,R$/13kg,34.437,2.77,26,43,6.784,0.0804367395533874,27.653,2.794,20,39,0.101
04/01/2009,GLP,CENTRO OESTE,4573,R$/13kg,37.905,2.588,30,46,7.849,0.068275953040496,30.056,2.542,22.59,41.687,0.085
04/01/2009,GLP,NORDESTE,5588,R$/13kg,33.968,2.743,26,43,6.91100000000001,0.0807524729156853,27.057,2.3,20.51,36,0.085
04/01/2009,GLP,NORTE,3288,R$/13kg,35.45,4.567,26,50,6.598,0.128829337094499,28.852,4.763,22.486,38.5,0.165
04/01/2009,GLP,SUDESTE,15578,R$/13kg,33.617,2.92,26.99,44,6.991,0.0868608144688699,26.626,3.012,20,40,0.113
04/01/2009,GLP,SUL,8244,R$/13kg,35.463,2.537,28,46,7.208,0.0715393508727406,28.255,2.801,17.287,39,0.099
05/01/2009,GLP,CENTRO OESTE,3953,R$/13kg,38.244,2.544,32,45,7.812,0.0665202384687794,30.432,2.46,23.5,40.87,0.081
05/01/2009,GLP,NORDESTE,5096,R$/13kg,34.196,2.734,28.9,43,7.179,0.0799508714469529,27.017,2.281,20.51,36,0.084
05/01/2009,GLP,NORTE,3020,R$/13kg,35.724,4.602,26,50,6.679,0.12882096069869,29.045,4.718,22.86,38.5,0.162
05/01/2009,GLP,SUDESTE,14228,R$/13kg,34.024,2.906,26.99,45,7.276,0.085410298612744,26.748,3.011,20,40,0.113
05/01/2009,GLP,SUL,7291,R$/13kg,35.743,2.446,29,44,7.535,0.0684329798841731,28.208,2.662,20,37,0.094
06/01/2009,GLP,CENTRO OESTE,4477,R$/13kg,38.643,2.851,32,48,7.916,0.0737779157932873,30.727,2.593,23.5,43.87,0.084
06/01/2009,GLP,NORDESTE,5774,R$/13kg,34.583,2.522,28,43,7.481,0.0729260041060637,27.102,2.267,21.25,36,0.084
06/01/2009,GLP,NORTE,3603,R$/13kg,35.904,4.692,26,50,6.675,0.130681818181818,29.229,4.671,23.5,39.5,0.16
06/01/2009,GLP,SUDESTE,16262,R$/13kg,34.863,2.761,27,46,7.966,0.0791957089177638,26.897,3.046,20,45,0.113
06/01/2009,GLP,SUL,7957,R$/13kg,36.089,2.547,29,45,7.695,0.0705755216270886,28.394,2.697,20,39,0.095
07/01/2009,GLP,CENTRO OESTE,4649,R$/13kg,39.315,2.943,33,46,7.677,0.0748569248378482,31.638,2.723,23.5,43.87,0.086
07/01/2009,GLP,NORDESTE,5593,R$/13kg,35.02,2.286,29,43,7.578,0.0652769845802399,27.442,2.441,20.866,38,0.089
07/01/2009,GLP,NORTE,3909,R$/13kg,36.033,4.947,26,49,6.694,0.137290816751311,29.339,4.842,21.22,40.78,0.165
07/01/2009,GLP,SUDESTE,15672,R$/13kg,35.377,2.677,27,46,8.441,0.0756706334624191,26.936,3.082,20,45,0.114
07/01/2009,GLP,SUL,7760,R$/13kg,36.286,2.562,29,44,7.769,0.0706057432618641,28.517,2.897,20,39,0.102
08/01/2009,GLP,CENTRO OESTE,2183,R$/13kg,39.618,2.869,34,46,7.739,0.0724165783229845,31.879,2.97,23.5,43.97,0.093
08/01/2009,GLP,NORDESTE,2574,R$/13kg,35.447,2.16,29.9,43,7.786,0.0609360453635004,27.661,2.488,20.83,36,0.09
08/01/2009,GLP,NORTE,1859,R$/13kg,36.163,4.992,26,49,6.756,0.138041644775046,29.407,4.737,24.22,41.129,0.161
08/01/2009,GLP,SUDESTE,7315,R$/13kg,35.608,2.658,27,46,8.583,0.0746461469332734,27.025,3.01,17,45,0.111
08/01/2009,GLP,SUL,3413,R$/13kg,36.314,2.504,29,45,7.787,0.0689541223770447,28.527,2.836,20,37,0.099
09/01/2009,GLP,CENTRO OESTE,1549,R$/13kg,42.128,2.725,32.5,50,9.207,0.0646838207368021,32.921,3.59,20.87,43.87,0.109
09/01/2009,GLP,NORDESTE,2688,R$/13kg,36.18,2.097,30,45,7.886,0.0579601990049751,28.294,2.798,17.52,37,0.099
09/01/2009,GLP,NORTE,1327,R$/13kg,35.254,4.728,26,50,6.312,0.134112441141431,28.942,4.61,20,48,0.159
09/01/2009,GLP,SUDESTE,5954,R$/13kg,37.558,2.518,28,47,9.789,0.067042973534267,27.769,2.909,16.89,35.55,0.105
09/01/2009,GLP,SUL,1940,R$/13kg,38.165,3.021,30,49,9.185,0.0791562950347177,28.98,3.048,17.24,39,0.105
10/01/2009,GLP,CENTRO OESTE,2619,R$/13kg,42.163,2.949,35,51,8.91699999999999,0.0699428408794441,33.246,3.649,22.68,44.5,0.11
10/01/2009,GLP,NORDESTE,4088,R$/13kg,36.684,2.176,24,45,8.334,0.0593174135863047,28.35,3.123,14.6383,39,0.11
10/01/2009,GLP,NORTE,1753,R$/13kg,36.408,5.392,26.5,52,7.335,0.148099318831026,29.073,4.679,16.115,48,0.161
10/01/2009,GLP,SUDESTE,9390,R$/13kg,37.863,2.521,29,48,9.854,0.0665821514407205,28.009,2.852,15.39,44,0.102
10/01/2009,GLP,SUL,3678,R$/13kg,38.769,3.23,28,49,9.171,0.0833139879800872,29.598,3.495,17.124,39.94,0.118
11/01/2009,GLP,CENTRO OESTE,2995,R$/13kg,42.235,3.03,34,51,8.732,0.0717414466674559,33.503,4.158,17.37,44.5,0.124
11/01/2009,GLP,NORDESTE,4722,R$/13kg,36.478,2.207,24,45,7.92,0.0605022205164757,28.558,3.008,17,38,0.105
11/01/2009,GLP,NORTE,1908,R$/13kg,37.01,5.413,24,52,7.978,0.146257768170765,29.032,4.337,16.15,48,0.149
11/01/2009,GLP,SUDESTE,10870,R$/13kg,37.813,2.626,29,48,10.013,0.0694470155766535,27.8,2.914,15.34,42,0.105
11/01/2009,GLP,SUL,4745,R$/13kg,38.543,3.275,26,50,9.023,0.0849700334691124,29.52,3.239,17,39.9,0.11
12/01/2009,GLP,CENTRO OESTE,3187,R$/13kg,42.304,3.185,32,51,7.731,0.0752883888048412,34.573,4.08,22.3,44.5,0.118
12/01/2009,GLP,NORDESTE,5175,R$/13kg,36.439,2.208,24,43,8.138,0.0605944180685529,28.301,3.026,17,38,0.107
12/01/2009,GLP,NORTE,2594,R$/13kg,37.816,5.404,24,52,8.641,0.142902475142797,29.175,3.97,16.15,48,0.136
12/01/2009,GLP,SUDESTE,12570,R$/13kg,37.808,2.603,28,49,10.078,0.0688478628861617,27.73,2.971,15.343,44,0.107
12/01/2009,GLP,SUL,7109,R$/13kg,38.683,3.364,30,51,8.904,0.0869632655171522,29.779,3.508,15.2675,40,0.118
01/01/2010,GLP,CENTRO OESTE,2934,R$/13kg,42.056,3.109,34.5,51,7.77699999999999,0.0739252425337645,34.279,4.055,24.9,44.5,0.118
01/01/2010,GLP,NORDESTE,4406,R$/13kg,36.566,2.228,24,45,8.48,0.0609309194333534,28.086,2.892,17,37.7,0.103
01/01/2010,GLP,NORTE,2203,R$/13kg,38.029,5.296,26.5,53,8.265,0.139262142049489,29.764,4.004,21.5,38,0.135
01/01/2010,GLP,SUDESTE,11376,R$/13kg,37.945,2.738,28,49,10.132,0.0721570694426143,27.813,3.026,14.66,40,0.109
01/01/2010,GLP,SUL,6429,R$/13kg,38.771,3.173,31,49.25,9.116,0.0818395192282892,29.655,3.494,17.23,40,0.118
02/01/2010,GLP,CENTRO OESTE,3133,R$/13kg,42.009,3.088,34,51,8.135,0.0735080577971387,33.874,4.417,17.14,43.87,0.13
02/01/2010,GLP,NORDESTE,4833,R$/13kg,36.6,2.406,24,44,8.228,0.0657377049180328,28.372,2.959,17,36,0.104
02/01/2010,GLP,NORTE,2364,R$/13kg,38.194,5.549,26,52,8.459,0.145284599675342,29.735,3.992,23.4,38,0.134
02/01/2010,GLP,SUDESTE,12127,R$/13kg,37.975,2.838,28,49,9.986,0.0747333772218565,27.989,3.107,15.343,44,0.111
02/01/2010,GLP,SUL,6395,R$/13kg,38.751,3.216,28.5,49.25,9.132,0.0829914066733762,29.619,3.495,17.23,41,0.118
03/01/2010,GLP,CENTRO OESTE,4454,R$/13kg,42.169,3.022,30,51,8.056,0.0716640185918566,34.113,4.341,17.141,43.87,0.127
03/01/2010,GLP,NORDESTE,5985,R$/13kg,36.603,2.339,24,45.5,9.029,0.0639018659672704,27.574,2.78,17,37,0.101
03/01/2010,GLP,NORTE,3306,R$/13kg,38.231,5.596,25.6,52,8.48,0.146373361931417,29.751,4.192,24.26,38.7,0.141
03/01/2010,GLP,SUDESTE,16471,R$/13kg,38.36,2.806,26.99,49,10.378,0.0731491136600626,27.982,3.255,15.34,44,0.116
03/01/2010,GLP,SUL,8453,R$/13kg,38.851,3.231,30,49.9,9.265,0.0831638825255463,29.586,3.545,18.26,40,0.12
04/01/2010,GLP,CENTRO OESTE,3735,R$/13kg,42.149,3.009,30,51,8.279,0.071389594059171,33.87,4.098,17.14,43.87,0.121
04/01/2010,GLP,NORDESTE,4903,R$/13kg,36.334,2.327,24,44,8.728,0.0640446964275885,27.606,2.731,17,37,0.099
04/01/2010,GLP,NORTE,2915,R$/13kg,38.317,5.444,26.5,52,8.476,0.142077928856643,29.841,4.37,21.01,39,0.146
04/01/2010,GLP,SUDESTE,13756,R$/13kg,38.424,2.806,27,49,10.278,0.0730272746200292,28.146,3.124,14.66,40,0.111
04/01/2010,GLP,SUL,7239,R$/13kg,38.835,3.182,28,49.63,9.273,0.081936397579503,29.562,3.665,18.2679,40,0.124
05/01/2010,GLP,CENTRO OESTE,4240,R$/13kg,42.175,3,35,51,8.288,0.0711321873147599,33.887,4.156,17.141,43.87,0.123
05/01/2010,GLP,NORDESTE,5443,R$/13kg,36.287,2.377,24,45,8.642,0.0655055529528481,27.645,2.783,17,38,0.101
05/01/2010,GLP,NORTE,3176,R$/13kg,38.356,5.417,26.5,52,8.336,0.141229533840859,30.02,4.456,15,39,0.148
05/01/2010,GLP,SUDESTE,15338,R$/13kg,38.38,2.839,27,49,10.348,0.073970818134445,28.032,3.239,15,40,0.116
05/01/2010,GLP,SUL,7910,R$/13kg,38.754,3.144,29.9,49,9.108,0.0811271094596687,29.646,3.648,17.52,40,0.123
06/01/2010,GLP,CENTRO OESTE,4139,R$/13kg,42.139,3.111,32,51,8.09500000000001,0.0738270960392985,34.044,4.177,15,44,0.123
06/01/2010,GLP,NORDESTE,5623,R$/13kg,36.277,2.447,24,44,8.789,0.067453207266312,27.488,2.842,17,39,0.103
06/01/2010,GLP,NORTE,3303,R$/13kg,38.374,5.626,26,54,8.378,0.146609683639965,29.996,4.405,15,39,0.147
06/01/2010,GLP,SUDESTE,15816,R$/13kg,38.36,2.841,26.99,47,10.182,0.0740615224191867,28.178,3.389,15,41,0.12
06/01/2010,GLP,SUL,8574,R$/13kg,38.668,3.112,29.9,48,8.971,0.0804799834488466,29.697,3.695,17.66,40,0.124
07/01/2010,GLP,CENTRO OESTE,3729,R$/13kg,41.852,3.156,35,51,8.165,0.0754085826244863,33.687,4.265,25.5,45,0.127
07/01/2010,GLP,NORDESTE,4918,R$/13kg,36.175,2.503,24,45,8.519,0.0691914305459572,27.656,2.857,17.0261,36,0.103
07/01/2010,GLP,NORTE,2828,R$/13kg,38.438,5.514,26,55,8.375,0.143451792497008,30.063,4.424,19.17,39,0.147
07/01/2010,GLP,SUDESTE,13791,R$/13kg,38.339,2.842,26.99,47,10.215,0.0741281723571298,28.124,3.297,14.09,40,0.117
07/01/2010,GLP,SUL,7066,R$/13kg,38.624,3.004,30,48,8.877,0.0777754763877382,29.747,3.712,17.75,40,0.125
08/01/2010,GLP,CENTRO OESTE,4459,R$/13kg,41.129,3.417,35,51,8.083,0.0830800651608354,33.046,5.089,25.35,44,0.154
08/01/2010,GLP,NORDESTE,5950,R$/13kg,35.96,2.673,25,45,8.098,0.0743325917686318,27.862,2.726,15.62,37,0.098
08/01/2010,GLP,NORTE,3182,R$/13kg,38.474,5.532,24.62,55,8.322,0.143785413526018,30.152,4.508,17.17,42.91,0.15
08/01/2010,GLP,SUDESTE,16149,R$/13kg,38.174,2.898,27,52,9.922,0.0759155446115157,28.252,3.187,14,40,0.113
08/01/2010,GLP,SUL,7083,R$/13kg,38.497,2.653,29.9,47,8.551,0.0689144608670806,29.946,3.055,18.17,39.25,0.102
09/01/2010,GLP,CENTRO OESTE,3819,R$/13kg,41.119,3.47,34,51.5,8.161,0.0843892117998979,32.958,5.02,22.3,44,0.152
09/01/2010,GLP,NORDESTE,5462,R$/13kg,35.96,2.732,24.99,45,8.092,0.0759733036707453,27.868,2.871,17.0261,36,0.103
09/01/2010,GLP,NORTE,3066,R$/13kg,38.56,5.291,25,56,8.428,0.137214730290456,30.132,4.743,19.17,39,0.157
09/01/2010,GLP,SUDESTE,14655,R$/13kg,38.269,2.867,24.99,47,10.035,0.074917034675586,28.234,3.181,14.033,40,0.113
09/01/2010,GLP,SUL,6834,R$/13kg,38.51,2.624,29.9,47,8.373,0.0681381459361205,30.137,3.176,17,38,0.105
10/01/2010,GLP,CENTRO OESTE,3687,R$/13kg,41.131,3.432,35,51.5,8.195,0.0834407138168292,32.936,4.944,22.9,44,0.15
10/01/2010,GLP,NORDESTE,5223,R$/13kg,36.084,2.677,24.99,45,8.528,0.0741880057643277,27.556,2.728,17.0261,36.9,0.099
10/01/2010,GLP,NORTE,2822,R$/13kg,39.129,5.421,25,53,8.472,0.138541746530706,30.657,4.651,19.17,39,0.152
10/01/2010,GLP,SUDESTE,13762,R$/13kg,38.315,2.857,28,47,10.185,0.0745660968289182,28.13,3.211,14.0332,40,0.114
10/01/2010,GLP,SUL,6126,R$/13kg,38.529,2.677,29.9,47,8.23,0.0694801318487373,30.299,3.113,17,38,0.103
11/01/2010,GLP,CENTRO OESTE,4161,R$/13kg,41.175,3.468,35,51,8.209,0.0842258652094718,32.966,5.017,21.78,44,0.152
11/01/2010,GLP,NORDESTE,6253,R$/13kg,36.032,2.72,24.99,45,7.961,0.0754884547069272,28.071,2.894,17.0261,36.9,0.103
11/01/2010,GLP,NORTE,3457,R$/13kg,39.304,5.227,26.5,53,8.471,0.13298900875229,30.833,4.749,19.17,39,0.154
11/01/2010,GLP,SUDESTE,15936,R$/13kg,38.346,2.822,28,47,10.134,0.0735930735930736,28.212,3.079,14.0332,40,0.109
11/01/2010,GLP,SUL,7148,R$/13kg,38.585,2.694,29.9,48,8.782,0.0698198781910069,29.803,3.03,18.2679,38,0.102
12/01/2010,GLP,CENTRO OESTE,4124,R$/13kg,41.169,3.488,35,51,8.435,0.0847239427724744,32.734,4.985,25,43.87,0.152
12/01/2010,GLP,NORDESTE,5488,R$/13kg,36.098,2.758,24.99,45,8.197,0.0764031248268602,27.901,2.895,17.53,36.9,0.104
12/01/2010,GLP,NORTE,2906,R$/13kg,39.357,5.192,27,53,8.354,0.131920624031303,31.003,4.661,19.17,39,0.15
12/01/2010,GLP,SUDESTE,15058,R$/13kg,38.277,2.849,28,47,9.988,0.0744311205162369,28.289,3.189,14.0232,40,0.113
12/01/2010,GLP,SUL,6683,R$/13kg,38.65,2.709,29.9,47,8.882,0.0700905562742561,29.768,3.151,15.45,39.4,0.106
01/01/2011,GLP,CENTRO OESTE,3779,R$/13kg,41.179,3.511,35,51.5,8.448,0.0852619053401005,32.731,5.029,21,43.9,0.154
01/01/2011,GLP,NORDESTE,5677,R$/13kg,36.146,2.77,24.99,45,8.748,0.0766336524096719,27.398,2.895,17.0261,38,0.106
01/01/2011,GLP,NORTE,3168,R$/13kg,39.324,5.106,27,57,8.555,0.129844369850473,30.769,4.437,19.17,39,0.144
01/01/2011,GLP,SUDESTE,14903,R$/13kg,38.241,2.909,26.5,48.9,10.089,0.0760701864490991,28.152,3.19,14,40,0.113
01/01/2011,GLP,SUL,6804,R$/13kg,38.646,2.638,29.9,47,9.026,0.0682606220566165,29.62,3.067,13.54,39,0.104
02/01/2011,GLP,CENTRO OESTE,3588,R$/13kg,41.187,3.544,35,51.5,8.606,0.0860465680918737,32.581,5.033,21,43.9,0.154
02/01/2011,GLP,NORDESTE,4778,R$/13kg,36.008,2.883,24.99,45,8.184,0.0800655409908909,27.824,2.708,15.61,37.5,0.097
02/01/2011,GLP,NORTE,2486,R$/13kg,39.289,5.319,26,57,8.504,0.135381404464354,30.785,4.65,19.17,39,0.151
02/01/2011,GLP,SUDESTE,12591,R$/13kg,38.248,2.917,26.5,48.9,10.205,0.0762654256431709,28.043,3.159,14,40,0.113
02/01/2011,GLP,SUL,5468,R$/13kg,38.607,2.704,29.9,47,8.902,0.0700391120781206,29.705,3.281,14.07,38,0.11
03/01/2011,GLP,CENTRO OESTE,4603,R$/13kg,41.328,3.715,35,53.9,8.685,0.0898906310491676,32.643,4.882,25,43,0.15
03/01/2011,GLP,NORDESTE,6523,R$/13kg,35.938,2.833,24.99,48,8.336,0.0788302075797206,27.602,2.657,17.4072,37.5,0.096
03/01/2011,GLP,NORTE,3536,R$/13kg,39.34,5.211,27,56,8.445,0.132460599898322,30.895,4.753,16.3,40.42,0.154
03/01/2011,GLP,SUDESTE,17224,R$/13kg,38.271,2.955,28,49,10.154,0.0772125107783962,28.117,3.168,15.3439,40,0.113
03/01/2011,GLP,SUL,7680,R$/13kg,38.622,2.612,30.9,48,8.877,0.067629848273005,29.745,3.073,17.73,39,0.103
04/01/2011,GLP,CENTRO OESTE,3731,R$/13kg,41.53,4.014,34,53.9,8.862,0.096653021911871,32.668,5.107,20.852,44,0.156
04/01/2011,GLP,NORDESTE,5223,R$/13kg,36.032,2.815,25,52,8.388,0.078125,27.644,2.856,21.37,38,0.103
04/01/2011,GLP,NORTE,2880,R$/13kg,39.327,5.246,26.3,53,8.219,0.133394360108831,31.108,4.623,19.17,40.42,0.149
04/01/2011,GLP,SUDESTE,13750,R$/13kg,38.471,3.025,29,49,10.218,0.0786306568584128,28.253,3.281,14.0332,39,0.116
04/01/2011,GLP,SUL,6517,R$/13kg,38.726,2.766,30,47,8.893,0.0714248825078759,29.833,3.108,17.86,40,0.104
05/01/2011,GLP,CENTRO OESTE,4516,R$/13kg,41.599,4.069,34.99,53.9,8.324,0.0978148513185413,33.275,5.192,22.2,45.6,0.156
05/01/2011,GLP,NORDESTE,6254,R$/13kg,36.155,2.837,25,45,8.254,0.078467708477389,27.901,2.957,17.0261,39.44,0.106
05/01/2011,GLP,NORTE,3434,R$/13kg,39.557,5.146,27,53,8.403,0.130090755112875,31.154,4.824,19.17,40.42,0.155
05/01/2011,GLP,SUDESTE,16168,R$/13kg,38.447,3.071,29.9,49,10.138,0.07987619320103,28.309,3.199,15.343,40,0.113
05/01/2011,GLP,SUL,7748,R$/13kg,38.859,2.933,29.9,49.9,8.836,0.0754780102421575,30.023,3.302,15.889,42,0.11
06/01/2011,GLP,CENTRO OESTE,3888,R$/13kg,41.611,4.146,34.99,53.9,8.298,0.0996371151858883,33.313,5.094,24.5,44.7,0.153
06/01/2011,GLP,NORDESTE,5528,R$/13kg,36.269,3.042,26,45,8.153,0.0838732802117511,28.116,2.868,21.37,39.28,0.102
06/01/2011,GLP,NORTE,3045,R$/13kg,40.072,5.167,27,58,8.892,0.128942902775005,31.18,5.02,16.12,40.42,0.161
06/01/2011,GLP,SUDESTE,14984,R$/13kg,38.46,3.081,29,49,10.017,0.0801092043681747,28.443,3.252,14,40,0.114
06/01/2011,GLP,SUL,6948,R$/13kg,38.877,2.878,30.9,48,8.762,0.0740283458085758,30.115,3.273,17.86,42,0.109
07/01/2011,GLP,CENTRO OESTE,3741,R$/13kg,41.549,4.14,33.99,53.9,8.223,0.0996413872776721,33.326,5.144,22.2,44,0.154
07/01/2011,GLP,NORDESTE,5220,R$/13kg,36.292,3.015,25.6,45,7.955,0.0830761600352695,28.337,2.952,17.1218,39.28,0.104
07/01/2011,GLP,NORTE,2887,R$/13kg,40.012,5.29,28,59,8.629,0.13221033689893,31.383,5.133,19.17,40.42,0.164
07/01/2011,GLP,SUDESTE,13880,R$/13kg,38.459,3.115,28,49,10.098,0.0809953456928157,28.361,3.237,14.033,40,0.114
07/01/2011,GLP,SUL,6525,R$/13kg,38.9,2.893,30,48.5,8.893,0.0743701799485861,30.007,3.338,17.6637,43.7,0.111
08/01/2011,GLP,CENTRO OESTE,4679,R$/13kg,41.528,4.162,35,54,8.036,0.100221537276055,33.492,5.083,24.5,44,0.152
08/01/2011,GLP,NORDESTE,6518,R$/13kg,36.325,3.08,25.6,45,7.92,0.0847900894700619,28.405,2.873,21,39.28,0.101
08/01/2011,GLP,NORTE,3630,R$/13kg,39.892,5.307,28,58,8.57,0.133034192319262,31.322,5.133,17.12,40.42,0.164
08/01/2011,GLP,SUDESTE,17257,R$/13kg,38.445,3.128,29,49,10.217,0.0813629860840161,28.228,3.265,14,42.2,0.116
08/01/2011,GLP,SUL,8100,R$/13kg,38.898,2.883,30,48.5,8.81200000000001,0.0741169211784668,30.086,3.442,17.8637,43,0.114
09/01/2011,GLP,CENTRO OESTE,3739,R$/13kg,41.57,4.18,34,53.9,8.158,0.100553283617994,33.412,5.092,24.27,44,0.152
09/01/2011,GLP,NORDESTE,5236,R$/13kg,36.75,3.063,25.6,45.5,8.178,0.0833469387755102,28.572,2.85,21,39,0.1
09/01/2011,GLP,NORTE,2907,R$/13kg,39.65,5.338,26.12,58,8.31,0.134627994955864,31.34,5.114,19.17,40.94,0.163
09/01/2011,GLP,SUDESTE,13977,R$/13kg,38.718,3.318,28,50,10.251,0.0856965752363242,28.467,3.236,14.033,42,0.114
09/01/2011,GLP,SUL,6513,R$/13kg,39.325,2.987,29.9,49,8.851,0.0759567705022251,30.474,3.34,17.8637,39,0.11
10/01/2011,GLP,CENTRO OESTE,3847,R$/13kg,41.618,4.251,34,53.9,8.276,0.102143303378346,33.342,5.04,25,44,0.151
10/01/2011,GLP,NORDESTE,5608,R$/13kg,36.942,3.085,28,45,8.486,0.0835092848248606,28.456,2.964,21,39,0.104
10/01/2011,GLP,NORTE,3200,R$/13kg,39.74,5.268,28,58,8.356,0.132561650729743,31.384,4.905,19.17,40.94,0.156
10/01/2011,GLP,SUDESTE,15463,R$/13kg,38.969,3.371,29.9,50,10.259,0.0865046575483076,28.71,3.189,14.0332,40,0.111
10/01/2011,GLP,SUL,7299,R$/13kg,39.59,3.029,31,49.3,8.848,0.0765092194998737,30.742,3.418,17.8637,39,0.111
11/01/2011,GLP,CENTRO OESTE,4529,R$/13kg,41.614,4.227,34,54,8.245,0.101576392560196,33.369,5.126,22.8,44.44,0.154
11/01/2011,GLP,NORDESTE,6128,R$/13kg,36.964,3.24,28,45,8.214,0.0876528514230062,28.75,3.217,20,42,0.112
11/01/2011,GLP,NORTE,3184,R$/13kg,39.676,5.127,29,58,8.159,0.129221695735457,31.517,5.333,17.17,40.94,0.169
11/01/2011,GLP,SUDESTE,15699,R$/13kg,39.006,3.425,29,50,10.386,0.0878070040506589,28.62,3.12,14.033,40,0.109
11/01/2011,GLP,SUL,7286,R$/13kg,39.569,3.01,31,49,9.259,0.0760696504839647,30.31,3.358,17.8638,39.9,0.111
12/01/2011,GLP,CENTRO OESTE,3767,R$/13kg,41.604,4.309,34.99,54,8.437,0.103571771945005,33.167,5.232,22.222,44,0.158
12/01/2011,GLP,NORDESTE,5235,R$/13kg,36.984,3.261,26,45,7.888,0.0881732641142115,29.096,3.192,21,43,0.11
12/01/2011,GLP,NORTE,2931,R$/13kg,39.742,5.1,27,58,8.235,0.128327713753711,31.507,5.323,19.12,40.94,0.169
12/01/2011,GLP,SUDESTE,13911,R$/13kg,38.998,3.378,29,50,10.485,0.0866198266577773,28.513,3.164,14.03,42.85,0.111
12/01/2011,GLP,SUL,6480,R$/13kg,39.711,3.076,29.9,49,9.477,0.0774596459419305,30.234,3.423,16.1136,39,0.113
01/01/2012,GLP,CENTRO OESTE,4538,R$/13kg,41.72,4.39,34,56,7.605,0.105225311601151,34.115,4.866,25.66,44.1,0.143
01/01/2012,GLP,NORDESTE,5932,R$/13kg,37.068,3.444,26,45,8.321,0.0929103269666559,28.747,3.324,21,43,0.116
01/01/2012,GLP,NORTE,3344,R$/13kg,40.028,5.135,29,62,8.583,0.128285200359748,31.445,5.08,19.17,40.94,0.162
01/01/2012,GLP,SUDESTE,16283,R$/13kg,38.956,3.375,29.99,53,10.34,0.0866362049491734,28.616,3.221,14.0332,40,0.113
01/01/2012,GLP,SUL,7750,R$/13kg,39.718,3.057,30,49,9.412,0.0769676217332192,30.306,3.388,17.8637,39,0.112
02/01/2012,GLP,CENTRO OESTE,3316,R$/13kg,41.705,4.485,34,54,7.464,0.107541062222755,34.241,4.946,24.69,44,0.144
02/01/2012,GLP,NORDESTE,5573,R$/13kg,37.242,3.392,25,45.3,8.488,0.0910799634820901,28.754,3.436,21,43,0.119
02/01/2012,GLP,NORTE,2833,R$/13kg,40.169,5.179,29,63,8.954,0.128930269610894,31.215,5.331,19.17,40.94,0.171
02/01/2012,GLP,SUDESTE,13536,R$/13kg,38.895,3.324,29,53,10.304,0.0854608561511762,28.591,3.285,14.03,41,0.115
02/01/2012,GLP,SUL,6590,R$/13kg,39.615,3.114,29.84,49,9.383,0.0786065884134797,30.232,3.077,17.9222,39.7,0.102
03/01/2012,GLP,CENTRO OESTE,4274,R$/13kg,41.802,4.438,35,54,7.595,0.106167169034974,34.207,4.976,22.22,44,0.145
03/01/2012,GLP,NORDESTE,5472,R$/13kg,37.26,3.351,26,45.3,8.643,0.0899355877616747,28.617,3.24,21,43,0.113
03/01/2012,GLP,NORTE,3284,R$/13kg,40.405,5.227,29,63,8.925,0.129365177577033,31.48,5.164,19.117,40.94,0.164
03/01/2012,GLP,SUDESTE,15198,R$/13kg,38.869,3.341,27.9,53,10.449,0.0859553886130335,28.42,3.301,14.03,40,0.116
03/01/2012,GLP,SUL,6687,R$/13kg,39.594,3.164,29.5,50,9.31,0.0799110976410567,30.284,3.405,17.222,39,0.112
04/01/2012,GLP,CENTRO OESTE,3739,R$/13kg,41.989,4.531,34.5,54,7.65,0.107909214318036,34.339,4.968,22.22,45,0.145
04/01/2012,GLP,NORDESTE,5502,R$/13kg,37.314,3.407,26,45,8.929,0.0913062121455754,28.385,3.382,14.1029,43,0.119
04/01/2012,GLP,NORTE,2957,R$/13kg,40.46,5.253,27.47,63,9.03,0.129831932773109,31.43,5.2,19.17,40.94,0.165
04/01/2012,GLP,SUDESTE,13962,R$/13kg,39.007,3.459,27.9,53,10.446,0.0886763914169252,28.561,3.254,14.03,38,0.114
04/01/2012,GLP,SUL,6788,R$/13kg,39.723,3.16,29.5,51,9.575,0.0795508899126451,30.148,3.176,17.92,39,0.105
05/01/2012,GLP,CENTRO OESTE,4656,R$/13kg,42.041,4.58,35,58,8.162,0.108941271615804,33.879,4.785,22,45,0.141
05/01/2012,GLP,NORDESTE,6245,R$/13kg,37.291,3.498,26,45,8.6,0.093802794239897,28.691,3.427,21,43,0.119
05/01/2012,GLP,NORTE,3569,R$/13kg,40.484,5.158,29,63,8.919,0.12740835885782,31.565,5.087,16.77,40.94,0.161
05/01/2012,GLP,SUDESTE,17133,R$/13kg,39.232,3.559,28,53,10.371,0.0907167618270799,28.861,3.202,14.03,40,0.111
05/01/2012,GLP,SUL,7755,R$/13kg,39.8,3.182,29.5,51,9.931,0.0799497487437186,29.869,2.936,17.9222,39,0.098
06/01/2012,GLP,CENTRO OESTE,3733,R$/13kg,42.025,4.542,36,54,7.464,0.108078524687686,34.561,4.921,14.7974,45,0.142
06/01/2012,GLP,NORDESTE,5200,R$/13kg,37.228,3.438,26,46,8.51,0.0923498442032879,28.718,3.399,21.07,43,0.118
06/01/2012,GLP,NORTE,2901,R$/13kg,40.472,5.096,28,62,8.583,0.12591421229492,31.889,5.146,16.2,45,0.161
06/01/2012,GLP,SUDESTE,13808,R$/13kg,39.269,3.547,27.9,53,10.439,0.0903257022078484,28.83,3.336,14.03,40,0.116
06/01/2012,GLP,SUL,6498,R$/13kg,39.81,3.11,30,51,9.838,0.0781210751067571,29.972,3.012,14.0622,40,0.1
07/01/2012,GLP,CENTRO OESTE,3784,R$/13kg,42.026,4.565,36,58,7.71100000000001,0.108623233236568,34.315,4.676,27.02,45,0.136
07/01/2012,GLP,NORDESTE,5950,R$/13kg,37.223,3.45,25.6,46,8.412,0.0926846304704081,28.811,3.451,14.686,40,0.12
07/01/2012,GLP,NORTE,2981,R$/13kg,40.486,5.119,28,62,8.41099999999999,0.12643876895717,32.075,5.266,16.15,45,0.164
07/01/2012,GLP,SUDESTE,14467,R$/13kg,39.295,3.521,28,53,10.573,0.0896042753530984,28.722,3.359,14.66,40,0.117
07/01/2012,GLP,SUL,7647,R$/13kg,39.849,3.128,30,51,9.8,0.0784963236216718,30.049,2.867,17.93,40,0.095
08/01/2012,GLP,CENTRO OESTE,4615,R$/13kg,42.024,4.549,35.99,55,7.7,0.108247667999239,34.324,4.647,23,45,0.135
08/01/2012,GLP,NORDESTE,5766,R$/13kg,37.096,3.435,26,46,8.887,0.0925975846452448,28.209,3.767,21.18,43,0.134
08/01/2012,GLP,NORTE,3531,R$/13kg,40.497,5.153,28,62,8.37,0.127243993382226,32.127,5.103,16.15,41.6,0.159
08/01/2012,GLP,SUDESTE,16664,R$/13kg,39.282,3.5,26,53,10.681,0.0890993330278499,28.601,3.411,14.66,39,0.119
08/01/2012,GLP,SUL,7129,R$/13kg,39.857,3.034,30,51,10.012,0.0761221366384826,29.845,2.855,17.9222,39.69,0.096
09/01/2012,GLP,CENTRO OESTE,3728,R$/13kg,41.988,4.57,35.99,54,7.672,0.108840621129847,34.316,4.699,28,45.6,0.137
09/01/2012,GLP,NORDESTE,5210,R$/13kg,37.329,3.432,26,50,9.348,0.0919392429478422,27.981,3.504,21.16,43,0.125
09/01/2012,GLP,NORTE,2887,R$/13kg,40.5,5.202,28,62,8.549,0.128444444444444,31.951,5.203,19.17,41.87,0.163
09/01/2012,GLP,SUDESTE,13854,R$/13kg,39.532,3.575,28,53,10.741,0.0904330668825256,28.791,3.451,14.66,39,0.12
09/01/2012,GLP,SUL,6543,R$/13kg,40.084,3.131,30,51,9.705,0.0781109669693643,30.379,2.941,14,40.5,0.097
10/01/2012,GLP,CENTRO OESTE,4659,R$/13kg,42.013,4.483,35.99,54,7.67,0.106705067479114,34.343,4.635,26,45,0.135
10/01/2012,GLP,NORDESTE,6510,R$/13kg,37.704,3.529,26,50,8.886,0.0935974962868661,28.818,3.854,20,43,0.134
10/01/2012,GLP,NORTE,3456,R$/13kg,40.496,5.344,28,62,8.716,0.131963650730936,31.78,5.123,19.17,41.68,0.161
10/01/2012,GLP,SUDESTE,17186,R$/13kg,39.725,3.66,27.96,53,10.832,0.0921334172435494,28.893,3.431,14.66,40,0.119
10/01/2012,GLP,SUL,8080,R$/13kg,40.432,3.192,30,52,9.872,0.0789473684210526,30.56,2.901,14,42,0.095
11/01/2012,GLP,CENTRO OESTE,3723,R$/13kg,42.127,4.758,36,59,7.63500000000001,0.112944192560591,34.492,4.553,28,45,0.132
11/01/2012,GLP,NORDESTE,5204,R$/13kg,37.874,3.567,26,50,9.19,0.0941807044410414,28.684,4.011,20,43,0.14
11/01/2012,GLP,NORTE,3040,R$/13kg,40.707,5.15,28,62,8.532,0.126513867393814,32.175,5.141,19.17,41.6,0.16
11/01/2012,GLP,SUDESTE,13874,R$/13kg,40.287,3.758,27.99,60,11.416,0.0932807108992975,28.871,3.377,14.6632,40,0.117
11/01/2012,GLP,SUL,6677,R$/13kg,40.628,3.169,30,52,10.064,0.078000393817072,30.564,2.873,17.3223,40.5,0.094
12/01/2012,GLP,CENTRO OESTE,3726,R$/13kg,42.188,4.782,35,59,7.323,0.113349767706457,34.865,4.451,22.22,45,0.128
12/01/2012,GLP,NORDESTE,5199,R$/13kg,38.009,3.62,26,50,9.422,0.0952406009103107,28.587,4.098,21.18,41,0.143
12/01/2012,GLP,NORTE,2881,R$/13kg,40.897,5.116,30,62,8.819,0.125094750226178,32.078,5.039,19.17,40.98,0.157
12/01/2012,GLP,SUDESTE,13835,R$/13kg,40.546,3.478,28.9,53,11.472,0.0857791150791693,29.074,3.397,14.66,39,0.117
12/01/2012,GLP,SUL,6565,R$/13kg,40.646,3.155,30,50,9.623,0.0776214141612951,31.023,2.932,16.14,41,0.095
07/01/2001,GNV,NORDESTE,85,R$/m3,0.7361,0.02401,0.625,0.759,0.2353,0.0326178508354843,0.5008,0.1024,0.2796,0.5899,0.204
07/01/2001,GNV,SUDESTE,388,R$/m3,0.7285,0.03153,0.509,0.799,0.2523,0.0432807137954701,0.4762,0.08349,0.2524,0.6609,0.175
07/01/2001,GNV,SUL,1,R$/m3,0.781,0,0.781,0.781,#VALUE!,0,-,-,-,-,-
08/01/2001,GNV,NORDESTE,127,R$/m3,0.7458,0.01264,0.718,0.781,0.2157,0.0169482434969161,0.5301,0.10474,0.2796,0.619,0.198
08/01/2001,GNV,NORTE,1,R$/m3,0.759,0,0.759,0.759,0.193,0,0.566,0,0.566,0.566,-
08/01/2001,GNV,SUDESTE,383,R$/m3,0.7392,0.02202,0.699,0.799,0.2728,0.029788961038961,0.4664,0.09843,0.2616,0.6943,0.211
09/01/2001,GNV,NORDESTE,115,R$/m3,0.7458,0.01295,0.718,0.759,0.205,0.0173639045320461,0.5408,0.0946,0.304,0.619,0.175
09/01/2001,GNV,SUDESTE,384,R$/m3,0.7389,0.02143,0.699,0.799,0.2705,0.0290025713899039,0.4684,0.09581,0.2569,0.6506,0.205
10/01/2001,GNV,NORDESTE,140,R$/m3,0.7685,0.02523,0.717,0.799,0.2212,0.0328301886792453,0.5473,0.10036,0.228,0.655,0.183
10/01/2001,GNV,SUDESTE,497,R$/m3,0.7638,0.02382,0.699,0.799,0.2993,0.0311861743912019,0.4645,0.10687,0.2277,0.6544,0.23
10/01/2001,GNV,SUL,2,R$/m3,0.899,0,0.899,0.899,0.2515,0,0.6475,0,0.6475,0.6475,-
11/01/2001,GNV,NORDESTE,123,R$/m3,0.7815,0.01792,0.725,0.799,0.2103,0.0229302623160589,0.5712,0.08961,0.228,0.639,0.157
11/01/2001,GNV,SUDESTE,404,R$/m3,0.7768,0.01475,0.699,0.816,0.3009,0.0189881565396498,0.4759,0.1127,0.2277,0.688,0.237
11/01/2001,GNV,SUL,7,R$/m3,0.899,0,0.899,0.899,0.2738,0,0.6252,0.12507,0.4638,0.706,0.2
12/01/2001,GNV,NORDESTE,153,R$/m3,0.7802,0.01716,0.72,0.799,0.2204,0.021994360420405,0.5598,0.09711,0.279,0.639,0.173
12/01/2001,GNV,SUDESTE,481,R$/m3,0.7788,0.01668,0.699,0.816,0.2973,0.0214175654853621,0.4815,0.11062,0.2569,0.688,0.23
12/01/2001,GNV,SUL,10,R$/m3,0.899,0,0.899,0.899,0.3141,0,0.5849,0.12765,0.4638,0.706,0.218
01/01/2002,GNV,NORDESTE,130,R$/m3,0.781,0.01819,0.725,0.799,0.1981,0.0232906530089629,0.5829,0.07536,0.3251,0.6781,0.129
01/01/2002,GNV,SUDESTE,570,R$/m3,0.7788,0.02023,0.699,0.897,0.2957,0.0259758602978942,0.4831,0.11413,0.2481,0.755,0.236
01/01/2002,GNV,SUL,14,R$/m3,0.899,0,0.899,0.899,0.2848,0,0.6142,0.12864,0.4638,0.729,0.209
02/01/2002,GNV,NORDESTE,139,R$/m3,0.7816,0.01576,0.725,0.799,0.2112,0.0201637666325486,0.5704,0.07998,0.3251,0.691,0.14
02/01/2002,GNV,SUDESTE,551,R$/m3,0.7769,0.02012,0.699,0.816,0.3128,0.0258977989445231,0.4641,0.11741,0.2432,0.688,0.253
02/01/2002,GNV,SUL,19,R$/m3,0.899,0,0.899,0.899,0.2733,0,0.6257,0.12192,0.4638,0.729,0.195
03/01/2002,GNV,NORDESTE,171,R$/m3,0.7776,0.02527,0.7,0.89,0.2053,0.0324974279835391,0.5723,0.06971,0.3251,0.7588,0.122
03/01/2002,GNV,SUDESTE,588,R$/m3,0.7763,0.02224,0.67,0.86,0.3209,0.0286487182790158,0.4554,0.12249,0.2681,0.719,0.269
03/01/2002,GNV,SUL,29,R$/m3,0.9008,0.01938,0.857,0.949,0.2385,0.0215142095914742,0.6623,0.11054,0.4638,0.779,0.167
04/01/2002,GNV,NORDESTE,226,R$/m3,0.785,0.02673,0.725,0.829,0.2226,0.0340509554140127,0.5624,0.08353,0.2676,0.625,0.149
04/01/2002,GNV,SUDESTE,786,R$/m3,0.7829,0.03332,0.65,0.892,0.3385,0.0425597138842764,0.4444,0.12551,0.2585,0.688,0.282
04/01/2002,GNV,SUL,41,R$/m3,0.9037,0.01811,0.865,0.949,0.2228,0.020039836228837,0.6809,0.10849,0.4638,0.779,0.159
05/01/2002,GNV,NORDESTE,264,R$/m3,0.804,0.03439,0.706,0.849,0.24,0.042773631840796,0.564,0.09289,0.2676,0.6539,0.165
05/01/2002,GNV,SUDESTE,862,R$/m3,0.7864,0.04558,0.65,0.899,0.3319,0.0579603255340794,0.4545,0.13215,0.27,0.692,0.291
05/01/2002,GNV,SUL,45,R$/m3,0.8985,0.02535,0.799,0.949,0.2214,0.0282136894824708,0.6771,0.10259,0.4638,0.779,0.152
06/01/2002,GNV,NORDESTE,208,R$/m3,0.8046,0.03586,0.76,0.887,0.241,0.0445687298036291,0.5636,0.09725,0.2676,0.6531,0.173
06/01/2002,GNV,SUDESTE,695,R$/m3,0.7857,0.04322,0.65,0.899,0.3316,0.0550082728776887,0.4541,0.13319,0.2441,0.692,0.293
06/01/2002,GNV,SUL,38,R$/m3,0.8956,0.02543,0.829,0.949,0.2316,0.0283943724877177,0.664,0.10421,0.4638,0.78,0.157
07/01/2002,GNV,NORDESTE,315,R$/m3,0.8411,0.04066,0.76,0.92,0.2699,0.0483414576150279,0.5712,0.09548,0.2635,0.7014,0.167
07/01/2002,GNV,SUDESTE,1002,R$/m3,0.8063,0.0634,0.669,0.959,0.35,0.0786307825871264,0.4563,0.13668,0.2447,0.732,0.3
07/01/2002,GNV,SUL,67,R$/m3,0.9297,0.03569,0.865,0.989,0.2416,0.0383887275465204,0.6881,0.09641,0.4635,0.86,0.14
08/01/2002,GNV,NORDESTE,271,R$/m3,0.8461,0.03827,0.798,0.899,0.2418,0.0452310601583737,0.6043,0.10117,0.2845,0.7941,0.167
08/01/2002,GNV,SUDESTE,932,R$/m3,0.8101,0.0673,0.599,0.959,0.3493,0.0830761634366128,0.4608,0.14007,0.27,0.733,0.304
08/01/2002,GNV,SUL,60,R$/m3,0.9649,0.02559,0.899,0.989,0.2527,0.0265208829930563,0.7122,0.09788,0.4638,0.799,0.137
09/01/2002,GNV,NORDESTE,236,R$/m3,0.8368,0.06061,0.49,0.898,0.2552,0.0724306883365201,0.5816,0.10279,0.2845,0.7414,0.177
09/01/2002,GNV,SUDESTE,770,R$/m3,0.813,0.06583,0.589,0.969,0.3431,0.0809717097170972,0.4699,0.14335,0.27,0.732,0.305
09/01/2002,GNV,SUL,50,R$/m3,0.9646,0.02412,0.913,0.989,0.239,0.0250051834957495,0.7256,0.08576,0.5258,0.799,0.118
10/01/2002,GNV,NORDESTE,262,R$/m3,0.849,0.03969,0.798,0.978,0.254,0.0467491166077739,0.595,0.10106,0.2845,0.7054,0.17
10/01/2002,GNV,SUDESTE,836,R$/m3,0.8166,0.05421,0.679,0.959,0.3291,0.0663850110213079,0.4875,0.1349,0.27,0.729,0.277
10/01/2002,GNV,SUL,62,R$/m3,0.9844,0.02083,0.94,0.998,0.2506,0.0211600975213328,0.7338,0.08101,0.5258,0.7999,0.11
11/01/2002,GNV,NORDESTE,222,R$/m3,0.9218,0.06713,0.798,0.999,0.3055,0.0728249077891083,0.6163,0.09209,0.284,0.7861,0.149
11/01/2002,GNV,SUDESTE,744,R$/m3,0.8821,0.07727,0.679,0.99,0.3865,0.0875977780297019,0.4956,0.1355,0.27,0.7621,0.273
11/01/2002,GNV,SUL,53,R$/m3,1.0225,0.02921,0.989,1.068,0.2685,0.0285672371638142,0.754,0.08714,0.5258,0.8176,0.116
12/01/2002,GNV,NORDESTE,267,R$/m3,0.9547,0.03717,0.898,0.999,0.2768,0.0389336964491463,0.6779,0.1113,0.3322,0.7944,0.164
12/01/2002,GNV,SUDESTE,931,R$/m3,0.9236,0.0467,0.769,0.999,0.369,0.0505630142919013,0.5546,0.15299,0.27,0.7989,0.276
12/01/2002,GNV,SUL,71,R$/m3,1.0507,0.00812,0.998,1.06,0.2591,0.00772818121252498,0.7916,0.09708,0.4977,0.8525,0.123
01/01/2003,GNV,NORDESTE,242,R$/m3,1.1022,0.0715,0.899,1.189,0.3674,0.0648702594810379,0.7348,0.13028,0.3345,0.9528,0.177
01/01/2003,GNV,SUDESTE,778,R$/m3,0.9973,0.08295,0.799,1.149,0.4115,0.0831745713426251,0.5858,0.15279,0.3126,0.8654,0.261
01/01/2003,GNV,SUL,65,R$/m3,1.135,0.06328,1.046,1.199,0.3082,0.0557533039647577,0.8268,0.07563,0.6299,0.97,0.091
02/01/2003,GNV,NORDESTE,230,R$/m3,1.1023,0.05359,1.018,1.182,0.2914,0.0486165290755693,0.8109,0.12223,0.4072,0.9528,0.151
02/01/2003,GNV,SUDESTE,785,R$/m3,1.0481,0.04026,0.849,1.149,0.4073,0.0384123652323252,0.6408,0.17414,0.33,0.9402,0.272
02/01/2003,GNV,SUL,67,R$/m3,1.2296,0.08073,1.15,1.399,0.356,0.0656554977228367,0.8736,0.10099,0.6374,0.999,0.116
03/01/2003,GNV,NORDESTE,246,R$/m3,1.0986,0.05183,1.018,1.189,0.3054,0.0471782268341526,0.7932,0.12488,0.4072,0.924,0.157
03/01/2003,GNV,SUDESTE,824,R$/m3,1.0457,0.04339,0.876,1.149,0.3871,0.0414937362532275,0.6586,0.15971,0.33,0.9412,0.242
03/01/2003,GNV,SUL,73,R$/m3,1.2423,0.08068,1.15,1.399,0.3261,0.0649440553811479,0.9162,0.10313,0.6948,1.0888,0.113
04/01/2003,GNV,NORDESTE,286,R$/m3,1.1025,0.05417,1.018,1.448,0.2989,0.0491337868480726,0.8036,0.12161,0.4072,0.9808,0.151
04/01/2003,GNV,SUDESTE,986,R$/m3,1.0417,0.04849,0.876,1.199,0.3666,0.0465489104348661,0.6751,0.14888,0.3783,0.946,0.221
04/01/2003,GNV,SUL,94,R$/m3,1.2325,0.08095,1.15,1.399,0.3003,0.0656795131845842,0.9322,0.10554,0.6948,1.13,0.113
05/01/2003,GNV,NORDESTE,245,R$/m3,1.1,0.05121,1.018,1.18,0.3027,0.0465545454545455,0.7973,0.12125,0.4072,0.924,0.152
05/01/2003,GNV,SUDESTE,852,R$/m3,1.039,0.05027,0.899,1.199,0.3674,0.0483830606352262,0.6716,0.1481,0.38,0.9402,0.221
05/01/2003,GNV,SUL,79,R$/m3,1.2477,0.06747,1.149,1.399,0.304,0.0540754989180091,0.9437,0.09954,0.6948,1.13,0.105
06/01/2003,GNV,NORDESTE,260,R$/m3,1.1018,0.05171,1.018,1.169,0.3173,0.0469322926120893,0.7845,0.12302,0.4072,1.049,0.157
06/01/2003,GNV,SUDESTE,994,R$/m3,1.0357,0.05196,0.899,1.199,0.3737,0.0501689678478324,0.662,0.14671,0.38,0.8967,0.222
06/01/2003,GNV,SUL,90,R$/m3,1.2452,0.06542,1.189,1.399,0.2987,0.0525377449405718,0.9465,0.10084,0.71,1.0898,0.107
07/01/2003,GNV,CENTRO OESTE,1,R$/m3,1.079,0,1.079,1.079,#VALUE!,0,-,-,-,-,-
07/01/2003,GNV,NORDESTE,297,R$/m3,1.1081,0.0505,1.021,1.169,0.316,0.0455735041963722,0.7921,0.11965,0.4072,0.9149,0.151
07/01/2003,GNV,SUDESTE,1124,R$/m3,1.0324,0.05419,0.87,1.199,0.3735,0.0524893452150329,0.6589,0.14411,0.405,0.8902,0.219
07/01/2003,GNV,SUL,98,R$/m3,1.2454,0.06722,1.189,1.399,0.2962,0.0539746266259836,0.9492,0.09589,0.7129,1.0898,0.101
08/01/2003,GNV,NORDESTE,241,R$/m3,1.1064,0.05053,1.029,1.169,0.3164,0.0456706435285611,0.79,0.11796,0.4072,0.9049,0.149
08/01/2003,GNV,SUDESTE,970,R$/m3,1.0305,0.05984,0.799,1.149,0.3759,0.0580688985929161,0.6546,0.14441,0.3875,0.8925,0.221
08/01/2003,GNV,SUL,83,R$/m3,1.2457,0.06702,1.189,1.399,0.3053,0.0538010757004094,0.9404,0.10418,0.71,1.0898,0.111
09/01/2003,GNV,NORDESTE,369,R$/m3,1.107,0.04739,1.029,1.149,0.3177,0.0428093947606143,0.7893,0.11738,0.4445,0.9436,0.149
09/01/2003,GNV,SUDESTE,1193,R$/m3,1.0303,0.06115,0.859,1.149,0.3717,0.0593516451518975,0.6586,0.14152,0.405,0.979,0.215
09/01/2003,GNV,SUL,101,R$/m3,1.246,0.06703,1.189,1.399,0.2824,0.0537961476725522,0.9636,0.09679,0.7029,1.0898,0.1
10/01/2003,GNV,CENTRO OESTE,4,R$/m3,1.079,0,1.079,1.079,0.24,0,0.839,0,0.839,0.839,-
10/01/2003,GNV,NORDESTE,380,R$/m3,1.1131,0.04244,1.029,1.2,0.3239,0.038127751325128,0.7892,0.12031,0.444,0.949,0.152
10/01/2003,GNV,NORTE,1,R$/m3,1.031,0,1.031,1.031,#VALUE!,0,-,-,-,-,-
10/01/2003,GNV,SUDESTE,1075,R$/m3,1.0282,0.06374,0.83,1.149,0.362,0.0619918303831939,0.6662,0.14056,0.405,0.8925,0.211
10/01/2003,GNV,SUL,89,R$/m3,1.2473,0.06683,1.189,1.399,0.3011,0.0535797322215987,0.9462,0.10316,0.71,1.0898,0.109
11/01/2003,GNV,CENTRO OESTE,4,R$/m3,1.079,0,1.079,1.079,0.24,0,0.839,0,0.839,0.839,-
11/01/2003,GNV,NORDESTE,336,R$/m3,1.1154,0.04185,1.045,1.149,0.3361,0.0375201721355568,0.7793,0.12045,0.444,0.916,0.155
11/01/2003,GNV,SUDESTE,1052,R$/m3,1.0343,0.06321,0.799,1.149,0.3751,0.0611137967707628,0.6592,0.14309,0.405,0.8925,0.217
11/01/2003,GNV,SUL,87,R$/m3,1.2169,0.04547,1.189,1.399,0.2672,0.0373654367655518,0.9497,0.09159,0.71,1.0898,0.096
12/01/2003,GNV,CENTRO OESTE,5,R$/m3,1.079,0,1.079,1.079,0.216,0,0.863,0.05367,0.839,0.959,0.062
12/01/2003,GNV,NORDESTE,421,R$/m3,1.1164,0.04086,1.029,1.149,0.3367,0.0365997850232891,0.7797,0.12572,0.4072,0.9436,0.161
12/01/2003,GNV,SUDESTE,1355,R$/m3,1.0377,0.06547,0.799,1.149,0.3778,0.0630914522501686,0.6599,0.14213,0.3875,1,0.215
12/01/2003,GNV,SUL,111,R$/m3,1.2084,0.03881,1.119,1.349,0.2874,0.0321168487255876,0.921,0.08485,0.7102,1.2144,0.092
01/01/2004,GNV,CENTRO OESTE,7,R$/m3,1.079,0,1.079,1.079,0.2517,0,0.8273,0.08365,0.7007,0.959,0.101
01/01/2004,GNV,NORDESTE,339,R$/m3,1.1228,0.04668,1.045,1.199,0.3435,0.0415746348414678,0.7793,0.12638,0.4436,1.085,0.162
01/01/2004,GNV,SUDESTE,1097,R$/m3,1.0483,0.06965,0.799,1.149,0.3868,0.0664409043212821,0.6615,0.14254,0.38,1,0.215
01/01/2004,GNV,SUL,88,R$/m3,1.2087,0.03478,1.189,1.319,0.2959,0.0287747166377099,0.9128,0.07495,0.7129,1.0125,0.082
02/01/2004,GNV,CENTRO OESTE,8,R$/m3,1.079,0,1.079,1.079,0.2411,0,0.8379,0.00215,0.8347,0.839,0.003
02/01/2004,GNV,NORDESTE,343,R$/m3,1.1278,0.05145,1.045,1.199,0.3461,0.0456197907430396,0.7817,0.12379,0.4436,0.9687,0.158
02/01/2004,GNV,SUDESTE,1112,R$/m3,1.0482,0.07273,0.85,1.15,0.3886,0.069385613432551,0.6596,0.14415,0.38,0.8899,0.219
02/01/2004,GNV,SUL,88,R$/m3,1.2089,0.03509,1.189,1.319,0.2871,0.0290263876251137,0.9218,0.06524,0.7129,1.0649,0.071
03/01/2004,GNV,CENTRO OESTE,10,R$/m3,1.079,0,1.079,1.079,0.2395,0,0.8395,0.00857,0.8347,0.8546,0.01
03/01/2004,GNV,NORDESTE,431,R$/m3,1.1279,0.04694,1.03,1.184,0.3322,0.0416171646422555,0.7957,0.11484,0.4696,0.9982,0.144
03/01/2004,GNV,SUDESTE,1422,R$/m3,1.05,0.07657,0.85,1.18,0.3887,0.0729238095238095,0.6613,0.146,0.38,0.8899,0.221
03/01/2004,GNV,SUL,111,R$/m3,1.2035,0.03396,1.168,1.319,0.2753,0.0282176983797258,0.9282,0.072,0.7044,1.0298,0.078
04/01/2004,GNV,CENTRO OESTE,8,R$/m3,1.094,0.00926,1.079,1.099,0.2892,0.00846435100548446,0.8048,0.03319,0.7745,0.8359,0.041
04/01/2004,GNV,NORDESTE,352,R$/m3,1.1305,0.044,1.045,1.184,0.3374,0.0389208314904909,0.7931,0.11288,0.4696,0.9982,0.142
04/01/2004,GNV,SUDESTE,1185,R$/m3,1.0463,0.07608,0.799,1.18,0.3862,0.0727133709261206,0.6601,0.14611,0.4036,0.8956,0.221
04/01/2004,GNV,SUL,89,R$/m3,1.1966,0.03217,1.168,1.288,0.2743,0.0268845061006184,0.9223,0.07185,0.7044,1.0327,0.078
05/01/2004,GNV,CENTRO OESTE,9,R$/m3,1.099,0,1.099,1.099,0.257,0,0.842,0.01,0.8347,0.8546,0.012
05/01/2004,GNV,NORDESTE,328,R$/m3,1.131,0.036,1.054,1.184,0.338,0.0318302387267905,0.793,0.119,0.4214,0.9982,0.15
05/01/2004,GNV,SUDESTE,1359,R$/m3,1.096,0.076,0.84,1.189,0.379,0.0693430656934307,0.717,0.145,0.44,1.02,0.202
05/01/2004,GNV,SUL,104,R$/m3,1.195,0.028,1.149,1.288,0.271,0.0234309623430962,0.924,0.071,0.7044,1.0001,0.077
06/01/2004,GNV,CENTRO OESTE,20,R$/m3,1.099,0.002,1.09,1.099,0.256,0.00181983621474067,0.843,0.01,0.8347,0.8546,0.012
06/01/2004,GNV,NORDESTE,502,R$/m3,1.133,0.035,1.035,1.184,0.338,0.030891438658429,0.795,0.119,0.4214,0.9982,0.15
06/01/2004,GNV,SUDESTE,2024,R$/m3,1.114,0.055,0.85,1.199,0.411,0.0493716337522442,0.703,0.153,0.4292,0.899,0.218
06/01/2004,GNV,SUL,152,R$/m3,1.195,0.029,1.119,1.288,0.277,0.0242677824267782,0.918,0.076,0.7044,1.0327,0.083
07/01/2004,GNV,CENTRO OESTE,16,R$/m3,1.133,0.022,1.099,1.159,0.295,0.0194174757281553,0.838,0.018,0.79,0.8546,0.021
07/01/2004,GNV,NORDESTE,455,R$/m3,1.166,0.038,0.959,1.399,0.37,0.032590051457976,0.796,0.118,0.4214,0.9982,0.148
07/01/2004,GNV,SUDESTE,1787,R$/m3,1.112,0.048,0.88,1.199,0.414,0.0431654676258993,0.698,0.15,0.436,0.9544,0.215
07/01/2004,GNV,SUL,130,R$/m3,1.196,0.028,1.168,1.288,0.269,0.0234113712374582,0.927,0.071,0.7044,1.0327,0.077
08/01/2004,GNV,CENTRO OESTE,20,R$/m3,1.144,0.009,1.139,1.159,0.3,0.00786713286713287,0.844,0.01,0.8347,0.86,0.012
08/01/2004,GNV,NORDESTE,536,R$/m3,1.147,0.077,0.998,1.399,0.358,0.0671316477768091,0.789,0.122,0.4214,1.0407,0.155
08/01/2004,GNV,SUDESTE,2188,R$/m3,1.113,0.046,0.88,1.199,0.398,0.041329739442947,0.715,0.146,0.4098,0.8965,0.204
08/01/2004,GNV,SUL,160,R$/m3,1.196,0.028,1.168,1.288,0.273,0.0234113712374582,0.923,0.069,0.7044,1.0327,0.075
09/01/2004,GNV,CENTRO OESTE,16,R$/m3,1.14,0.008,1.129,1.159,0.295,0.00701754385964912,0.845,0.008,0.8359,0.8596,0.009
09/01/2004,GNV,NORDESTE,568,R$/m3,1.15,0.073,0.999,1.399,0.37,0.0634782608695652,0.78,0.126,0.4214,1.0407,0.162
09/01/2004,GNV,SUDESTE,1968,R$/m3,1.118,0.051,0.92,1.29,0.398,0.0456171735241503,0.72,0.143,0.44,0.8965,0.199
09/01/2004,GNV,SUL,162,R$/m3,1.196,0.025,1.16,1.288,0.29,0.0209030100334448,0.906,0.073,0.6929,1.03274,0.081
10/01/2004,GNV,CENTRO OESTE,16,R$/m3,1.138,0.003,1.129,1.139,0.292,0.00263620386643234,0.846,0.007,0.8359,0.8546,0.008
10/01/2004,GNV,NORDESTE,511,R$/m3,1.151,0.076,0.95,1.399,0.368,0.0660295395308427,0.783,0.122,0.5127,1.0407,0.156
10/01/2004,GNV,SUDESTE,1910,R$/m3,1.117,0.057,0.899,1.29,0.401,0.0510295434198747,0.716,0.144,0.44,0.9718,0.201
10/01/2004,GNV,SUL,160,R$/m3,1.196,0.025,1.168,1.288,0.286,0.0209030100334448,0.91,0.084,0.6929,1.0327,0.092
11/01/2004,GNV,CENTRO OESTE,19,R$/m3,1.139,0,1.139,1.139,0.29,0,0.849,0.011,0.8359,0.8638,0.013
11/01/2004,GNV,NORDESTE,583,R$/m3,1.158,0.076,0.99,1.399,0.338,0.0656303972366149,0.82,0.126,0.4985,1.279,0.154
11/01/2004,GNV,SUDESTE,2386,R$/m3,1.08,0.052,0.899,1.29,0.407,0.0481481481481481,0.673,0.142,0.44,0.99,0.211
11/01/2004,GNV,SUL,187,R$/m3,1.175,0.025,1.119,1.288,0.261,0.0212765957446809,0.914,0.08,0.6929,1.0327,0.088
12/01/2004,GNV,CENTRO OESTE,17,R$/m3,1.167,0.008,1.139,1.169,0.316,0.00685518423307626,0.851,0.011,0.8359,0.8638,0.013
12/01/2004,GNV,NORDESTE,548,R$/m3,1.163,0.082,0.99,1.399,0.341,0.0705073086844368,0.822,0.124,0.5127,1.27,0.151
12/01/2004,GNV,SUDESTE,2101,R$/m3,1.085,0.058,0.909,1.29,0.405,0.0534562211981567,0.68,0.146,0.44,0.9789,0.215
12/01/2004,GNV,SUL,182,R$/m3,1.175,0.026,1.168,1.288,0.262,0.0221276595744681,0.913,0.086,0.6929,1.0001,0.094
01/01/2005,GNV,CENTRO OESTE,16,R$/m3,1.169,0,1.169,1.169,0.316,0,0.853,0.016,0.8359,0.8945,0.019
01/01/2005,GNV,NORDESTE,585,R$/m3,1.153,0.088,0.829,1.399,0.332,0.0763226366001735,0.821,0.13,0.5127,1.279,0.158
01/01/2005,GNV,SUDESTE,2439,R$/m3,1.087,0.062,0.899,1.34,0.415,0.0570377184912604,0.672,0.146,0.44,0.9766,0.217
01/01/2005,GNV,SUL,192,R$/m3,1.238,0.028,1.189,1.288,0.317,0.0226171243941842,0.921,0.076,0.6602,1.0274,0.083
02/01/2005,GNV,CENTRO OESTE,16,R$/m3,1.169,0,1.169,1.169,0.319,0,0.85,0.01,0.8359,0.8638,0.012
02/01/2005,GNV,NORDESTE,504,R$/m3,1.124,0.064,0.97,1.399,0.312,0.0569395017793594,0.812,0.131,0.3632,0.993,0.161
02/01/2005,GNV,SUDESTE,1848,R$/m3,1.088,0.067,0.899,1.34,0.417,0.0615808823529412,0.671,0.145,0.44,0.9766,0.216
02/01/2005,GNV,SUL,154,R$/m3,1.244,0.028,1.188,1.39,0.316,0.022508038585209,0.928,0.079,0.7044,1.0001,0.085
03/01/2005,GNV,CENTRO OESTE,20,R$/m3,1.167,0.009,1.129,1.169,0.317,0.0077120822622108,0.85,0.008,0.8359,0.8547,0.009
03/01/2005,GNV,NORDESTE,655,R$/m3,1.117,0.067,0.95,1.399,0.31,0.0599820948970457,0.807,0.13,0.4214,1.279,0.161
03/01/2005,GNV,SUDESTE,2511,R$/m3,1.088,0.084,0.799,1.49,0.418,0.0772058823529412,0.67,0.147,0.44,1.0022,0.219
03/01/2005,GNV,SUL,204,R$/m3,1.246,0.023,1.123,1.288,0.301,0.0184590690208668,0.945,0.065,0.7044,1.0274,0.069
04/01/2005,GNV,CENTRO OESTE,16,R$/m3,1.169,0,1.169,1.169,0.319,0,0.85,0.008,0.8359,0.8547,0.009
04/01/2005,GNV,NORDESTE,556,R$/m3,1.159,0.046,0.95,1.399,0.342,0.0396893874029336,0.817,0.127,0.5121,1.279,0.155
04/01/2005,GNV,SUDESTE,2160,R$/m3,1.081,0.091,0.699,1.34,0.407,0.0841813135985199,0.674,0.151,0.45423,1.0022,0.224
04/01/2005,GNV,SUL,172,R$/m3,1.319,0.058,1.197,1.375,0.353,0.043972706595906,0.966,0.073,0.7044,1.0274,0.076
05/01/2005,GNV,CENTRO OESTE,18,R$/m3,1.249,0,1.249,1.249,0.376,0,0.873,0.035,0.8359,0.9153,0.04
05/01/2005,GNV,NORDESTE,606,R$/m3,1.17,0.038,1.1,1.399,0.337,0.0324786324786325,0.833,0.125,0.5127,0.993,0.15
05/01/2005,GNV,SUDESTE,2602,R$/m3,1.082,0.09,0.659,1.35,0.413,0.0831792975970425,0.669,0.148,0.452,1.0022,0.221
05/01/2005,GNV,SUL,211,R$/m3,1.32,0.055,1.207,1.375,0.339,0.0416666666666667,0.981,0.07,0.7044,1.0268,0.071
06/01/2005,GNV,CENTRO OESTE,18,R$/m3,1.249,0,1.249,1.249,0.34,0,0.909,0.021,0.8359,0.9278,0.023
06/01/2005,GNV,NORDESTE,643,R$/m3,1.2,0.033,1.129,1.399,0.387,0.0275,0.813,0.126,0.5128,0.993,0.155
06/01/2005,GNV,SUDESTE,2385,R$/m3,1.108,0.09,0.869,1.38,0.424,0.0812274368231047,0.684,0.156,0.4562,1.022,0.228
06/01/2005,GNV,SUL,187,R$/m3,1.298,0.07,1.129,1.55,0.326,0.0539291217257319,0.972,0.078,0.67,1.0403,0.08
07/01/2005,GNV,CENTRO OESTE,16,R$/m3,1.249,0,1.249,1.249,0.336,0,0.913,0.012,0.8959,0.9278,0.013
07/01/2005,GNV,NORDESTE,563,R$/m3,1.215,0.029,1.134,1.399,0.393,0.0238683127572016,0.822,0.122,0.5128,0.9815,0.148
07/01/2005,GNV,SUDESTE,2271,R$/m3,1.11,0.09,0.899,1.49,0.409,0.0810810810810811,0.701,0.158,0.4182,1.03677,0.225
07/01/2005,GNV,SUL,181,R$/m3,1.279,0.073,1.21,1.599,0.317,0.0570758405003909,0.962,0.086,0.67,1.0403,0.089
08/01/2005,GNV,CENTRO OESTE,11,R$/m3,1.249,0,1.249,1.249,0.337,0,0.912,0.012,0.8959,0.9278,0.013
08/01/2005,GNV,NORDESTE,356,R$/m3,1.219,0.045,0.99,1.62,0.404,0.036915504511895,0.815,0.122,0.518,0.9815,0.15
08/01/2005,GNV,NORTE,1,R$/m3,1.219,0,1.219,1.219,#VALUE!,0,-,-,-,-,-
08/01/2005,GNV,SUDESTE,1324,R$/m3,1.1,0.111,0.779,1.69,0.393,0.100909090909091,0.707,0.156,0.456,1.0767,0.221
08/01/2005,GNV,SUL,116,R$/m3,1.279,0.11,1.21,1.699,0.322,0.0860046911649726,0.957,0.086,0.67,1.0403,0.09
09/01/2005,GNV,CENTRO OESTE,9,R$/m3,1.318,0.09,1.309,1.59,0.363,0.0682852807283763,0.955,0.038,0.9145,0.994,0.04
09/01/2005,GNV,NORDESTE,373,R$/m3,1.291,0.072,1.05,1.899,0.436,0.0557707203718048,0.855,0.116,0.5432,1.0771,0.136
09/01/2005,GNV,NORTE,2,R$/m3,1.399,0,1.399,1.399,0.149,0,1.25,0,1.25,1.25,0
09/01/2005,GNV,SUDESTE,897,R$/m3,1.15,0.108,0.94,1.89,0.439,0.0939130434782609,0.711,0.172,0.4182,1.1587,0.242
09/01/2005,GNV,SUL,104,R$/m3,1.378,0.091,1.21,1.89,0.393,0.0660377358490566,0.985,0.132,0.7044,1.547,0.134
10/01/2005,GNV,CENTRO OESTE,7,R$/m3,1.319,0.024,1.319,1.369,0.329,0.0181956027293404,0.99,0.01,0.9754,1.004,0.01
10/01/2005,GNV,NORDESTE,613,R$/m3,1.297,0.035,1.219,1.45,0.435,0.0269853508095605,0.862,0.143,0.474,1.06,0.166
10/01/2005,GNV,NORTE,1,R$/m3,1.399,0,1.399,1.399,0.149,0,1.25,0,1.25,1.25,0
10/01/2005,GNV,SUDESTE,1401,R$/m3,1.147,0.101,0.949,1.43,0.437,0.0880557977332171,0.71,0.176,0.456,1.1587,0.248
10/01/2005,GNV,SUL,201,R$/m3,1.328,0.021,1.27,1.375,0.318,0.0158132530120482,1.01,0.072,0.817,1.0975,0.071
11/01/2005,GNV,CENTRO OESTE,22,R$/m3,1.318,0.025,1.311,1.369,0.322,0.0189681335356601,0.996,0.015,0.9754,1.0484,0.015
11/01/2005,GNV,NORDESTE,632,R$/m3,1.336,0.052,1.254,1.49,0.461,0.0389221556886228,0.875,0.14,0.474,1.0972,0.16
11/01/2005,GNV,NORTE,3,R$/m3,1.399,0,1.399,1.399,0.149,0,1.25,0,1.25,1.25,0
11/01/2005,GNV,SUDESTE,1952,R$/m3,1.153,0.113,0.949,1.48,0.431,0.0980052038161318,0.722,0.174,0.474,1.1479,0.241
11/01/2005,GNV,SUL,212,R$/m3,1.368,0.057,1.27,1.484,0.341,0.0416666666666667,1.027,0.062,0.817,1.1047,0.06
12/01/2005,GNV,CENTRO OESTE,20,R$/m3,1.319,0.026,1.319,1.369,0.328,0.0197119029567854,0.991,0.008,0.9754,1.004,0.008
12/01/2005,GNV,NORDESTE,564,R$/m3,1.347,0.064,0.99,1.49,0.433,0.0475129918337045,0.914,0.148,0.4936,1.0972,0.162
12/01/2005,GNV,NORTE,4,R$/m3,1.399,0,1.399,1.399,0.208,0,1.191,0.117,1.0158,1.25,0.098
12/01/2005,GNV,SUDESTE,1527,R$/m3,1.156,0.131,0.949,1.59,0.427,0.113321799307958,0.729,0.175,0.4744,1.14,0.24
12/01/2005,GNV,SUL,210,R$/m3,1.368,0.063,1.285,1.77,0.352,0.0460526315789474,1.016,0.109,0.677,1.1087,0.107
01/01/2006,GNV,CENTRO OESTE,23,R$/m3,1.319,0.039,1.319,1.399,0.314,0.0295678544351782,1.005,0.017,0.9754,1.0484,0.017
01/01/2006,GNV,NORDESTE,784,R$/m3,1.309,0.122,0.988,1.59,0.421,0.0932009167303285,0.888,0.154,0.4936,1.0972,0.173
01/01/2006,GNV,NORTE,5,R$/m3,1.399,0,1.399,1.399,0.383,0,1.016,0,1.0158,1.0158,0
01/01/2006,GNV,SUDESTE,1697,R$/m3,1.156,0.138,0.94,1.59,0.431,0.119377162629758,0.725,0.178,0.4744,1.14,0.246
01/01/2006,GNV,SUL,192,R$/m3,1.395,0.069,1.289,1.564,0.404,0.0494623655913979,0.991,0.1,0.8178,1.1508,0.101
02/01/2006,GNV,CENTRO OESTE,26,R$/m3,1.489,0.006,1.458,1.489,0.479,0.00402955003357958,1.01,0.031,0.9754,1.0941,0.031
02/01/2006,GNV,NORDESTE,526,R$/m3,1.337,0.082,0.989,1.59,0.47,0.0613313388182498,0.867,0.152,0.4936,1.1024,0.175
02/01/2006,GNV,NORTE,2,R$/m3,1.399,0,1.399,1.399,0.336,0,1.063,0.067,1.0158,1.111,0.063
02/01/2006,GNV,SUDESTE,1396,R$/m3,1.177,0.134,0.949,1.68,0.452,0.113848768054376,0.725,0.175,0.4977,1.14,0.241
02/01/2006,GNV,SUL,147,R$/m3,1.416,0.087,1.32,1.568,0.363,0.0614406779661017,1.053,0.117,0.8004,1.1795,0.111
03/01/2006,GNV,CENTRO OESTE,31,R$/m3,1.489,0,1.489,1.489,0.425,0,1.064,0.07,0.994,1.2055,0.066
03/01/2006,GNV,NORDESTE,664,R$/m3,1.355,0.051,1.099,1.59,0.453,0.0376383763837638,0.902,0.145,0.4936,1.1408,0.161
03/01/2006,GNV,NORTE,5,R$/m3,1.399,0,1.399,1.399,0.29,0,1.109,0.128,1.0158,1.25,0.115
03/01/2006,GNV,SUDESTE,1885,R$/m3,1.193,0.144,0.929,1.68,0.432,0.12070410729254,0.761,0.185,0.4741,1.1834,0.243
03/01/2006,GNV,SUL,247,R$/m3,1.416,0.086,1.32,1.59,0.329,0.0607344632768362,1.087,0.12,0.7178,1.2326,0.11
04/01/2006,GNV,CENTRO OESTE,29,R$/m3,1.493,0.004,1.489,1.499,0.376,0.00267916945746818,1.117,0.024,1.0941,1.1734,0.021
04/01/2006,GNV,NORDESTE,506,R$/m3,1.358,0.055,1.284,1.59,0.442,0.040500736377025,0.916,0.144,0.4936,1.0715,0.157
04/01/2006,GNV,NORTE,4,R$/m3,1.399,0,1.399,1.399,0.149,0,1.25,0,1.25,1.25,0
04/01/2006,GNV,SUDESTE,1452,R$/m3,1.205,0.139,0.899,1.67,0.431,0.115352697095436,0.774,0.183,0.4733,1.1999,0.236
04/01/2006,GNV,SUL,202,R$/m3,1.414,0.086,1.239,1.79,0.338,0.0608203677510608,1.076,0.13,0.766,1.202,0.121
05/01/2006,GNV,CENTRO OESTE,34,R$/m3,1.567,0.023,1.489,1.599,0.407,0.0146777281429483,1.16,0.039,1.0941,1.1897,0.034
05/01/2006,GNV,NORDESTE,639,R$/m3,1.361,0.054,1.2,1.61,0.455,0.0396767083027186,0.906,0.158,0.4936,1.0967,0.174
05/01/2006,GNV,NORTE,5,R$/m3,1.399,0,1.399,1.399,0.149,0,1.25,0,1.25,1.25,0
05/01/2006,GNV,SUDESTE,1817,R$/m3,1.205,0.149,0.799,1.69,0.439,0.123651452282158,0.766,0.191,0.4737,1.4157,0.249
05/01/2006,GNV,SUL,251,R$/m3,1.416,0.088,1.32,1.79,0.336,0.0621468926553672,1.08,0.117,0.7907,1.4431,0.108
06/01/2006,GNV,CENTRO OESTE,35,R$/m3,1.569,0.072,1.35,1.598,0.389,0.0458891013384321,1.18,0.064,1,1.27,0.054
06/01/2006,GNV,NORDESTE,603,R$/m3,1.364,0.055,1.248,1.61,0.444,0.0403225806451613,0.92,0.151,0.4936,1.4,0.164
06/01/2006,GNV,NORTE,4,R$/m3,1.399,0,1.399,1.399,0.149,0,1.25,0,1.25,1.25,0
06/01/2006,GNV,SUDESTE,1566,R$/m3,1.199,0.157,0.799,1.69,0.427,0.130942452043369,0.772,0.192,0.499,1.1999,0.249
06/01/2006,GNV,SUL,203,R$/m3,1.486,0.075,1.329,1.79,0.375,0.050471063257066,1.111,0.124,0.766,1.2219,0.112
07/01/2006,GNV,CENTRO OESTE,34,R$/m3,1.569,0.073,1.35,1.598,0.38,0.0465264499681326,1.189,0.037,1.0941,1.27,0.031
07/01/2006,GNV,NORDESTE,604,R$/m3,1.366,0.08,0.969,1.61,0.461,0.0585651537335285,0.905,0.153,0.5532,1.42,0.169
07/01/2006,GNV,NORTE,5,R$/m3,1.399,0,1.399,1.399,0.149,0,1.25,0,1.25,1.25,0
07/01/2006,GNV,SUDESTE,1681,R$/m3,1.176,0.171,0.799,1.69,0.404,0.145408163265306,0.772,0.194,0.4857,1.47,0.251
07/01/2006,GNV,SUL,230,R$/m3,1.532,0.096,1.357,1.84,0.396,0.0626631853785901,1.136,0.12,0.766,1.3,0.106
08/01/2006,GNV,CENTRO OESTE,48,R$/m3,1.569,0.071,1.35,1.599,0.379,0.0452517527087317,1.19,0.019,1.1706,1.27,0.016
08/01/2006,GNV,NORDESTE,640,R$/m3,1.373,0.088,0.85,1.61,0.466,0.0640932265112891,0.907,0.153,0.563,1.42,0.169
08/01/2006,GNV,NORTE,4,R$/m3,1.399,0,1.399,1.399,0.149,0,1.25,0,1.25,1.25,0
08/01/2006,GNV,SUDESTE,1970,R$/m3,1.213,0.145,0.899,1.69,0.442,0.119538334707337,0.771,0.201,0.4736,1.47,0.261
08/01/2006,GNV,SUL,273,R$/m3,1.548,0.087,1.399,1.84,0.377,0.0562015503875969,1.171,0.132,0.8492,1.3599,0.113
09/01/2006,GNV,CENTRO OESTE,12,R$/m3,1.46,0.116,1.35,1.599,0.284,0.0794520547945206,1.176,0.006,1.1706,1.1803,0.005
09/01/2006,GNV,NORDESTE,580,R$/m3,1.391,0.058,1.199,1.61,0.472,0.0416966211358735,0.919,0.154,0.5994,1.42,0.168
09/01/2006,GNV,NORTE,3,R$/m3,1.399,0,1.399,1.399,0.149,0,1.25,0,1.25,1.25,0
09/01/2006,GNV,SUDESTE,1711,R$/m3,1.213,0.14,1.039,1.75,0.43,0.115416323165705,0.783,0.201,0.4744,1.52,0.257
09/01/2006,GNV,SUL,249,R$/m3,1.547,0.088,1.428,1.84,0.378,0.0568842921784098,1.169,0.127,0.867,1.3,0.109
10/01/2006,GNV,CENTRO OESTE,22,R$/m3,1.564,0.085,1.35,1.599,0.359,0.0543478260869565,1.205,0.028,1.1706,1.27,0.023
10/01/2006,GNV,NORDESTE,623,R$/m3,1.392,0.069,1.177,1.65,0.465,0.0495689655172414,0.927,0.153,0.5994,1.42,0.165
10/01/2006,GNV,NORTE,5,R$/m3,1.399,0,1.399,1.399,0.149,0,1.25,0,1.25,1.25,0
10/01/2006,GNV,SUDESTE,1534,R$/m3,1.214,0.131,0.999,1.75,0.424,0.107907742998353,0.79,0.2,0.4732,1.52,0.253
10/01/2006,GNV,SUL,243,R$/m3,1.547,0.09,1.429,1.84,0.39,0.0581771170006464,1.157,0.136,0.7808,1.3,0.118
11/01/2006,GNV,CENTRO OESTE,41,R$/m3,1.569,0.037,1.49,1.599,0.378,0.0235818992989165,1.191,0.022,1.1802,1.27,0.018
11/01/2006,GNV,NORDESTE,568,R$/m3,1.376,0.1,0.95,1.65,0.456,0.0726744186046512,0.92,0.157,0.5994,1.42,0.171
11/01/2006,GNV,NORTE,4,R$/m3,1.399,0,1.399,1.399,0.149,0,1.25,0,1.25,1.25,0
11/01/2006,GNV,SUDESTE,1577,R$/m3,1.21,0.135,0.999,1.79,0.43,0.111570247933884,0.78,0.196,0.4754,1.52,0.251
11/01/2006,GNV,SUL,221,R$/m3,1.548,0.089,1.429,1.87,0.382,0.0574935400516796,1.166,0.132,0.7906,1.3264,0.113
12/01/2006,GNV,CENTRO OESTE,39,R$/m3,1.569,0.025,1.49,1.599,0.382,0.0159337157425112,1.187,0.01,1.1803,1.2134,0.008
12/01/2006,GNV,NORDESTE,500,R$/m3,1.388,0.083,0.95,1.65,0.478,0.0597982708933718,0.91,0.155,0.5994,1.42,0.17
12/01/2006,GNV,NORTE,4,R$/m3,1.399,0,1.399,1.399,0.149,0,1.25,0,1.25,1.25,0
12/01/2006,GNV,SUDESTE,1454,R$/m3,1.211,0.132,1.019,1.75,0.43,0.109000825763832,0.781,0.209,0.4731,1.52,0.268
12/01/2006,GNV,SUL,199,R$/m3,1.547,0.083,1.446,1.84,0.39,0.0536522301228184,1.157,0.132,0.7908,1.2816,0.114
01/01/2007,GNV,CENTRO OESTE,30,R$/m3,1.57,0.029,1.49,1.598,0.376,0.0184713375796178,1.194,0.029,1.1803,1.27,0.024
01/01/2007,GNV,NORDESTE,680,R$/m3,1.394,0.067,1.159,1.65,0.481,0.0480631276901004,0.913,0.166,0.5994,1.54,0.182
01/01/2007,GNV,NORTE,5,R$/m3,1.399,0,1.399,1.399,0.149,0,1.25,0,1.25,1.25,0
01/01/2007,GNV,SUDESTE,2039,R$/m3,1.213,0.129,0.999,1.75,0.427,0.106347897774114,0.786,0.196,0.5074,1.52,0.249
01/01/2007,GNV,SUL,278,R$/m3,1.549,0.088,1.446,1.87,0.398,0.0568108457069077,1.151,0.129,0.8472,1.4033,0.112
02/01/2007,GNV,CENTRO OESTE,29,R$/m3,1.569,0.032,1.49,1.599,0.375,0.0203951561504143,1.194,0.029,1.1803,1.27,0.024
02/01/2007,GNV,NORDESTE,641,R$/m3,1.39,0.07,0.79,1.65,0.488,0.0503597122302158,0.902,0.166,0.563,1.54,0.184
02/01/2007,GNV,NORTE,2,R$/m3,1.399,0,1.399,1.399,0.149,0,1.25,0,1.25,1.25,0
02/01/2007,GNV,SUDESTE,1874,R$/m3,1.214,0.132,0.899,1.789,0.436,0.108731466227348,0.778,0.205,0.4815,1.526,0.263
02/01/2007,GNV,SUL,251,R$/m3,1.548,0.091,1.446,1.87,0.393,0.0587855297157623,1.155,0.138,0.8472,1.5303,0.119
03/01/2007,GNV,CENTRO OESTE,32,R$/m3,1.57,0.035,1.49,1.599,0.389,0.0222929936305733,1.181,0.007,1.1803,1.1978,0.006
03/01/2007,GNV,NORDESTE,672,R$/m3,1.394,0.065,1.308,1.89,0.492,0.0466284074605452,0.902,0.172,0.4947,1.6762,0.191
03/01/2007,GNV,NORTE,2,R$/m3,1.399,0,1.399,1.399,0.149,0,1.25,0,1.25,1.25,0
03/01/2007,GNV,SUDESTE,1913,R$/m3,1.21,0.137,0.799,1.79,0.42,0.113223140495868,0.79,0.199,0.5111,1.52,0.252
03/01/2007,GNV,SUL,279,R$/m3,1.548,0.095,1.446,1.87,0.374,0.0613695090439277,1.174,0.163,0.8005,1.6178,0.139
04/01/2007,GNV,CENTRO OESTE,31,R$/m3,1.568,0.035,1.49,1.599,0.373,0.0223214285714286,1.195,0.025,1.18,1.27,0.021
04/01/2007,GNV,NORDESTE,656,R$/m3,1.382,0.085,0.79,1.65,0.485,0.0615050651230101,0.897,0.164,0.5268,1.54,0.183
04/01/2007,GNV,NORTE,4,R$/m3,1.399,0,1.399,1.399,0.149,0,1.25,0,1.25,1.25,0
04/01/2007,GNV,SUDESTE,2004,R$/m3,1.212,0.131,0.959,1.798,0.429,0.108085808580858,0.783,0.199,0.5043,1.52,0.254
04/01/2007,GNV,SUL,274,R$/m3,1.548,0.093,1.446,1.87,0.358,0.060077519379845,1.19,0.163,0.8263,1.6178,0.137
05/01/2007,GNV,CENTRO OESTE,44,R$/m3,1.582,0.04,1.49,1.599,0.388,0.0252844500632111,1.194,0.031,1.112,1.2378,0.026
05/01/2007,GNV,NORDESTE,861,R$/m3,1.507,0.106,1.309,1.9,0.55,0.0703384207033842,0.957,0.176,0.563,1.54,0.184
05/01/2007,GNV,NORTE,3,R$/m3,1.399,0.001,1.399,1.4,0.149,0.000714796283059328,1.25,0,1.25,1.25,0
05/01/2007,GNV,SUDESTE,2627,R$/m3,1.272,0.127,0.989,1.89,0.485,0.0998427672955975,0.787,0.205,0.511,1.52,0.26
05/01/2007,GNV,SUL,371,R$/m3,1.549,0.096,1.44,1.87,0.372,0.0619754680438993,1.177,0.163,0.8472,1.6178,0.138
06/01/2007,GNV,CENTRO OESTE,29,R$/m3,1.599,0.042,1.49,1.599,0.41,0.026266416510319,1.189,0.026,1.112,1.2047,0.022
06/01/2007,GNV,NORDESTE,697,R$/m3,1.522,0.12,1.05,1.9,0.529,0.0788436268068331,0.993,0.187,0.6781,1.54,0.188
06/01/2007,GNV,NORTE,2,R$/m3,1.399,0,1.399,1.399,0.149,0,1.25,0,1.25,1.25,0
06/01/2007,GNV,SUDESTE,2136,R$/m3,1.283,0.124,1.06,1.89,0.47,0.0966484801247077,0.813,0.188,0.5112,1.52,0.231
06/01/2007,GNV,SUL,294,R$/m3,1.548,0.098,1.446,1.87,0.372,0.0633074935400517,1.176,0.165,0.8472,1.6196,0.14
07/01/2007,GNV,CENTRO OESTE,38,R$/m3,1.599,0.04,1.49,1.599,0.396,0.0250156347717323,1.203,0.025,1.1149,1.2528,0.021
07/01/2007,GNV,NORDESTE,843,R$/m3,1.536,0.121,0.98,1.9,0.53,0.0787760416666667,1.006,0.188,0.6781,1.66,0.187
07/01/2007,GNV,NORTE,2,R$/m3,1.399,0,1.399,1.399,0.149,0,1.25,0,1.25,1.25,0
07/01/2007,GNV,SUDESTE,2619,R$/m3,1.278,0.129,0.999,1.89,0.459,0.10093896713615,0.819,0.187,0.5325,1.59,0.228
07/01/2007,GNV,SUL,352,R$/m3,1.548,0.097,1.446,1.87,0.374,0.0626614987080103,1.174,0.169,0.8472,1.67,0.144
08/01/2007,GNV,CENTRO OESTE,25,R$/m3,1.591,0.043,1.49,1.599,0.397,0.027027027027027,1.194,0.006,1.1898,1.2047,0.005
08/01/2007,GNV,NORDESTE,617,R$/m3,1.543,0.127,0.95,1.9,0.525,0.0823071937783539,1.018,0.19,0.6084,1.66,0.187
08/01/2007,GNV,NORTE,1,R$/m3,1.399,0,1.399,1.399,#VALUE!,0,-,-,-,-,-
08/01/2007,GNV,SUDESTE,1591,R$/m3,1.285,0.122,0.999,1.89,0.438,0.0949416342412452,0.847,0.186,0.5855,1.62,0.22
08/01/2007,GNV,SUL,199,R$/m3,1.548,0.112,1.449,1.87,0.37,0.0723514211886305,1.178,0.177,0.8262,1.6349,0.15
09/01/2007,GNV,CENTRO OESTE,24,R$/m3,1.595,0.04,1.49,1.599,0.395,0.0250783699059561,1.2,0.016,1.1898,1.2528,0.013
09/01/2007,GNV,NORDESTE,487,R$/m3,1.53,0.12,0.959,1.9,0.518,0.0784313725490196,1.012,0.19,0.7388,1.6,0.188
09/01/2007,GNV,NORTE,2,R$/m3,1.399,0,1.399,1.399,#VALUE!,0,-,-,-,-,-
09/01/2007,GNV,SUDESTE,1162,R$/m3,1.288,0.13,0.999,1.89,0.432,0.100931677018634,0.856,0.192,0.5855,1.62,0.224
09/01/2007,GNV,SUL,167,R$/m3,1.548,0.11,1.446,1.879,0.382,0.0710594315245478,1.166,0.195,0.8262,1.6984,0.167
10/01/2007,GNV,CENTRO OESTE,34,R$/m3,1.596,0.041,1.49,1.599,0.39,0.0256892230576441,1.206,0.023,1.1898,1.2528,0.019
10/01/2007,GNV,NORDESTE,622,R$/m3,1.573,0.084,1.359,1.9,0.524,0.0534011443102352,1.049,0.18,0.6591,1.6643,0.172
10/01/2007,GNV,NORTE,1,R$/m3,1.399,0,1.399,1.399,#VALUE!,0,-,-,-,-,-
10/01/2007,GNV,SUDESTE,1520,R$/m3,1.3,0.137,0.999,1.89,0.417,0.105384615384615,0.883,0.193,0.6025,1.62,0.219
10/01/2007,GNV,SUL,222,R$/m3,1.549,0.109,1.446,1.879,0.361,0.0703679793415107,1.188,0.205,0.8262,1.6984,0.173
11/01/2007,GNV,CENTRO OESTE,28,R$/m3,1.596,0.034,1.49,1.599,0.409,0.0213032581453634,1.187,0.025,1.1165,1.2047,0.021
11/01/2007,GNV,NORDESTE,477,R$/m3,1.58,0.073,1.299,1.9,0.51,0.0462025316455696,1.07,0.178,0.7839,1.6643,0.166
11/01/2007,GNV,NORTE,1,R$/m3,1.399,0,1.399,1.399,#VALUE!,0,-,-,-,-,-
11/01/2007,GNV,SUDESTE,1213,R$/m3,1.3,0.139,0.999,1.89,0.419,0.106923076923077,0.881,0.178,0.6201,1.62,0.202
11/01/2007,GNV,SUL,173,R$/m3,1.548,0.104,1.449,1.87,0.373,0.0671834625322997,1.175,0.158,0.911,1.67,0.134
12/01/2007,GNV,CENTRO OESTE,43,R$/m3,1.599,0.004,1.59,1.599,0.398,0.00250156347717323,1.201,0.019,1.1803,1.2511,0.016
12/01/2007,GNV,NORDESTE,587,R$/m3,1.578,0.067,1.45,1.9,0.518,0.0424588086185044,1.06,0.173,0.7619,1.6716,0.163
12/01/2007,GNV,NORTE,3,R$/m3,1.399,0,1.399,1.399,#VALUE!,0,-,-,-,-,-
12/01/2007,GNV,SUDESTE,1315,R$/m3,1.308,0.138,0.949,1.89,0.423,0.105504587155963,0.885,0.17,0.6321,1.296,0.192
12/01/2007,GNV,SUL,181,R$/m3,1.546,0.104,1.446,1.879,0.402,0.0672703751617076,1.144,0.19,0.7288,1.67,0.166
01/01/2008,GNV,CENTRO OESTE,28,R$/m3,1.596,0.007,1.565,1.599,0.396,0.0043859649122807,1.2,0.011,1.1803,1.2047,0.009
01/01/2008,GNV,NORDESTE,508,R$/m3,1.619,0.079,1.27,1.949,0.517,0.0487955528103768,1.102,0.173,0.7841,1.7665,0.157
01/01/2008,GNV,NORTE,3,R$/m3,1.399,0,1.399,1.399,#VALUE!,0,-,-,-,-,-
01/01/2008,GNV,SUDESTE,1376,R$/m3,1.372,0.163,0.949,1.99,0.475,0.118804664723032,0.897,0.186,0.6335,1.62,0.207
01/01/2008,GNV,SUL,215,R$/m3,1.585,0.125,1.44,1.989,0.425,0.0788643533123028,1.16,0.193,0.91,1.6349,0.166
02/01/2008,GNV,CENTRO OESTE,30,R$/m3,1.598,0.02,1.52,1.599,0.398,0.0125156445556946,1.2,0.073,1.1803,1.4886,0.061
02/01/2008,GNV,NORDESTE,479,R$/m3,1.627,0.104,1.12,1.949,0.508,0.0639213275968039,1.119,0.17,0.7841,1.7665,0.152
02/01/2008,GNV,NORTE,3,R$/m3,1.399,0,1.399,1.399,#VALUE!,0,-,-,-,-,-
02/01/2008,GNV,SUDESTE,1207,R$/m3,1.387,0.173,0.999,1.99,0.457,0.124729632299928,0.93,0.191,0.6408,1.67,0.205
02/01/2008,GNV,SUL,197,R$/m3,1.653,0.11,1.447,1.87,0.474,0.0665456745311555,1.179,0.193,0.8168,1.639,0.164
03/01/2008,GNV,CENTRO OESTE,30,R$/m3,1.599,0.022,1.52,1.65,0.399,0.0137585991244528,1.2,0.028,1.1803,1.2528,0.023
03/01/2008,GNV,NORDESTE,490,R$/m3,1.651,0.075,1.42,1.95,0.513,0.0454270139309509,1.138,0.167,0.7848,1.7665,0.147
03/01/2008,GNV,NORTE,3,R$/m3,1.399,0,1.399,1.399,#VALUE!,0,-,-,-,-,-
03/01/2008,GNV,SUDESTE,1212,R$/m3,1.381,0.173,0.999,1.96,0.426,0.125271542360608,0.955,0.16,0.6554,1.6,0.168
03/01/2008,GNV,SUL,161,R$/m3,1.653,0.08,1.449,1.87,0.411,0.0483968542044767,1.242,0.178,0.8137,1.6349,0.143
04/01/2008,GNV,CENTRO OESTE,33,R$/m3,1.597,0.022,1.52,1.65,0.399,0.0137758296806512,1.198,0.022,1.1903,1.2528,0.018
04/01/2008,GNV,NORDESTE,627,R$/m3,1.66,0.078,1.56,2.049,0.526,0.0469879518072289,1.134,0.163,0.7954,1.8589,0.144
04/01/2008,GNV,NORTE,3,R$/m3,1.399,0,1.399,1.399,0.149,0,1.25,0,1.25,1.25,0
04/01/2008,GNV,SUDESTE,1585,R$/m3,1.378,0.179,0.999,1.99,0.43,0.129898403483309,0.948,0.167,0.5617,1.65,0.176
04/01/2008,GNV,SUL,220,R$/m3,1.65,0.095,1.299,1.87,0.417,0.0575757575757576,1.233,0.205,0.8168,1.67,0.166
05/01/2008,GNV,CENTRO OESTE,19,R$/m3,1.596,0.025,1.52,1.599,0.399,0.0156641604010025,1.197,0.026,1.1903,1.2528,0.022
05/01/2008,GNV,NORDESTE,536,R$/m3,1.69,0.081,1.259,2.049,0.522,0.0479289940828402,1.168,0.169,0.8274,1.8589,0.145
05/01/2008,GNV,NORTE,2,R$/m3,1.399,0,1.399,1.399,0.149,0,1.25,0,1.25,1.25,0
05/01/2008,GNV,SUDESTE,1161,R$/m3,1.391,0.156,1.049,1.99,0.42,0.11214953271028,0.971,0.156,0.5617,1.65,0.161
05/01/2008,GNV,SUL,178,R$/m3,1.651,0.108,1.29,1.96,0.456,0.0654149000605694,1.195,0.205,0.8168,1.639,0.172
06/01/2008,GNV,CENTRO OESTE,12,R$/m3,1.649,0.058,1.52,1.749,0.459,0.0351728320194057,1.19,0.025,1.1903,1.2451,0.021
06/01/2008,GNV,NORDESTE,536,R$/m3,1.706,0.081,1.549,2.049,0.499,0.0474794841735053,1.207,0.171,0.8274,1.8589,0.142
06/01/2008,GNV,NORTE,4,R$/m3,1.399,0.402,1.399,2.1,#VALUE!,0.28734810578985,-,-,-,-,-
06/01/2008,GNV,SUDESTE,1215,R$/m3,1.506,0.124,1.059,2.15,0.524,0.0823373173970784,0.982,0.176,0.6554,1.72,0.179
06/01/2008,GNV,SUL,184,R$/m3,1.654,0.075,1.449,1.87,0.448,0.0453446191051995,1.206,0.185,0.8168,1.6349,0.153
07/01/2008,GNV,CENTRO OESTE,14,R$/m3,1.749,0.094,1.52,1.799,0.519,0.0537449971412236,1.23,0.047,1.1903,1.2865,0.038
07/01/2008,GNV,NORDESTE,683,R$/m3,1.709,0.095,1.269,2.049,0.474,0.0555880631948508,1.235,0.173,0.8751,1.8589,0.14
07/01/2008,GNV,NORTE,2,R$/m3,1.399,0,1.399,1.399,#VALUE!,0,-,-,-,-,-
07/01/2008,GNV,SUDESTE,1550,R$/m3,1.561,0.118,1.219,2.15,0.468,0.0755925688661115,1.093,0.191,0.6741,1.799,0.175
07/01/2008,GNV,SUL,201,R$/m3,1.677,0.104,1.449,2.14,0.427,0.062015503875969,1.25,0.187,0.8168,1.67,0.15
08/01/2008,GNV,CENTRO OESTE,17,R$/m3,1.749,0.086,1.52,1.799,0.446,0.0491709548313322,1.303,0.036,1.2451,1.3686,0.028
08/01/2008,GNV,NORDESTE,538,R$/m3,1.757,0.093,1.359,2.249,0.5,0.0529311326124075,1.257,0.176,0.8771,1.8589,0.14
08/01/2008,GNV,NORTE,2,R$/m3,1.399,0,1.399,1.399,#VALUE!,0,-,-,-,-,-
08/01/2008,GNV,SUDESTE,1219,R$/m3,1.597,0.115,1.295,2.19,0.479,0.0720100187852223,1.118,0.184,0.7322,1.799,0.165
08/01/2008,GNV,SUL,166,R$/m3,1.72,0.085,1.6,1.919,0.371,0.0494186046511628,1.349,0.18,0.8411,1.6578,0.133
09/01/2008,GNV,CENTRO OESTE,20,R$/m3,1.748,0.075,1.52,1.799,0.465,0.0429061784897025,1.283,0.01,1.2451,1.2865,0.008
09/01/2008,GNV,NORDESTE,563,R$/m3,1.784,0.081,1.63,2.249,0.498,0.0454035874439462,1.286,0.161,0.9516,1.8589,0.125
09/01/2008,GNV,NORTE,2,R$/m3,1.399,0,1.399,1.399,#VALUE!,0,-,-,-,-,-
09/01/2008,GNV,SUDESTE,1242,R$/m3,1.608,0.114,1.359,2.19,0.469,0.0708955223880597,1.139,0.175,0.732,1.79,0.154
09/01/2008,GNV,SUL,173,R$/m3,1.729,0.086,1.65,1.99,0.411,0.0497397339502603,1.318,0.177,0.8167,1.6578,0.134
10/01/2008,GNV,CENTRO OESTE,33,R$/m3,1.749,0.045,1.52,1.799,0.467,0.0257289879931389,1.282,0.001,1.282,1.2865,0.001
10/01/2008,GNV,NORDESTE,694,R$/m3,1.817,0.076,1.599,2.249,0.556,0.0418271876719868,1.261,0.159,0.9341,1.8987,0.126
10/01/2008,GNV,NORTE,3,R$/m3,1.399,0,1.399,1.399,#VALUE!,0,-,-,-,-,-
10/01/2008,GNV,SUDESTE,1622,R$/m3,1.606,0.122,1.29,2.19,0.425,0.0759651307596513,1.181,0.169,0.7483,1.869,0.143
10/01/2008,GNV,SUL,230,R$/m3,1.737,0.106,1.599,2.179,0.438,0.0610247553252735,1.299,0.189,0.8168,1.6578,0.145
11/01/2008,GNV,CENTRO OESTE,19,R$/m3,1.749,0.021,1.749,1.799,0.448,0.0120068610634648,1.301,0.046,1.223,1.3686,0.035
11/01/2008,GNV,NORDESTE,541,R$/m3,1.812,0.084,1.599,2.249,0.508,0.0463576158940397,1.304,0.16,0.9406,2,0.123
11/01/2008,GNV,NORTE,3,R$/m3,1.399,0.462,1.399,2.2,#VALUE!,0.33023588277341,-,-,-,-,-
11/01/2008,GNV,SUDESTE,1296,R$/m3,1.625,0.148,1.259,2.3,0.449,0.0910769230769231,1.176,0.171,0.9197,1.87,0.145
11/01/2008,GNV,SUL,205,R$/m3,1.738,0.12,1.589,2.05,0.39,0.0690448791714615,1.348,0.205,0.8168,1.7126,0.152
12/01/2008,GNV,CENTRO OESTE,26,R$/m3,1.749,0.032,1.749,1.89,0.496,0.0182961692395655,1.253,0.072,1.223,1.42,0.057
12/01/2008,GNV,NORDESTE,697,R$/m3,1.846,0.091,1.539,2.249,0.504,0.0492957746478873,1.342,0.154,1.0508,1.699,0.115
12/01/2008,GNV,NORTE,2,R$/m3,1.399,0.503,1.399,2.11,-0.456,0.359542530378842,1.855,0,1.8553,1.8553,0
12/01/2008,GNV,SUDESTE,1626,R$/m3,1.677,0.144,1.349,2.55,0.462,0.0858676207513417,1.215,0.166,0.9176,2.3261,0.137
12/01/2008,GNV,SUL,246,R$/m3,1.735,0.123,1.369,1.979,0.392,0.0708933717579251,1.343,0.191,0.8168,1.7126,0.142
01/01/2009,GNV,CENTRO OESTE,29,R$/m3,1.749,0.039,1.749,1.89,0.474,0.0222984562607204,1.275,0.11,1.223,1.629,0.086
01/01/2009,GNV,NORDESTE,546,R$/m3,1.841,0.097,1.49,2.249,0.501,0.0526887561108093,1.34,0.171,1.0508,2,0.128
01/01/2009,GNV,NORTE,5,R$/m3,1.399,0.521,1.399,2.4,0.149,0.37240886347391,1.25,0.514,1.25,1.977,0.411
01/01/2009,GNV,SUDESTE,1277,R$/m3,1.747,0.114,1.359,2.55,0.512,0.065254722381225,1.235,0.187,0.9222,2.3261,0.151
01/01/2009,GNV,SUL,203,R$/m3,1.759,0.143,1.589,2.07,0.409,0.0812961910176236,1.35,0.171,0.8168,1.6973,0.127
02/01/2009,GNV,CENTRO OESTE,34,R$/m3,1.749,0.054,1.749,1.899,0.469,0.0308747855917667,1.28,0.134,1.22,1.629,0.105
02/01/2009,GNV,NORDESTE,574,R$/m3,1.801,0.098,1.35,2.249,0.473,0.0544142143253748,1.328,0.162,1.04,2,0.122
02/01/2009,GNV,NORTE,3,R$/m3,1.663,0.457,1.399,2.19,-0.393,0.274804570054119,2.056,0,2.0563,2.0563,0
02/01/2009,GNV,SUDESTE,1270,R$/m3,1.706,0.143,1.459,2.55,0.409,0.0838218053927315,1.297,0.182,0.9229,2.3666,0.14
02/01/2009,GNV,SUL,215,R$/m3,1.776,0.161,1.589,2.07,0.426,0.0906531531531532,1.35,0.208,0.8168,1.7874,0.154
03/01/2009,GNV,CENTRO OESTE,47,R$/m3,1.749,0.06,1.748,1.89,0.467,0.0343053173241852,1.282,0.169,1.282,1.629,0.132
03/01/2009,GNV,NORDESTE,653,R$/m3,1.792,0.076,1.49,2.255,0.496,0.0424107142857143,1.296,0.154,0.9445,2,0.119
03/01/2009,GNV,NORTE,3,R$/m3,1.399,0,1.399,1.399,#VALUE!,0,-,-,-,-,-
03/01/2009,GNV,SUDESTE,1525,R$/m3,1.689,0.159,1.339,2.59,0.412,0.0941385435168739,1.277,0.21,0.9287,2.4,0.164
03/01/2009,GNV,SUL,242,R$/m3,1.773,0.161,1.589,2.07,0.436,0.0908065425831923,1.337,0.213,0.8168,1.7874,0.159
04/01/2009,GNV,CENTRO OESTE,41,R$/m3,1.749,0.063,1.749,1.89,0.466,0.0360205831903945,1.283,0.163,1.2829,1.6424,0.127
04/01/2009,GNV,NORDESTE,599,R$/m3,1.781,0.09,1.48,2.255,0.485,0.0505334081976418,1.296,0.165,1.0389,2,0.127
04/01/2009,GNV,NORTE,2,R$/m3,1.399,0,1.399,1.399,#VALUE!,0,-,-,-,-,-
04/01/2009,GNV,SUDESTE,1421,R$/m3,1.661,0.164,1.249,2.59,0.395,0.098735701384708,1.266,0.201,0.9245,2.4,0.159
04/01/2009,GNV,SUL,237,R$/m3,1.738,0.127,1.589,2.07,0.468,0.07307249712313,1.27,0.213,0.8168,1.7874,0.168
05/01/2009,GNV,CENTRO OESTE,42,R$/m3,1.749,0.065,1.749,1.89,0.466,0.0371640937678674,1.283,0.161,1.2829,1.6467,0.125
05/01/2009,GNV,NORDESTE,596,R$/m3,1.736,0.104,1.269,2.255,0.463,0.0599078341013825,1.273,0.159,1.007,2.0988,0.125
05/01/2009,GNV,NORTE,2,R$/m3,1.399,0,1.399,1.399,#VALUE!,0,-,-,-,-,-
05/01/2009,GNV,SUDESTE,1357,R$/m3,1.635,0.162,1.299,2.55,0.393,0.0990825688073395,1.242,0.201,0.944,2.4,0.162
05/01/2009,GNV,SUL,256,R$/m3,1.723,0.107,1.579,1.959,0.427,0.0621009866511898,1.296,0.187,0.9152,1.6755,0.144
06/01/2009,GNV,CENTRO OESTE,52,R$/m3,1.749,0.07,1.59,1.89,0.452,0.0400228702115495,1.297,0.178,1.2829,1.6601,0.137
06/01/2009,GNV,NORDESTE,701,R$/m3,1.685,0.15,1.18,2.249,0.439,0.0890207715133531,1.246,0.149,0.938,1.9614,0.12
06/01/2009,GNV,NORTE,2,R$/m3,1.399,0,1.399,1.399,#VALUE!,0,-,-,-,-,-
06/01/2009,GNV,SUDESTE,1516,R$/m3,1.576,0.14,1.259,2.398,0.392,0.0888324873096447,1.184,0.194,0.8817,2.2178,0.164
06/01/2009,GNV,SUL,274,R$/m3,1.722,0.108,1.589,2.05,0.429,0.0627177700348432,1.293,0.215,0.8168,1.7543,0.166
07/01/2009,GNV,CENTRO OESTE,37,R$/m3,1.749,0.048,1.69,1.89,0.466,0.0274442538593482,1.283,0.136,1.2829,1.6567,0.106
07/01/2009,GNV,NORDESTE,658,R$/m3,1.704,0.076,1.59,2.169,0.458,0.0446009389671362,1.246,0.145,0.9449,1.9614,0.116
07/01/2009,GNV,NORTE,1,R$/m3,1.54,0,1.54,1.54,#VALUE!,0,-,-,-,-,-
07/01/2009,GNV,SUDESTE,1508,R$/m3,1.538,0.139,1.259,2.39,0.407,0.0903771131339402,1.131,0.178,0.863,2.2129,0.157
07/01/2009,GNV,SUL,287,R$/m3,1.624,0.094,1.486,1.899,0.35,0.0578817733990148,1.274,0.183,0.8168,1.6755,0.144
08/01/2009,GNV,CENTRO OESTE,22,R$/m3,1.749,0.054,1.63,1.89,0.464,0.0308747855917667,1.285,0.132,1.2829,1.58,0.103
08/01/2009,GNV,NORDESTE,333,R$/m3,1.711,0.085,1.49,2.249,0.456,0.0496785505552309,1.255,0.148,0.9452,1.7786,0.118
08/01/2009,GNV,NORTE,1,R$/m3,1.54,0,1.54,1.54,#VALUE!,0,-,-,-,-,-
08/01/2009,GNV,SUDESTE,696,R$/m3,1.527,0.139,1.259,2.39,0.383,0.0910281597904388,1.144,0.171,0.885,1.7,0.149
08/01/2009,GNV,SUL,125,R$/m3,1.615,0.091,1.489,1.859,0.393,0.0563467492260062,1.222,0.203,0.7928,1.615,0.166
09/01/2009,GNV,CENTRO OESTE,13,R$/m3,1.749,0.134,1.49,1.99,0.466,0.0766152086906804,1.283,0.182,1.2829,1.6149,0.142
09/01/2009,GNV,NORDESTE,509,R$/m3,1.688,0.147,1.129,2.199,0.417,0.087085308056872,1.271,0.15,0.97,1.84,0.118
09/01/2009,GNV,NORTE,7,R$/m3,1.54,0.556,1.54,2.76,#VALUE!,0.361038961038961,-,-,-,-,-
09/01/2009,GNV,SUDESTE,1229,R$/m3,1.502,0.148,1.19,2.409,0.392,0.0985352862849534,1.11,0.196,0.4572,2.2129,0.177
09/01/2009,GNV,SUL,120,R$/m3,1.621,0.103,1.343,2.199,0.4,0.0635410240592227,1.221,0.134,0.7677,1.3373,0.11
10/01/2009,GNV,CENTRO OESTE,17,R$/m3,1.749,0.136,1.49,1.999,0.466,0.0777587192681532,1.283,0.208,1.1,1.6149,0.162
10/01/2009,GNV,NORDESTE,569,R$/m3,1.739,0.08,1.299,2.199,0.469,0.0460034502587694,1.27,0.158,0.97,1.75,0.124
10/01/2009,GNV,NORTE,2,R$/m3,1.54,0,1.54,1.54,#VALUE!,0,-,-,-,-,-
10/01/2009,GNV,SUDESTE,1185,R$/m3,1.514,0.163,1.179,2.63,0.412,0.107661822985469,1.102,0.224,0.7045,2.2129,0.203
10/01/2009,GNV,SUL,140,R$/m3,1.617,0.117,1.486,1.999,0.458,0.0723562152133581,1.159,0.232,0.763,1.712,0.2
11/01/2009,GNV,CENTRO OESTE,23,R$/m3,1.749,0.13,1.479,1.89,0.466,0.0743281875357347,1.283,0.114,1.227,1.6149,0.089
11/01/2009,GNV,NORDESTE,653,R$/m3,1.764,0.082,1.55,2.199,0.471,0.0464852607709751,1.293,0.156,0.97,1.798,0.121
11/01/2009,GNV,NORTE,6,R$/m3,1.54,0.408,1.54,2.38,-0.165,0.264935064935065,1.705,0,1.7047,1.7047,0
11/01/2009,GNV,SUDESTE,1359,R$/m3,1.521,0.171,1.189,2.57,0.428,0.112426035502959,1.093,0.229,0.6992,2.2129,0.21
11/01/2009,GNV,SUL,196,R$/m3,1.617,0.124,1.489,2.579,0.402,0.0766852195423624,1.215,0.175,0.7677,1.712,0.144
12/01/2009,GNV,CENTRO OESTE,21,R$/m3,1.749,0.188,1.49,2.18,0.466,0.107489994282447,1.283,0.025,1.227,1.2829,0.019
12/01/2009,GNV,NORDESTE,751,R$/m3,1.776,0.105,1.29,2.336,0.452,0.0591216216216216,1.324,0.167,1.0277,2.14,0.126
12/01/2009,GNV,NORTE,5,R$/m3,1.54,0.426,1.54,2.35,#VALUE!,0.276623376623377,-,-,-,-,-
12/01/2009,GNV,SUDESTE,1367,R$/m3,1.532,0.165,1.259,2.39,0.424,0.107702349869452,1.108,0.232,0.7463,2.2129,0.209
12/01/2009,GNV,SUL,275,R$/m3,1.616,0.096,1.489,2,0.368,0.0594059405940594,1.248,0.149,0.7677,1.6,0.119
01/01/2010,GNV,CENTRO OESTE,16,R$/m3,1.789,0.198,1.459,2.28,0.506,0.110676355505869,1.283,0.274,1.227,1.996,0.214
01/01/2010,GNV,NORDESTE,586,R$/m3,1.778,0.104,1.399,2.336,0.456,0.0584926884139483,1.322,0.176,1.0237,1.91,0.133
01/01/2010,GNV,NORTE,2,R$/m3,1.54,0.523,1.54,2.28,#VALUE!,0.33961038961039,-,-,-,-,-
01/01/2010,GNV,SUDESTE,1266,R$/m3,1.52,0.161,1.198,2.39,0.415,0.105921052631579,1.105,0.214,0.7463,2.142,0.194
01/01/2010,GNV,SUL,255,R$/m3,1.618,0.091,1.369,1.985,0.401,0.0562422744128554,1.217,0.142,0.7677,1.5412,0.117
02/01/2010,GNV,CENTRO OESTE,13,R$/m3,1.749,0.191,1.49,2.23,0.449,0.109205260148656,1.3,0.035,1.2828,1.3687,0.027
02/01/2010,GNV,NORDESTE,622,R$/m3,1.784,0.085,1.65,2.339,0.461,0.0476457399103139,1.323,0.166,1.0277,2.1414,0.125
02/01/2010,GNV,NORTE,3,R$/m3,1.54,0.427,1.54,2.28,#VALUE!,0.277272727272727,-,-,-,-,-
02/01/2010,GNV,SUDESTE,1312,R$/m3,1.523,0.172,1.17,2.39,0.424,0.112934996717006,1.099,0.221,0.774,2.142,0.201
02/01/2010,GNV,SUL,264,R$/m3,1.653,0.087,1.489,1.985,0.409,0.0526315789473684,1.244,0.164,0.7677,1.7056,0.132
03/01/2010,GNV,CENTRO OESTE,14,R$/m3,1.749,0.198,1.49,2.239,0.466,0.113207547169811,1.283,0.069,1.1,1.2829,0.054
03/01/2010,GNV,NORDESTE,746,R$/m3,1.79,0.086,1.499,2.339,0.457,0.0480446927374302,1.333,0.166,1.02,2.16,0.125
03/01/2010,GNV,NORTE,4,R$/m3,1.54,0.43,1.54,2.4,#VALUE!,0.279220779220779,-,-,-,-,-
03/01/2010,GNV,SUDESTE,1713,R$/m3,1.535,0.165,1.197,2.39,0.43,0.107491856677524,1.105,0.198,0.6333,2.142,0.179
03/01/2010,GNV,SUL,340,R$/m3,1.656,0.09,1.48,2.119,0.373,0.0543478260869565,1.283,0.178,0.6815,1.6443,0.139
04/01/2010,GNV,CENTRO OESTE,22,R$/m3,1.749,0.235,1.49,2.299,0.466,0.134362492853059,1.283,0.015,1.2548,1.2829,0.012
04/01/2010,GNV,NORDESTE,591,R$/m3,1.788,0.085,1.59,2.339,0.457,0.0475391498881432,1.331,0.171,1.0472,2.16,0.128
04/01/2010,GNV,NORTE,3,R$/m3,1.54,0.346,1.54,2.14,-0.354,0.224675324675325,1.894,0,1.8941,1.8941,0
04/01/2010,GNV,SUDESTE,1385,R$/m3,1.518,0.17,1.119,2.39,0.414,0.111989459815547,1.104,0.21,0.7951,2.142,0.19
04/01/2010,GNV,SUL,255,R$/m3,1.658,0.097,1.486,2.099,0.395,0.0585042219541617,1.263,0.185,0.7677,1.7063,0.146
05/01/2010,GNV,CENTRO OESTE,15,R$/m3,1.749,0.128,1.49,1.799,0.466,0.0731846769582619,1.283,0,1.2829,1.2829,0
05/01/2010,GNV,NORDESTE,682,R$/m3,1.782,0.092,1.59,2.339,0.415,0.0516273849607183,1.367,0.154,1.0379,2.16,0.113
05/01/2010,GNV,NORTE,5,R$/m3,1.54,0.406,1.54,2.3,0.312,0.263636363636364,1.228,0,1.2283,1.2283,0
05/01/2010,GNV,SUDESTE,1394,R$/m3,1.556,0.155,1.259,2.23,0.427,0.0996143958868895,1.129,0.178,0.7091,1.75,0.158
05/01/2010,GNV,SUL,257,R$/m3,1.652,0.089,1.489,2.079,0.429,0.0538740920096852,1.223,0.204,0.7953,1.629,0.167
06/01/2010,GNV,CENTRO OESTE,20,R$/m3,1.749,0.147,1.47,1.799,0.462,0.0840480274442539,1.287,0.023,1.2329,1.2904,0.018
06/01/2010,GNV,NORDESTE,745,R$/m3,1.773,0.103,1.499,2.349,0.412,0.0580936266215454,1.361,0.172,1.015,2.2046,0.126
06/01/2010,GNV,NORTE,5,R$/m3,1.54,0.373,1.54,2.4,0.312,0.242207792207792,1.228,0,1.2283,1.2283,0
06/01/2010,GNV,SUDESTE,1724,R$/m3,1.557,0.157,1.259,2.23,0.409,0.100834938985228,1.148,0.172,0.7739,2.0562,0.15
06/01/2010,GNV,SUL,256,R$/m3,1.652,0.086,1.485,2.049,0.358,0.0520581113801453,1.294,0.164,0.7953,1.625,0.127
07/01/2010,GNV,CENTRO OESTE,20,R$/m3,1.749,0.208,1.47,2.24,0.45,0.118925100057176,1.299,0.269,1.1,2.0249,0.207
07/01/2010,GNV,NORDESTE,615,R$/m3,1.774,0.099,1.48,2.369,0.42,0.0558060879368658,1.354,0.159,1.0372,2.22,0.117
07/01/2010,GNV,NORTE,4,R$/m3,1.557,0.168,1.54,1.89,#VALUE!,0.107899807321773,-,-,-,-,-
07/01/2010,GNV,SUDESTE,1343,R$/m3,1.557,0.162,1.159,2.23,0.396,0.104046242774566,1.161,0.167,0.7705,1.8908,0.144
07/01/2010,GNV,SUL,245,R$/m3,1.654,0.082,1.485,2.1,0.378,0.0495767835550181,1.276,0.12,0.7953,1.5967,0.094
08/01/2010,GNV,CENTRO OESTE,25,R$/m3,1.749,0.129,1.49,1.799,0.459,0.0737564322469983,1.29,0.1,1.1,1.2965,0.078
08/01/2010,GNV,NORDESTE,669,R$/m3,1.778,0.104,1.49,2.389,0.425,0.0584926884139483,1.353,0.172,1.0322,2.2,0.127
08/01/2010,GNV,NORTE,4,R$/m3,1.65,0.139,1.65,1.89,#VALUE!,0.0842424242424243,-,-,-,-,-
08/01/2010,GNV,SUDESTE,1507,R$/m3,1.564,0.158,1.299,2.23,0.385,0.101023017902813,1.179,0.169,0.7704,1.9614,0.143
08/01/2010,GNV,SUL,254,R$/m3,1.654,0.097,1.489,1.999,0.397,0.058645707376058,1.257,0.176,0.7677,1.6063,0.14
09/01/2010,GNV,CENTRO OESTE,30,R$/m3,1.749,0.138,1.49,1.87,0.237,0.0789022298456261,1.512,0.239,1.1,1.539,0.158
09/01/2010,GNV,NORDESTE,665,R$/m3,1.779,0.098,1.49,2.389,0.413,0.0550871275997752,1.366,0.154,1.0949,2.2,0.113
09/01/2010,GNV,NORTE,2,R$/m3,1.65,0.17,1.65,1.89,#VALUE!,0.103030303030303,-,-,-,-,-
09/01/2010,GNV,SUDESTE,1375,R$/m3,1.561,0.158,1.299,2.23,0.385,0.101217168481742,1.176,0.152,0.7488,1.721,0.129
09/01/2010,GNV,SUL,224,R$/m3,1.653,0.095,1.299,1.999,0.42,0.0574712643678161,1.233,0.181,0.7677,1.629,0.147
10/01/2010,GNV,CENTRO OESTE,20,R$/m3,1.749,0.137,1.49,1.799,0.458,0.0783304745568897,1.291,0.078,1.1,1.3103,0.06
10/01/2010,GNV,NORDESTE,619,R$/m3,1.777,0.096,1.59,2.389,0.418,0.0540236353404615,1.359,0.154,1.0836,2.24,0.113
10/01/2010,GNV,NORTE,4,R$/m3,1.65,0,1.65,1.65,#VALUE!,0,-,-,-,-,-
10/01/2010,GNV,SUDESTE,1220,R$/m3,1.568,0.152,1.299,2.25,0.383,0.0969387755102041,1.185,0.145,0.7667,1.8908,0.122
10/01/2010,GNV,SUL,239,R$/m3,1.652,0.094,1.299,2.1,0.381,0.0569007263922518,1.271,0.169,0.7678,1.629,0.133
11/01/2010,GNV,CENTRO OESTE,27,R$/m3,1.749,0.134,1.49,1.799,0.398,0.0766152086906804,1.351,0.107,1.1,1.3506,0.079
11/01/2010,GNV,NORDESTE,736,R$/m3,1.77,0.101,1.59,2.389,0.411,0.0570621468926554,1.359,0.168,1.0438,2.24,0.124
11/01/2010,GNV,NORTE,2,R$/m3,1.65,0,1.65,1.65,#VALUE!,0,-,-,-,-,-
11/01/2010,GNV,SUDESTE,1474,R$/m3,1.572,0.152,1.299,2.25,0.373,0.0966921119592875,1.199,0.156,0.7698,2.003,0.13
11/01/2010,GNV,SUL,329,R$/m3,1.658,0.086,1.486,1.999,0.385,0.051869722557298,1.273,0.162,0.7678,1.6063,0.127
12/01/2010,GNV,CENTRO OESTE,25,R$/m3,1.749,0.151,1.49,1.99,0.466,0.0863350485991995,1.283,0.084,1.1,1.2829,0.065
12/01/2010,GNV,NORDESTE,578,R$/m3,1.76,0.109,1.59,2.389,0.403,0.0619318181818182,1.357,0.173,1.0383,2.2159,0.127
12/01/2010,GNV,NORTE,4,R$/m3,1.588,0.125,1.401,1.65,#VALUE!,0.0787153652392947,-,-,-,-,-
12/01/2010,GNV,SUDESTE,1228,R$/m3,1.512,0.198,1.097,2.24,0.355,0.130952380952381,1.157,0.17,0.769,2.005,0.147
12/01/2010,GNV,SUL,237,R$/m3,1.658,0.086,1.489,1.999,0.359,0.051869722557298,1.299,0.137,0.9953,1.5505,0.105
01/01/2011,GNV,CENTRO OESTE,30,R$/m3,1.749,0.136,1.49,1.799,0.404,0.0777587192681532,1.345,0.088,1.2597,1.5301,0.065
01/01/2011,GNV,NORDESTE,659,R$/m3,1.758,0.113,1.56,2.389,0.404,0.0642775881683732,1.354,0.181,1.0389,2.2117,0.134
01/01/2011,GNV,NORTE,4,R$/m3,1.65,0,1.65,1.65,#VALUE!,0,-,-,-,-,-
01/01/2011,GNV,SUDESTE,1264,R$/m3,1.485,0.225,1.099,2.23,0.372,0.151515151515152,1.113,0.181,0.7513,2.003,0.163
01/01/2011,GNV,SUL,280,R$/m3,1.656,0.085,1.489,1.999,0.369,0.0513285024154589,1.287,0.109,1.0801,1.5505,0.085
02/01/2011,GNV,CENTRO OESTE,27,R$/m3,1.749,0.136,1.49,1.799,0.455,0.0777587192681532,1.294,0.065,1.1001,1.3369,0.05
02/01/2011,GNV,NORDESTE,512,R$/m3,1.761,0.11,1.56,2.389,0.417,0.0624645088018172,1.344,0.169,1.0389,2.2117,0.126
02/01/2011,GNV,NORTE,1,R$/m3,1.65,0,1.65,1.65,#VALUE!,0,-,-,-,-,-
02/01/2011,GNV,SUDESTE,1082,R$/m3,1.49,0.219,1.099,2.25,0.385,0.146979865771812,1.105,0.187,0.6041,1.7263,0.169
02/01/2011,GNV,SUL,198,R$/m3,1.65,0.094,1.399,1.899,0.375,0.056969696969697,1.275,0.156,0.9953,1.5505,0.122
03/01/2011,GNV,CENTRO OESTE,33,R$/m3,1.749,0.125,1.49,1.799,0.465,0.0714694110920526,1.284,0.015,1.2508,1.2867,0.012
03/01/2011,GNV,NORDESTE,725,R$/m3,1.786,0.132,1.57,2.389,0.435,0.0739081746920493,1.351,0.141,1.0504,2.2117,0.104
03/01/2011,GNV,NORTE,6,R$/m3,1.65,0.16,1.65,1.959,#VALUE!,0.096969696969697,-,-,-,-,-
03/01/2011,GNV,SUDESTE,1530,R$/m3,1.497,0.229,1.049,2.31,0.367,0.152972611890448,1.13,0.193,0.6534,1.8906,0.171
03/01/2011,GNV,SUL,276,R$/m3,1.66,0.098,1.479,2.1,0.397,0.0590361445783133,1.263,0.238,0.7677,1.6642,0.188
04/01/2011,GNV,CENTRO OESTE,21,R$/m3,1.749,0.185,1.49,2.28,0.311,0.105774728416238,1.438,0.199,1.122,1.5924,0.138
04/01/2011,GNV,NORDESTE,527,R$/m3,1.792,0.131,1.57,2.389,0.43,0.0731026785714286,1.362,0.126,1.061,1.7037,0.093
04/01/2011,GNV,NORTE,4,R$/m3,1.65,0,1.65,1.65,#VALUE!,0,-,-,-,-,-
04/01/2011,GNV,SUDESTE,1199,R$/m3,1.538,0.213,1.099,2.31,0.408,0.138491547464239,1.13,0.199,0.6266,1.75,0.176
04/01/2011,GNV,SUL,226,R$/m3,1.736,0.108,1.399,2.09,0.417,0.0622119815668203,1.319,0.253,0.7677,1.55,0.192
05/01/2011,GNV,CENTRO OESTE,28,R$/m3,1.751,0.144,1.48,1.999,#VALUE!,0.0822387207310109,-,-,-,-,-
05/01/2011,GNV,NORDESTE,707,R$/m3,1.796,0.127,1.59,2.389,0.432,0.0707126948775056,1.364,0.126,1.061,1.7374,0.092
05/01/2011,GNV,NORTE,3,R$/m3,1.65,0,1.65,1.65,#VALUE!,0,-,-,-,-,-
05/01/2011,GNV,SUDESTE,1395,R$/m3,1.571,0.209,1.099,2.099,0.424,0.133036282622533,1.147,0.202,0.6201,1.8906,0.176
05/01/2011,GNV,SUL,286,R$/m3,1.741,0.107,1.399,2.13,0.441,0.0614589316484779,1.3,0.21,0.7895,1.6117,0.162
06/01/2011,GNV,CENTRO OESTE,29,R$/m3,1.756,0.131,1.48,1.799,0.465,0.0746013667425968,1.291,0.119,1.2829,1.5647,0.092
06/01/2011,GNV,NORDESTE,615,R$/m3,1.79,0.128,1.56,2.389,0.427,0.0715083798882682,1.363,0.128,1.0847,1.7037,0.094
06/01/2011,GNV,NORTE,5,R$/m3,1.65,0.329,1.65,2.25,0.16,0.199393939393939,1.49,0,1.49,1.49,0
06/01/2011,GNV,SUDESTE,1311,R$/m3,1.577,0.209,1.099,2.13,0.419,0.132530120481928,1.158,0.203,0.6309,2.0068,0.175
06/01/2011,GNV,SUL,266,R$/m3,1.738,0.116,1.489,2.13,0.404,0.0667433831990794,1.334,0.245,0.7953,1.5956,0.184
07/01/2011,GNV,CENTRO OESTE,30,R$/m3,1.755,0.137,1.49,2.1,0.421,0.0780626780626781,1.334,0.044,1.2829,1.391,0.033
07/01/2011,GNV,NORDESTE,593,R$/m3,1.784,0.13,1.56,2.409,0.409,0.0728699551569507,1.375,0.128,1.0503,1.7605,0.093
07/01/2011,GNV,NORTE,4,R$/m3,1.65,0,1.65,1.65,#VALUE!,0,-,-,-,-,-
07/01/2011,GNV,SUDESTE,1214,R$/m3,1.562,0.215,1.099,2.31,0.394,0.13764404609475,1.168,0.204,0.6309,2.0055,0.175
07/01/2011,GNV,SUL,238,R$/m3,1.739,0.116,1.489,2.13,0.438,0.0667050028752156,1.301,0.151,1.0081,1.6047,0.116
08/01/2011,GNV,CENTRO OESTE,28,R$/m3,1.754,0.112,1.49,1.799,0.471,0.0638540478905359,1.283,0.039,1.2829,1.3577,0.03
08/01/2011,GNV,NORDESTE,726,R$/m3,1.785,0.127,1.56,2.409,0.421,0.0711484593837535,1.364,0.148,1.0691,2.2355,0.109
08/01/2011,GNV,NORTE,4,R$/m3,1.65,0,1.65,1.65,#VALUE!,0,-,-,-,-,-
08/01/2011,GNV,SUDESTE,1515,R$/m3,1.559,0.209,1.099,2.33,0.376,0.134060295060937,1.183,0.208,0.696,2.0055,0.176
08/01/2011,GNV,SUL,318,R$/m3,1.752,0.103,1.489,2.13,0.432,0.0587899543378995,1.32,0.167,1.0128,1.799,0.127
09/01/2011,GNV,CENTRO OESTE,27,R$/m3,1.758,0.116,1.49,1.799,0.354,0.0659840728100114,1.404,0.123,1.2829,1.7615,0.088
09/01/2011,GNV,NORDESTE,575,R$/m3,1.781,0.123,1.56,2.409,0.426,0.0690623245367771,1.355,0.134,1.0503,1.7604,0.099
09/01/2011,GNV,NORTE,3,R$/m3,1.65,0,1.65,1.65,#VALUE!,0,-,-,-,-,-
09/01/2011,GNV,SUDESTE,1308,R$/m3,1.552,0.214,1.099,2.31,0.392,0.137886597938144,1.16,0.201,0.7086,2.0055,0.173
09/01/2011,GNV,SUL,279,R$/m3,1.747,0.105,1.399,2.13,0.413,0.0601030337721809,1.334,0.112,1.0857,1.4116,0.084
10/01/2011,GNV,CENTRO OESTE,33,R$/m3,1.752,0.102,1.49,1.799,0.408,0.0582191780821918,1.344,0.136,1.1,1.6187,0.101
10/01/2011,GNV,NORDESTE,598,R$/m3,1.778,0.121,1.56,2.449,0.428,0.0680539932508436,1.35,0.153,1.0503,2.247,0.113
10/01/2011,GNV,NORTE,4,R$/m3,1.65,0,1.65,1.65,#VALUE!,0,-,-,-,-,-
10/01/2011,GNV,SUDESTE,1392,R$/m3,1.553,0.212,1.099,2.31,0.392,0.13650998068255,1.161,0.201,0.6311,1.98,0.173
10/01/2011,GNV,SUL,294,R$/m3,1.793,0.105,1.399,2.13,0.477,0.0585610708310095,1.316,0.152,1.0074,1.6947,0.116
11/01/2011,GNV,CENTRO OESTE,25,R$/m3,1.755,0.072,1.69,1.899,0.337,0.041025641025641,1.418,0.118,1.2028,1.6104,0.083
11/01/2011,GNV,NORDESTE,692,R$/m3,1.776,0.112,1.56,2.19,0.416,0.0630630630630631,1.36,0.136,1.05,1.7584,0.1
11/01/2011,GNV,NORTE,3,R$/m3,1.65,0,1.65,1.65,#VALUE!,0,-,-,-,-,-
11/01/2011,GNV,SUDESTE,1336,R$/m3,1.548,0.217,1.099,2.31,0.39,0.140180878552972,1.158,0.216,0.6309,2.0803,0.187
11/01/2011,GNV,SUL,279,R$/m3,1.802,0.1,1.499,2.229,0.392,0.0554938956714761,1.41,0.154,1.1539,1.748,0.109
12/01/2011,GNV,CENTRO OESTE,20,R$/m3,1.787,0.11,1.69,1.999,0.316,0.0615556799104645,1.471,0.138,1.3026,1.7232,0.094
12/01/2011,GNV,NORDESTE,552,R$/m3,1.778,0.126,1.56,2.499,0.408,0.0708661417322835,1.37,0.137,1.05,1.7584,0.1
12/01/2011,GNV,NORTE,2,R$/m3,1.65,0,1.65,1.65,#VALUE!,0,-,-,-,-,-
12/01/2011,GNV,SUDESTE,1199,R$/m3,1.562,0.194,1.099,2.31,0.41,0.124199743918054,1.152,0.19,0.6309,1.98,0.165
12/01/2011,GNV,SUL,249,R$/m3,1.831,0.099,1.499,2.229,0.435,0.0540688148552704,1.396,0.1,1.1604,1.5023,0.072
01/01/2012,GNV,CENTRO OESTE,31,R$/m3,1.912,0.08,1.69,1.989,0.481,0.0418410041841004,1.431,0.075,1.3003,1.4555,0.052
01/01/2012,GNV,NORDESTE,644,R$/m3,1.771,0.121,1.49,2.549,0.406,0.0683229813664596,1.365,0.146,1.0503,1.76,0.107
01/01/2012,GNV,NORTE,2,R$/m3,1.645,0.007,1.64,1.65,#VALUE!,0.00425531914893617,-,-,-,-,-
01/01/2012,GNV,SUDESTE,1412,R$/m3,1.577,0.178,1.189,2.35,0.397,0.11287254280279,1.18,0.174,0.6625,1.69,0.147
01/01/2012,GNV,SUL,309,R$/m3,1.816,0.141,1.259,2.229,0.462,0.0776431718061674,1.354,0.167,1.099,1.7043,0.123
02/01/2012,GNV,CENTRO OESTE,24,R$/m3,1.893,0.063,1.79,1.989,0.372,0.0332805071315372,1.521,0.156,1.3003,1.6768,0.103
02/01/2012,GNV,NORDESTE,582,R$/m3,1.772,0.127,1.45,2.549,0.43,0.0716704288939052,1.342,0.163,1.0503,2.252,0.121
02/01/2012,GNV,NORTE,2,R$/m3,1.65,0,1.65,1.65,#VALUE!,0,-,-,-,-,-
02/01/2012,GNV,SUDESTE,1188,R$/m3,1.58,0.188,1.009,2.35,0.413,0.118987341772152,1.167,0.207,0.6964,2.0312,0.177
02/01/2012,GNV,SUL,295,R$/m3,1.832,0.121,1.199,2.229,0.447,0.0660480349344978,1.385,0.105,1.1652,1.5384,0.076
03/01/2012,GNV,CENTRO OESTE,27,R$/m3,1.894,0.061,1.79,1.989,0.523,0.0322069693769799,1.371,0.022,1.3642,1.4288,0.016
03/01/2012,GNV,NORDESTE,541,R$/m3,1.779,0.124,1.45,2.369,0.421,0.0697020798201237,1.358,0.144,1.0503,1.7084,0.106
03/01/2012,GNV,NORTE,3,R$/m3,1.65,0,1.65,1.65,#VALUE!,0,-,-,-,-,-
03/01/2012,GNV,SUDESTE,1167,R$/m3,1.577,0.183,1.199,2.35,0.397,0.116043119847812,1.18,0.152,0.6964,1.629,0.129
03/01/2012,GNV,SUL,282,R$/m3,1.824,0.122,1.199,2.229,0.452,0.0668859649122807,1.372,0.133,1.0678,1.7034,0.097
04/01/2012,GNV,CENTRO OESTE,18,R$/m3,1.892,0.065,1.79,1.989,0.524,0.0343551797040169,1.368,0.014,1.3642,1.4,0.01
04/01/2012,GNV,NORDESTE,560,R$/m3,1.785,0.12,1.45,2.369,0.432,0.0672268907563025,1.353,0.136,1.0834,1.7,0.101
04/01/2012,GNV,NORTE,2,R$/m3,1.65,0,1.65,1.65,#VALUE!,0,-,-,-,-,-
04/01/2012,GNV,SUDESTE,1184,R$/m3,1.566,0.185,1.189,2.35,0.383,0.118135376756066,1.183,0.175,0.6966,1.629,0.148
04/01/2012,GNV,SUL,330,R$/m3,1.849,0.14,1.199,2.169,0.469,0.075716603569497,1.38,0.177,1.0678,1.7728,0.128
05/01/2012,GNV,CENTRO OESTE,36,R$/m3,1.912,0.081,1.79,2.09,0.445,0.0423640167364017,1.467,0.133,1.3026,1.822,0.091
05/01/2012,GNV,NORDESTE,656,R$/m3,1.803,0.111,1.45,2.369,0.448,0.0615640599001664,1.355,0.131,1.0834,1.7266,0.097
05/01/2012,GNV,NORTE,4,R$/m3,1.7,0.058,1.65,1.75,0.21,0.0341176470588235,1.49,0,1.49,1.49,0
05/01/2012,GNV,SUDESTE,1517,R$/m3,1.573,0.181,1.199,2.299,0.394,0.115066751430388,1.179,0.176,0.6965,1.629,0.149
05/01/2012,GNV,SUL,346,R$/m3,1.896,0.157,1.19,2.309,0.455,0.0828059071729958,1.441,0.171,0.9253,1.7688,0.119
06/01/2012,GNV,CENTRO OESTE,24,R$/m3,1.908,0.102,1.79,2.09,0.417,0.0534591194968554,1.491,0.149,1.3642,1.822,0.1
06/01/2012,GNV,NORDESTE,550,R$/m3,1.804,0.107,1.45,2.369,0.459,0.0593126385809313,1.345,0.128,1.0761,1.7084,0.095
06/01/2012,GNV,NORTE,3,R$/m3,1.85,0,1.85,1.85,0.36,0,1.49,0,1.49,1.49,0
06/01/2012,GNV,SUDESTE,1229,R$/m3,1.6,0.177,1.249,2.579,0.396,0.110625,1.204,0.167,0.7914,1.749,0.139
06/01/2012,GNV,SUL,322,R$/m3,1.908,0.143,1.19,2.49,0.484,0.0749475890985325,1.424,0.223,0.9253,1.7664,0.157
07/01/2012,GNV,CENTRO OESTE,29,R$/m3,1.937,0.104,1.79,2.19,0.422,0.0536912751677852,1.515,0.171,1.3646,1.9112,0.113
07/01/2012,GNV,NORDESTE,635,R$/m3,1.799,0.107,1.45,2.369,0.444,0.0594774874930517,1.355,0.132,1.0582,1.7084,0.097
07/01/2012,GNV,NORTE,1,R$/m3,1.85,0,1.85,1.85,#VALUE!,0,-,-,-,-,-
07/01/2012,GNV,SUDESTE,1377,R$/m3,1.608,0.169,1.349,2.579,0.398,0.105099502487562,1.21,0.171,0.7679,1.83,0.141
07/01/2012,GNV,SUL,418,R$/m3,1.944,0.143,1.29,2.49,0.504,0.073559670781893,1.44,0.173,0.9947,1.8753,0.12
08/01/2012,GNV,CENTRO OESTE,28,R$/m3,1.975,0.08,1.79,2.19,0.556,0.0405063291139241,1.419,0.07,1.3646,1.566,0.049
08/01/2012,GNV,NORDESTE,557,R$/m3,1.799,0.108,1.45,2.369,0.447,0.0600333518621456,1.352,0.117,1.0582,1.7084,0.087
08/01/2012,GNV,NORTE,4,R$/m3,1.85,0,1.85,1.85,0.26,0,1.59,0,1.59,1.59,0
08/01/2012,GNV,SUDESTE,1273,R$/m3,1.612,0.167,1.279,2.399,0.368,0.103598014888337,1.244,0.158,0.8704,1.83,0.127
08/01/2012,GNV,SUL,342,R$/m3,1.954,0.132,1.499,2.49,0.539,0.067553735926305,1.415,0.173,0.991,1.7729,0.122
09/01/2012,GNV,CENTRO OESTE,25,R$/m3,1.954,0.079,1.764,2.19,0.434,0.0404298874104401,1.52,0.152,1.4199,1.8784,0.1
09/01/2012,GNV,NORDESTE,514,R$/m3,1.797,0.111,1.45,2.369,0.437,0.0617696160267112,1.36,0.118,1.0841,1.7085,0.087
09/01/2012,GNV,NORTE,3,R$/m3,1.85,0,1.85,1.85,0.26,0,1.59,0,1.59,1.59,0
09/01/2012,GNV,SUDESTE,1176,R$/m3,1.618,0.159,1.349,2.399,0.346,0.0982694684796044,1.272,0.154,0.7861,1.749,0.121
09/01/2012,GNV,SUL,331,R$/m3,1.949,0.123,1.499,2.339,0.425,0.0631092868137506,1.524,0.134,1.2331,1.7729,0.088
10/01/2012,GNV,CENTRO OESTE,30,R$/m3,1.974,0.065,1.79,2.199,0.454,0.0329280648429585,1.52,0.186,1.4,1.8663,0.122
10/01/2012,GNV,NORDESTE,675,R$/m3,1.804,0.114,1.45,2.369,0.448,0.0631929046563193,1.356,0.128,1.0853,1.7085,0.094
10/01/2012,GNV,NORTE,4,R$/m3,1.85,0,1.85,1.85,0.26,0,1.59,0,1.59,1.59,0
10/01/2012,GNV,SUDESTE,1418,R$/m3,1.621,0.162,1.349,2.399,0.359,0.0999383096853794,1.262,0.169,0.8301,1.749,0.134
10/01/2012,GNV,SUL,411,R$/m3,1.93,0.136,1.399,2.339,0.409,0.0704663212435233,1.521,0.135,1.2188,1.76,0.089
11/01/2012,GNV,CENTRO OESTE,25,R$/m3,1.971,0.074,1.79,2.19,0.434,0.0375443937087773,1.537,0.177,1.4199,1.9183,0.115
11/01/2012,GNV,NORDESTE,523,R$/m3,1.806,0.119,1.45,2.369,0.44,0.0658914728682171,1.366,0.133,1.0762,1.7084,0.097
11/01/2012,GNV,NORTE,3,R$/m3,1.85,0,1.85,1.85,0.26,0,1.59,0,1.59,1.59,0
11/01/2012,GNV,SUDESTE,1177,R$/m3,1.621,0.162,1.349,2.399,0.363,0.0999383096853794,1.258,0.16,0.8779,1.749,0.127
11/01/2012,GNV,SUL,350,R$/m3,1.931,0.144,1.319,2.339,0.428,0.0745727602278612,1.503,0.136,1.2331,1.6241,0.09
12/01/2012,GNV,CENTRO OESTE,33,R$/m3,1.967,0.092,1.89,2.19,0.482,0.0467717336044738,1.485,0.101,1.4,1.7249,0.068
12/01/2012,GNV,NORDESTE,516,R$/m3,1.805,0.119,1.45,2.369,0.452,0.0659279778393352,1.353,0.143,1.0863,1.97,0.106
12/01/2012,GNV,NORTE,3,R$/m3,1.917,0.058,1.85,1.95,0.327,0.0302556077203965,1.59,0,1.59,1.59,0
12/01/2012,GNV,SUDESTE,1164,R$/m3,1.653,0.155,1.359,2.599,0.372,0.0937689050211736,1.281,0.157,0.8856,1.78,0.123
12/01/2012,GNV,SUL,320,R$/m3,1.936,0.132,1.399,2.339,0.409,0.0681818181818182,1.527,0.127,1.4013,1.7657,0.083
07/01/2001,ÓLEO DIESEL,CENTRO OESTE,1266,R$/l,0.8609,0.03983,0.768,0.96,0.098,0.0462655360669067,0.7629,0.05264,0.6072,0.892,0.069
07/01/2001,ÓLEO DIESEL,NORDESTE,3031,R$/l,0.862,0.04109,0.713,1,0.0961,0.0476682134570766,0.7659,0.04359,0.5856,0.93,0.057
07/01/2001,ÓLEO DIESEL,NORTE,1135,R$/l,0.859,0.04221,0.77,0.971,0.0949,0.0491385331781141,0.7641,0.04,0.5791,0.8945,0.052
07/01/2001,ÓLEO DIESEL,SUDESTE,7195,R$/l,0.8124,0.02775,0.659,0.95,0.106,0.0341580502215657,0.7064,0.03824,0.512,0.849,0.054
07/01/2001,ÓLEO DIESEL,SUL,1384,R$/l,0.7926,0.02859,0.719,0.97,0.0976,0.0360711582134746,0.695,0.03158,0.6143,0.8065,0.045
08/01/2001,ÓLEO DIESEL,CENTRO OESTE,1807,R$/l,0.8935,0.03547,0.77,0.992,0.0972,0.0396978175713486,0.7963,0.03951,0.6496,0.899,0.05
08/01/2001,ÓLEO DIESEL,NORDESTE,5286,R$/l,0.8937,0.04297,0.789,1,0.1002,0.0480810115251203,0.7935,0.03622,0.5191,0.9792,0.046
08/01/2001,ÓLEO DIESEL,NORTE,1200,R$/l,0.8917,0.05059,0.779,1.28,0.0992000000000001,0.0567343276886845,0.7925,0.03726,0.6082,0.9051,0.047
08/01/2001,ÓLEO DIESEL,SUDESTE,13106,R$/l,0.8315,0.02819,0.699,0.999,0.1001,0.0339025856885147,0.7314,0.03109,0.5795,0.876,0.043
08/01/2001,ÓLEO DIESEL,SUL,3327,R$/l,0.8145,0.02524,0.73,0.99,0.094,0.030988336402701,0.7205,0.02064,0.6223,0.839,0.029
09/01/2001,ÓLEO DIESEL,CENTRO OESTE,2169,R$/l,0.91,0.03511,0.77,1,0.1034,0.0385824175824176,0.8066,0.03801,0.6006,0.9109,0.047
09/01/2001,ÓLEO DIESEL,NORDESTE,5318,R$/l,0.9023,0.03921,0.8,1,0.1057,0.0434556134323396,0.7966,0.03478,0.5956,0.96,0.044
09/01/2001,ÓLEO DIESEL,NORTE,1802,R$/l,0.9111,0.05143,0.77,1.28,0.1118,0.0564482493688947,0.7993,0.03571,0.6097,0.918,0.045
09/01/2001,ÓLEO DIESEL,SUDESTE,15161,R$/l,0.8426,0.03339,0.739,0.999,0.1043,0.0396273439354379,0.7383,0.03232,0.592,0.897,0.044
09/01/2001,ÓLEO DIESEL,SUL,4767,R$/l,0.8273,0.02203,0.729,0.969,0.102,0.0266287924573915,0.7253,0.01946,0.5963,0.8207,0.027
10/01/2001,ÓLEO DIESEL,CENTRO OESTE,2969,R$/l,0.9467,0.04563,0.793,1.08,0.1184,0.0481990070772156,0.8283,0.04548,0.5432,0.9496,0.055
10/01/2001,ÓLEO DIESEL,NORDESTE,6678,R$/l,0.9405,0.04612,0.73,1.07,0.1219,0.0490377458798511,0.8186,0.04163,0.5956,0.9818,0.051
10/01/2001,ÓLEO DIESEL,NORTE,2251,R$/l,0.9586,0.05217,0.79,1.39,0.1404,0.0544231170456916,0.8182,0.03777,0.6244,0.9731,0.046
10/01/2001,ÓLEO DIESEL,SUDESTE,19087,R$/l,0.8785,0.04051,0.739,0.999,0.1209,0.0461126920887877,0.7576,0.03764,0.595,0.939,0.05
10/01/2001,ÓLEO DIESEL,SUL,6311,R$/l,0.8689,0.02936,0.69,1.089,0.1236,0.0337898492346645,0.7453,0.02576,0.6266,0.8828,0.035
11/01/2001,ÓLEO DIESEL,CENTRO OESTE,2433,R$/l,0.9558,0.04146,0.8,1.09,0.1148,0.0433772755806654,0.841,0.0417,0.65,0.96,0.05
11/01/2001,ÓLEO DIESEL,NORDESTE,5396,R$/l,0.9497,0.04198,0.8,1.1,0.1171,0.0442034326629462,0.8326,0.03949,0.6199,1.0201,0.047
11/01/2001,ÓLEO DIESEL,NORTE,1834,R$/l,0.9707,0.04867,0.82,1.32,0.1356,0.0501390748944061,0.8351,0.03439,0.6457,0.9617,0.041
11/01/2001,ÓLEO DIESEL,SUDESTE,15847,R$/l,0.8878,0.03655,0.739,1.059,0.1205,0.0411691822482541,0.7673,0.03545,0.5929,0.9362,0.046
11/01/2001,ÓLEO DIESEL,SUL,5123,R$/l,0.879,0.02084,0.78,0.999,0.1209,0.0237087599544937,0.7581,0.02064,0.6669,0.8882,0.027
12/01/2001,ÓLEO DIESEL,CENTRO OESTE,2835,R$/l,0.9524,0.04146,0.79,1.08,0.1161,0.0435321293574128,0.8363,0.04215,0.6916,0.99,0.05
12/01/2001,ÓLEO DIESEL,NORDESTE,6108,R$/l,0.95,0.042,0.8,1.08,0.118,0.0442105263157895,0.832,0.03841,0.6339,0.97,0.046
12/01/2001,ÓLEO DIESEL,NORTE,1980,R$/l,0.9694,0.04793,0.819,1.32,0.1338,0.0494429544047865,0.8356,0.03309,0.6457,0.9548,0.04
12/01/2001,ÓLEO DIESEL,SUDESTE,17692,R$/l,0.8881,0.03618,0.777,1.04,0.1225,0.0407386555568067,0.7656,0.03545,0.49,0.93,0.046
12/01/2001,ÓLEO DIESEL,SUL,5511,R$/l,0.8789,0.02206,0.77,1,0.1207,0.0250995562635112,0.7582,0.02025,0.6189,0.89,0.027
01/01/2002,ÓLEO DIESEL,CENTRO OESTE,3433,R$/l,0.9242,0.04617,0.814,1.08,0.1208,0.0499567193248215,0.8034,0.04673,0.5494,0.9614,0.058
01/01/2002,ÓLEO DIESEL,NORDESTE,6063,R$/l,0.9131,0.04328,0.75,1.05,0.1318,0.047398970539919,0.7813,0.04039,0.5754,0.9357,0.052
01/01/2002,ÓLEO DIESEL,NORTE,2091,R$/l,0.9389,0.05421,0.7,1.32,0.1451,0.057737778251145,0.7938,0.04696,0.5677,0.9463,0.059
01/01/2002,ÓLEO DIESEL,SUDESTE,18921,R$/l,0.8688,0.03696,0.658,1.099,0.1343,0.0425414364640884,0.7345,0.03736,0.532,0.9014,0.051
01/01/2002,ÓLEO DIESEL,SUL,6136,R$/l,0.8578,0.02661,0.75,1.09,0.1322,0.0310212170669154,0.7256,0.02766,0.617,0.9506,0.038
02/01/2002,ÓLEO DIESEL,CENTRO OESTE,3020,R$/l,0.9178,0.04468,0.801,1.05,0.1161,0.0486816299847461,0.8017,0.04581,0.6115,0.9317,0.057
02/01/2002,ÓLEO DIESEL,NORDESTE,5461,R$/l,0.9026,0.04343,0.7,1.05,0.1328,0.0481165521825837,0.7698,0.03467,0.5803,0.927,0.045
02/01/2002,ÓLEO DIESEL,NORTE,1813,R$/l,0.9284,0.05562,0.74,1.32,0.1462,0.059909521757863,0.7822,0.03968,0.5782,0.9,0.051
02/01/2002,ÓLEO DIESEL,SUDESTE,16815,R$/l,0.8642,0.0369,0.72,1.029,0.1315,0.0426984494330016,0.7327,0.0371,0.6173,0.8998,0.051
02/01/2002,ÓLEO DIESEL,SUL,5264,R$/l,0.8588,0.02562,0.76,1.085,0.1316,0.029832324173265,0.7272,0.02351,0.6318,0.8865,0.032
03/01/2002,ÓLEO DIESEL,CENTRO OESTE,3086,R$/l,0.9309,0.04386,0.8,1.14,0.1167,0.047115694489204,0.8142,0.04523,0.6412,0.956,0.056
03/01/2002,ÓLEO DIESEL,NORDESTE,5434,R$/l,0.9089,0.04411,0.75,1.05,0.1343,0.0485311915502256,0.7746,0.03538,0.5819,0.9251,0.046
03/01/2002,ÓLEO DIESEL,NORTE,1820,R$/l,0.9324,0.0519,0.789,1.32,0.1418,0.0556628056628057,0.7906,0.04053,0.5782,0.922,0.051
03/01/2002,ÓLEO DIESEL,SUDESTE,16760,R$/l,0.8752,0.03886,0.749,1.028,0.1286,0.0444012797074954,0.7466,0.03723,0.557,0.909,0.05
03/01/2002,ÓLEO DIESEL,SUL,5392,R$/l,0.8755,0.02718,0.701,1.19,0.1324,0.0310451170759566,0.7431,0.02299,0.6212,0.863,0.031
04/01/2002,ÓLEO DIESEL,CENTRO OESTE,3861,R$/l,1.002,0.04904,0.86,1.16,0.1356,0.0489421157684631,0.8664,0.05035,0.6568,1.03,0.058
04/01/2002,ÓLEO DIESEL,NORDESTE,6673,R$/l,0.9723,0.05039,0.71,1.12,0.1454,0.0518255682402551,0.8269,0.04638,0.6336,1,0.056
04/01/2002,ÓLEO DIESEL,NORTE,2191,R$/l,1.0035,0.06043,0.849,1.39,0.159,0.0602192326856004,0.8445,0.05096,0.5782,0.9962,0.06
04/01/2002,ÓLEO DIESEL,SUDESTE,20727,R$/l,0.9444,0.04204,0.759,1.13,0.1453,0.0445150360016942,0.7991,0.0459,0.609,0.9977,0.057
04/01/2002,ÓLEO DIESEL,SUL,6539,R$/l,0.947,0.02853,0.82,1.094,0.1514,0.0301267159450898,0.7956,0.03152,0.6212,0.9465,0.04
05/01/2002,ÓLEO DIESEL,CENTRO OESTE,3778,R$/l,1.0227,0.04909,0.856,1.21,0.127,0.048000391121541,0.8957,0.04663,0.7129,1.0428,0.052
05/01/2002,ÓLEO DIESEL,NORDESTE,7277,R$/l,0.9874,0.05051,0.82,1.17,0.1328,0.0511545472959287,0.8546,0.04378,0.6285,1.0048,0.051
05/01/2002,ÓLEO DIESEL,NORTE,2315,R$/l,1.0281,0.059,0.85,1.39,0.1513,0.0573874136757125,0.8768,0.04568,0.6787,1.04,0.052
05/01/2002,ÓLEO DIESEL,SUDESTE,21365,R$/l,0.9621,0.04103,0.799,1.149,0.1388,0.0426462945639746,0.8233,0.04141,0.6652,0.999,0.05
05/01/2002,ÓLEO DIESEL,SUL,7029,R$/l,0.9657,0.03,0.83,1.099,0.1446,0.0310655483069276,0.8211,0.03024,0.6721,0.974,0.037
06/01/2002,ÓLEO DIESEL,CENTRO OESTE,3079,R$/l,1.0321,0.04821,0.893,1.21,0.1251,0.0467105900591028,0.907,0.04461,0.74,1.0493,0.049
06/01/2002,ÓLEO DIESEL,NORDESTE,5600,R$/l,0.9972,0.05162,0.82,1.17,0.1263,0.051764941837144,0.8709,0.04216,0.7428,1.0055,0.048
06/01/2002,ÓLEO DIESEL,NORTE,1799,R$/l,1.0414,0.05783,0.85,1.39,0.1474,0.0555310159400807,0.894,0.03996,0.7454,1.0085,0.045
06/01/2002,ÓLEO DIESEL,SUDESTE,16859,R$/l,0.9738,0.03924,0.81,1.149,0.137,0.0402957486136784,0.8368,0.03726,0.503,1.0225,0.045
06/01/2002,ÓLEO DIESEL,SUL,5447,R$/l,0.9797,0.02562,0.869,1.098,0.1396,0.0261508625089313,0.8401,0.02387,0.6275,0.9667,0.028
07/01/2002,ÓLEO DIESEL,CENTRO OESTE,4568,R$/l,1.1123,0.06033,0.93,1.3,0.1514,0.0542389643081902,0.9609,0.05607,0.6401,1.1191,0.058
07/01/2002,ÓLEO DIESEL,NORDESTE,8292,R$/l,1.0715,0.06129,0.84,1.27,0.149,0.0572001866542231,0.9225,0.05591,0.7248,1.1064,0.061
07/01/2002,ÓLEO DIESEL,NORTE,2660,R$/l,1.1141,0.06909,0.903,1.39,0.1704,0.0620141818508213,0.9437,0.05306,0.7204,1.12,0.056
07/01/2002,ÓLEO DIESEL,SUDESTE,24929,R$/l,1.0467,0.0495,0.82,1.29,0.1546,0.0472914875322442,0.8921,0.04897,0.6269,1.05,0.055
07/01/2002,ÓLEO DIESEL,SUL,8184,R$/l,1.064,0.03433,0.89,1.19,0.1584,0.032265037593985,0.9056,0.04459,0.6204,1.1,0.049
08/01/2002,ÓLEO DIESEL,CENTRO OESTE,3713,R$/l,1.1198,0.05287,0.989,1.3,0.1364,0.0472137881764601,0.9834,0.04699,0.855,1.1343,0.048
08/01/2002,ÓLEO DIESEL,NORDESTE,6623,R$/l,1.0758,0.05813,0.91,1.25,0.1347,0.0540342071016918,0.9411,0.0483,0.75,1.0895,0.051
08/01/2002,ÓLEO DIESEL,NORTE,2068,R$/l,1.1247,0.062,0.92,1.4,0.1591,0.0551258113274651,0.9656,0.04623,0.7377,1.1,0.048
08/01/2002,ÓLEO DIESEL,SUDESTE,20635,R$/l,1.0511,0.04369,0.718,1.224,0.1413,0.0415659784987156,0.9098,0.03542,0.6299,1.0606,0.039
08/01/2002,ÓLEO DIESEL,SUL,6471,R$/l,1.0674,0.02945,0.94,1.19,0.1435,0.0275904065954656,0.9239,0.02599,0.6204,1.0354,0.028
09/01/2002,ÓLEO DIESEL,CENTRO OESTE,3091,R$/l,1.116,0.05441,0.95,1.3,0.1336,0.0487544802867383,0.9824,0.04741,0.798,1.1343,0.048
09/01/2002,ÓLEO DIESEL,NORDESTE,5501,R$/l,1.072,0.05968,0.899,1.23,0.1302,0.0556716417910448,0.9418,0.04639,0.7184,1.086,0.049
09/01/2002,ÓLEO DIESEL,NORTE,1715,R$/l,1.1234,0.0597,0.95,1.39,0.1568,0.0531422467509347,0.9666,0.04389,0.717,1.0989,0.045
09/01/2002,ÓLEO DIESEL,SUDESTE,18075,R$/l,1.0504,0.0428,0.899,1.21,0.1416,0.0407463823305407,0.9088,0.03345,0.7252,1.0725,0.037
09/01/2002,ÓLEO DIESEL,SUL,5392,R$/l,1.0674,0.03005,0.94,1.2,0.1409,0.0281525201424021,0.9265,0.02455,0.6035,1.02,0.026
10/01/2002,ÓLEO DIESEL,CENTRO OESTE,3256,R$/l,1.1203,0.05504,1,1.3,0.1342,0.0491296974024815,0.9861,0.04665,0.6973,1.1343,0.047
10/01/2002,ÓLEO DIESEL,NORDESTE,5916,R$/l,1.072,0.05852,0.939,1.252,0.1303,0.054589552238806,0.9417,0.04668,0.7012,1.0942,0.05
10/01/2002,ÓLEO DIESEL,NORTE,1820,R$/l,1.1229,0.05971,0.95,1.39,0.1554,0.0531748152106154,0.9675,0.03773,0.7694,1.0832,0.039
10/01/2002,ÓLEO DIESEL,SUDESTE,18256,R$/l,1.0506,0.04217,0.88,1.2,0.1422,0.0401389682086427,0.9084,0.03357,0.665,1.0329,0.037
10/01/2002,ÓLEO DIESEL,SUL,5814,R$/l,1.0708,0.03074,0.94,1.25,0.1384,0.0287075084049309,0.9324,0.02316,0.748,1.015,0.025
11/01/2002,ÓLEO DIESEL,CENTRO OESTE,2806,R$/l,1.3125,0.07718,1.05,1.6,0.2041,0.0588038095238095,1.1084,0.08629,0.889,1.3793,0.078
11/01/2002,ÓLEO DIESEL,NORDESTE,5060,R$/l,1.2635,0.07326,0.989,1.49,0.2002,0.0579817965967551,1.0633,0.1002,0.651,1.3618,0.094
11/01/2002,ÓLEO DIESEL,NORTE,1555,R$/l,1.3205,0.08775,1.023,1.69,0.2378,0.0664521014767134,1.0827,0.09307,0.7914,1.3473,0.086
11/01/2002,ÓLEO DIESEL,SUDESTE,16098,R$/l,1.2444,0.05789,0.9,1.49,0.2132,0.0465204114432658,1.0312,0.09373,0.7395,1.3657,0.091
11/01/2002,ÓLEO DIESEL,SUL,4950,R$/l,1.2805,0.04996,1.03,1.469,0.2058,0.0390160093713393,1.0747,0.09102,0.8418,1.25,0.085
12/01/2002,ÓLEO DIESEL,CENTRO OESTE,3451,R$/l,1.4341,0.09775,1.2,1.85,0.1965,0.0681612160937173,1.2376,0.06794,0.9183,1.4954,0.055
12/01/2002,ÓLEO DIESEL,NORDESTE,6192,R$/l,1.3851,0.09231,1.138,1.79,0.1867,0.0666450075806801,1.1984,0.08406,0.8233,1.4652,0.07
12/01/2002,ÓLEO DIESEL,NORTE,1952,R$/l,1.4493,0.10882,1.15,1.94,0.2332,0.0750845235630994,1.2161,0.08152,0.8821,1.49,0.067
12/01/2002,ÓLEO DIESEL,SUDESTE,19803,R$/l,1.3725,0.07981,0.999,1.779,0.2069,0.0581493624772313,1.1656,0.06928,0.8188,1.4188,0.059
12/01/2002,ÓLEO DIESEL,SUL,6141,R$/l,1.4193,0.08236,1.159,1.769,0.2166,0.0580286056506729,1.2027,0.06545,0.8981,1.4509,0.054
01/01/2003,ÓLEO DIESEL,CENTRO OESTE,2778,R$/l,1.5778,0.08083,1.38,1.85,0.2017,0.0512295601470402,1.3761,0.0768,1.09,1.6334,0.056
01/01/2003,ÓLEO DIESEL,NORDESTE,5155,R$/l,1.543,0.09841,1.26,1.89,0.1857,0.0637783538561244,1.3573,0.10687,0.8754,1.587,0.079
01/01/2003,ÓLEO DIESEL,NORTE,1559,R$/l,1.5857,0.09709,1.29,1.94,0.2321,0.0612284795358517,1.3536,0.08475,0.9475,1.5535,0.063
01/01/2003,ÓLEO DIESEL,SUDESTE,16233,R$/l,1.501,0.05899,1.2,1.799,0.2028,0.0393004663557628,1.2982,0.07225,0.879,1.493,0.056
01/01/2003,ÓLEO DIESEL,SUL,5041,R$/l,1.5502,0.05644,1.32,1.74,0.2092,0.0364082053928525,1.341,0.06959,0.8984,1.5646,0.052
02/01/2003,ÓLEO DIESEL,CENTRO OESTE,2764,R$/l,1.6109,0.06985,1.45,1.86,0.1899,0.0433608541808927,1.421,0.05553,1.2003,1.5884,0.039
02/01/2003,ÓLEO DIESEL,NORDESTE,5011,R$/l,1.5493,0.09035,1.34,1.79,0.1625,0.0583166591363842,1.3868,0.08444,0.913,1.5964,0.061
02/01/2003,ÓLEO DIESEL,NORTE,1539,R$/l,1.6127,0.09897,1.36,1.94,0.2131,0.0613691325106963,1.3996,0.06063,1.0686,1.5815,0.043
02/01/2003,ÓLEO DIESEL,SUDESTE,16057,R$/l,1.512,0.05961,1.32,1.799,0.185,0.0394246031746032,1.327,0.04734,0.885,1.5577,0.036
02/01/2003,ÓLEO DIESEL,SUL,4969,R$/l,1.5536,0.05645,1.37,1.79,0.1884,0.0363349639546859,1.3652,0.0424,0.95,1.5706,0.031
03/01/2003,ÓLEO DIESEL,CENTRO OESTE,3104,R$/l,1.6128,0.06863,1.45,1.89,0.1789,0.0425533234126984,1.4339,0.05416,1.1612,1.6514,0.038
03/01/2003,ÓLEO DIESEL,NORDESTE,5353,R$/l,1.539,0.08813,1.346,1.79,0.1565,0.057264457439896,1.3825,0.06846,1.045,1.5849,0.05
03/01/2003,ÓLEO DIESEL,NORTE,1668,R$/l,1.6123,0.09711,1.38,1.94,0.2044,0.0602307262916331,1.4079,0.05397,1.1242,1.5765,0.038
03/01/2003,ÓLEO DIESEL,SUDESTE,17507,R$/l,1.5101,0.05942,1.299,1.8,0.1808,0.039348387524005,1.3293,0.04181,1.055,1.631,0.031
03/01/2003,ÓLEO DIESEL,SUL,5366,R$/l,1.5522,0.05857,1.37,1.75,0.185,0.0377335394923335,1.3672,0.03537,1.2347,1.5573,0.026
04/01/2003,ÓLEO DIESEL,CENTRO OESTE,3110,R$/l,1.6078,0.07166,1.45,1.86,0.1759,0.0445702201766389,1.4319,0.05276,1.23,1.59,0.037
04/01/2003,ÓLEO DIESEL,NORDESTE,5950,R$/l,1.5256,0.08896,1.33,1.79,0.151,0.0583114840062926,1.3746,0.06747,1.045,1.5857,0.049
04/01/2003,ÓLEO DIESEL,NORTE,1779,R$/l,1.6087,0.09973,1.36,1.94,0.2005,0.0619941567725493,1.4082,0.05736,1.0705,1.575,0.041
04/01/2003,ÓLEO DIESEL,SUDESTE,18654,R$/l,1.5051,0.06097,1.25,1.8,0.1779,0.0405089362833034,1.3272,0.04111,1.042,1.531,0.031
04/01/2003,ÓLEO DIESEL,SUL,5834,R$/l,1.5446,0.0621,1.35,1.75,0.183,0.0402045837109931,1.3616,0.03561,1.2178,1.5165,0.026
05/01/2003,ÓLEO DIESEL,CENTRO OESTE,2743,R$/l,1.5404,0.06999,1.38,1.77,0.1801,0.045436250324591,1.3603,0.06351,1.14,1.573,0.047
05/01/2003,ÓLEO DIESEL,NORDESTE,4981,R$/l,1.4507,0.07979,1.23,1.78,0.1595,0.0550010339835941,1.2912,0.06901,0.9833,1.652,0.053
05/01/2003,ÓLEO DIESEL,NORTE,1533,R$/l,1.5386,0.09043,1.29,1.9,0.2006,0.0587742103210711,1.338,0.06129,1.031,1.5385,0.046
05/01/2003,ÓLEO DIESEL,SUDESTE,16206,R$/l,1.4353,0.06422,1.239,1.739,0.1816,0.0447432592489375,1.2537,0.05125,0.9882,1.5468,0.041
05/01/2003,ÓLEO DIESEL,SUL,4980,R$/l,1.4538,0.06016,1.269,1.74,0.1889,0.0413812078690329,1.2649,0.04576,1.155,1.5165,0.036
06/01/2003,ÓLEO DIESEL,CENTRO OESTE,3022,R$/l,1.5067,0.07435,1.35,1.76,0.1708,0.0493462534014734,1.3359,0.05733,1.1183,1.573,0.043
06/01/2003,ÓLEO DIESEL,NORDESTE,5527,R$/l,1.4193,0.07707,1.23,1.69,0.1551,0.0543014161910801,1.2642,0.05698,0.9049,1.5658,0.045
06/01/2003,ÓLEO DIESEL,NORTE,1746,R$/l,1.5252,0.08871,1.32,1.98,0.2102,0.0581628638867034,1.315,0.05198,1.0411,1.5051,0.04
06/01/2003,ÓLEO DIESEL,SUDESTE,18022,R$/l,1.4085,0.06154,1.039,1.699,0.1768,0.0436918707845225,1.2317,0.04216,1.0364,1.4778,0.034
06/01/2003,ÓLEO DIESEL,SUL,5525,R$/l,1.4308,0.05967,1.199,1.71,0.185,0.0417039418507129,1.2458,0.03014,1.0139,1.4654,0.024
07/01/2003,ÓLEO DIESEL,CENTRO OESTE,3192,R$/l,1.4945,0.07233,1.32,1.75,0.1682,0.0483974573435932,1.3263,0.05484,1.0598,1.5409,0.041
07/01/2003,ÓLEO DIESEL,NORDESTE,5793,R$/l,1.406,0.07961,1.19,1.69,0.1482,0.0566216216216216,1.2578,0.0583,0.9458,1.4426,0.046
07/01/2003,ÓLEO DIESEL,NORTE,1783,R$/l,1.5091,0.09384,1.29,1.98,0.2073,0.0621827579351932,1.3018,0.04722,1.0341,1.4745,0.036
07/01/2003,ÓLEO DIESEL,SUDESTE,18598,R$/l,1.3974,0.06084,1.149,1.699,0.1722,0.0435379991412623,1.2252,0.03934,0.9482,1.4737,0.032
07/01/2003,ÓLEO DIESEL,SUL,5725,R$/l,1.4112,0.05842,1.25,1.62,0.1753,0.0413973922902494,1.2359,0.02943,1.0028,1.47,0.024
08/01/2003,ÓLEO DIESEL,CENTRO OESTE,2718,R$/l,1.49,0.07072,1.32,1.74,0.1712,0.0474630872483222,1.3188,0.05455,1.0639,1.5059,0.041
08/01/2003,ÓLEO DIESEL,NORDESTE,4891,R$/l,1.3939,0.08232,1.229,1.69,0.1453,0.0590573211851639,1.2486,0.05862,0.949,1.4325,0.047
08/01/2003,ÓLEO DIESEL,NORTE,1540,R$/l,1.5021,0.09157,1.29,1.9,0.2043,0.0609613208175221,1.2978,0.04595,1.1154,1.4502,0.035
08/01/2003,ÓLEO DIESEL,SUDESTE,16033,R$/l,1.3905,0.06031,1.239,1.699,0.1707,0.0433728874505574,1.2198,0.0382,1.0232,1.4867,0.031
08/01/2003,ÓLEO DIESEL,SUL,4876,R$/l,1.4046,0.05703,1.2,1.69,0.1769,0.0406023067065357,1.2277,0.02806,1.0139,1.3868,0.023
09/01/2003,ÓLEO DIESEL,CENTRO OESTE,3308,R$/l,1.4842,0.07083,1.33,1.74,0.1657,0.0477226788842474,1.3185,0.05384,1.2168,1.5059,0.041
09/01/2003,ÓLEO DIESEL,NORDESTE,5854,R$/l,1.3887,0.08361,1.148,1.69,0.1494,0.0602073882047959,1.2393,0.0597,0.9313,1.4253,0.048
09/01/2003,ÓLEO DIESEL,NORTE,1882,R$/l,1.5007,0.09273,1.29,1.9,0.2065,0.0617911641234091,1.2942,0.04538,1.1035,1.547,0.035
09/01/2003,ÓLEO DIESEL,SUDESTE,19449,R$/l,1.38,0.05812,1.239,1.699,0.1709,0.0421159420289855,1.2091,0.0304,1.0202,1.5946,0.025
09/01/2003,ÓLEO DIESEL,SUL,5918,R$/l,1.4026,0.05672,1.22,1.59,0.183,0.0404391843718808,1.2196,0.02935,0.98,1.36,0.024
10/01/2003,ÓLEO DIESEL,CENTRO OESTE,2802,R$/l,1.4802,0.0726,1.25,1.74,0.161,0.0490474260235103,1.3192,0.05574,1.15,1.49,0.042
10/01/2003,ÓLEO DIESEL,NORDESTE,5183,R$/l,1.3808,0.08648,1.178,1.69,0.1538,0.062630359212051,1.227,0.06459,1.0743,1.4253,0.053
10/01/2003,ÓLEO DIESEL,NORTE,1578,R$/l,1.495,0.09325,1.29,1.9,0.2045,0.0623745819397993,1.2905,0.04659,1.1016,1.547,0.036
10/01/2003,ÓLEO DIESEL,SUDESTE,16842,R$/l,1.3764,0.05789,1.2,1.699,0.1681,0.0420589944783493,1.2083,0.029,1.1,1.4737,0.024
10/01/2003,ÓLEO DIESEL,SUL,5058,R$/l,1.3956,0.05762,1.21,1.56,0.1812,0.041286901691029,1.2144,0.02844,0.98,1.396,0.023
11/01/2003,ÓLEO DIESEL,CENTRO OESTE,2713,R$/l,1.4737,0.07693,1.25,1.74,0.1571,0.0522019406934926,1.3166,0.05726,1.1926,1.4997,0.043
11/01/2003,ÓLEO DIESEL,NORDESTE,4881,R$/l,1.3758,0.08576,1.09,1.69,0.1487,0.0623346416630324,1.2271,0.06219,1.0709,1.6856,0.051
11/01/2003,ÓLEO DIESEL,NORTE,1534,R$/l,1.4925,0.09545,1.29,1.9,0.1993,0.0639530988274707,1.2932,0.04829,1.1194,1.5516,0.037
11/01/2003,ÓLEO DIESEL,SUDESTE,16123,R$/l,1.3727,0.0583,1.21,1.93,0.1659,0.0424710424710425,1.2068,0.0285,1.0116,1.4766,0.024
11/01/2003,ÓLEO DIESEL,SUL,4858,R$/l,1.3915,0.05796,1.23,1.57,0.179,0.0416528925619835,1.2125,0.02737,0.98,1.4734,0.023
12/01/2003,ÓLEO DIESEL,CENTRO OESTE,3381,R$/l,1.4743,0.07709,1.31,1.74,0.169,0.0522892220036628,1.3053,0.05889,1.1641,1.49,0.045
12/01/2003,ÓLEO DIESEL,NORDESTE,6082,R$/l,1.3773,0.08299,1.19,1.69,0.1476,0.0602555724969143,1.2297,0.06394,0.9734,1.4502,0.052
12/01/2003,ÓLEO DIESEL,NORTE,1894,R$/l,1.4911,0.09627,1.29,1.9,0.203,0.0645630742404936,1.2881,0.04381,1.1959,1.4541,0.034
12/01/2003,ÓLEO DIESEL,SUDESTE,20058,R$/l,1.3697,0.05784,1.2,1.699,0.1645,0.0422282251587939,1.2052,0.02572,1.1182,1.3846,0.021
12/01/2003,ÓLEO DIESEL,SUL,6059,R$/l,1.3915,0.05494,1.23,1.649,0.1776,0.0394825727632052,1.2139,0.02835,0.98,1.4092,0.023
01/01/2004,ÓLEO DIESEL,CENTRO OESTE,2712,R$/l,1.4746,0.07512,1.3,1.74,0.1666,0.0509426285094263,1.308,0.05912,1.1355,1.495,0.045
01/01/2004,ÓLEO DIESEL,NORDESTE,4843,R$/l,1.3794,0.08351,1.219,1.69,0.1476,0.060540814847035,1.2318,0.06172,1.1269,1.447,0.05
01/01/2004,ÓLEO DIESEL,NORTE,1508,R$/l,1.4889,0.09663,1.29,1.9,0.1972,0.0649002619383438,1.2917,0.04661,1.1818,1.4541,0.036
01/01/2004,ÓLEO DIESEL,SUDESTE,16043,R$/l,1.3722,0.05781,1.21,1.699,0.1638,0.0421294271972016,1.2084,0.02874,1.059,1.387,0.024
01/01/2004,ÓLEO DIESEL,SUL,4822,R$/l,1.3997,0.05054,1.23,1.649,0.1739,0.0361077373722941,1.2258,0.02969,1,1.388,0.024
02/01/2004,ÓLEO DIESEL,CENTRO OESTE,2721,R$/l,1.4722,0.07579,1.3,1.74,0.1661,0.0514807770683331,1.3061,0.0611,1.033,1.495,0.047
02/01/2004,ÓLEO DIESEL,NORDESTE,4849,R$/l,1.3795,0.08479,1.21,1.69,0.1466,0.0614642986589344,1.2329,0.06369,1.1301,1.447,0.052
02/01/2004,ÓLEO DIESEL,NORTE,1510,R$/l,1.4895,0.09533,1.29,1.9,0.1917,0.0640013427324606,1.2978,0.05007,1.1712,1.4749,0.039
02/01/2004,ÓLEO DIESEL,SUDESTE,16002,R$/l,1.3712,0.05753,1.229,1.699,0.1621,0.041955950991832,1.2091,0.02917,1.05,1.4486,0.024
02/01/2004,ÓLEO DIESEL,SUL,4833,R$/l,1.3991,0.04961,1.239,1.63,0.1722,0.0354585090415267,1.2269,0.02987,1.001,1.4,0.024
03/01/2004,ÓLEO DIESEL,CENTRO OESTE,3375,R$/l,1.4667,0.07651,1.28,1.74,0.1615,0.0521647235290107,1.3052,0.05978,1.1656,1.4963,0.046
03/01/2004,ÓLEO DIESEL,NORDESTE,6039,R$/l,1.379,0.08404,1.199,1.69,0.148,0.0609427121102248,1.231,0.06348,1.0284,1.447,0.052
03/01/2004,ÓLEO DIESEL,NORTE,1896,R$/l,1.4865,0.09619,1.29,1.9,0.1857,0.0647090480995627,1.3008,0.05558,1.2,1.4892,0.043
03/01/2004,ÓLEO DIESEL,SUDESTE,19956,R$/l,1.3684,0.05738,1.229,1.699,0.1605,0.041932183572055,1.2079,0.02889,1.0884,1.485,0.024
03/01/2004,ÓLEO DIESEL,SUL,6069,R$/l,1.3958,0.04962,1.239,1.56,0.1705,0.0355495056598367,1.2253,0.02955,1.001,1.42,0.024
04/01/2004,ÓLEO DIESEL,CENTRO OESTE,2675,R$/l,1.4652,0.07576,1.31,1.72,0.1577,0.0517062517062517,1.3075,0.0613,1.172,1.4946,0.047
04/01/2004,ÓLEO DIESEL,NORDESTE,4854,R$/l,1.3757,0.08377,1.199,1.69,0.1429,0.0608926364759759,1.2328,0.06676,1.1317,1.5006,0.054
04/01/2004,ÓLEO DIESEL,NORTE,1520,R$/l,1.4848,0.09118,1.29,1.9,0.1848,0.0614089439655172,1.3,0.05535,1.1904,1.4814,0.043
04/01/2004,ÓLEO DIESEL,SUDESTE,16041,R$/l,1.3657,0.05693,1.134,1.69,0.1577,0.0416855824851724,1.208,0.02882,1.116,1.3975,0.024
04/01/2004,ÓLEO DIESEL,SUL,4840,R$/l,1.3927,0.04922,1.239,1.59,0.1709,0.0353414231349178,1.2218,0.02885,1.001,1.3136,0.024
05/01/2004,ÓLEO DIESEL,CENTRO OESTE,3009,R$/l,1.505,0.085,1.3,1.79,0.181,0.0564784053156146,1.324,0.066,1.198,1.549,0.05
05/01/2004,ÓLEO DIESEL,NORDESTE,6245,R$/l,1.368,0.089,1.18,1.69,0.139,0.0650584795321637,1.229,0.061,1.116,1.4314,0.05
05/01/2004,ÓLEO DIESEL,NORTE,2213,R$/l,1.548,0.095,1.19,1.9,0.23,0.0613695090439277,1.318,0.054,1.19,1.4811,0.041
05/01/2004,ÓLEO DIESEL,SUDESTE,19141,R$/l,1.38,0.059,1.199,1.699,0.163,0.0427536231884058,1.217,0.029,1.117,1.44,0.024
05/01/2004,ÓLEO DIESEL,SUL,6118,R$/l,1.397,0.051,1.219,1.6,0.171,0.0365068002863278,1.226,0.029,1.0029,1.4207,0.024
06/01/2004,ÓLEO DIESEL,CENTRO OESTE,3697,R$/l,1.553,0.102,1.27,1.99,0.198,0.0656793303283967,1.355,0.078,1.2,1.59,0.058
06/01/2004,ÓLEO DIESEL,NORDESTE,8445,R$/l,1.419,0.103,1.188,1.8,0.156,0.0725863284002819,1.263,0.076,1.102,1.546,0.06
06/01/2004,ÓLEO DIESEL,NORTE,2854,R$/l,1.602,0.11,1.19,1.93,0.255,0.0686641697877653,1.347,0.067,1.2038,1.5699,0.05
06/01/2004,ÓLEO DIESEL,SUDESTE,24709,R$/l,1.43,0.079,1.15,1.899,0.178,0.0552447552447553,1.252,0.055,0.73067,1.4765,0.044
06/01/2004,ÓLEO DIESEL,SUL,8235,R$/l,1.466,0.082,1.239,1.74,0.186,0.0559345156889495,1.28,0.063,1.0029,1.5214,0.049
07/01/2004,ÓLEO DIESEL,CENTRO OESTE,3354,R$/l,1.605,0.099,1.37,1.92,0.187,0.0616822429906542,1.418,0.071,1.2422,1.6503,0.05
07/01/2004,ÓLEO DIESEL,NORDESTE,7344,R$/l,1.472,0.088,1.3,1.8,0.151,0.0597826086956522,1.321,0.068,1.15,1.5638,0.051
07/01/2004,ÓLEO DIESEL,NORTE,2517,R$/l,1.658,0.107,1.3,2.05,0.258,0.0645355850422195,1.4,0.057,1.1309,1.5779,0.041
07/01/2004,ÓLEO DIESEL,SUDESTE,22045,R$/l,1.48,0.058,1.288,1.899,0.174,0.0391891891891892,1.306,0.037,1.13371,1.5888,0.028
07/01/2004,ÓLEO DIESEL,SUL,7210,R$/l,1.521,0.06,1.32,1.74,0.177,0.0394477317554241,1.344,0.037,1.1664,1.5214,0.028
08/01/2004,ÓLEO DIESEL,CENTRO OESTE,4115,R$/l,1.613,0.097,1.39,1.92,0.188,0.060136391816491,1.425,0.071,1.295,1.651,0.05
08/01/2004,ÓLEO DIESEL,NORDESTE,8838,R$/l,1.461,0.07,1.299,1.76,0.146,0.0479123887748118,1.315,0.046,1.1829,1.546,0.035
08/01/2004,ÓLEO DIESEL,NORTE,3005,R$/l,1.663,0.11,1.3,2.05,0.255,0.0661455201443175,1.408,0.057,1.1309,1.5958,0.04
08/01/2004,ÓLEO DIESEL,SUDESTE,26694,R$/l,1.481,0.057,1.29,1.899,0.169,0.0384875084402431,1.312,0.032,1.0733,1.5483,0.024
08/01/2004,ÓLEO DIESEL,SUL,8714,R$/l,1.522,0.06,1.335,1.74,0.176,0.0394218134034166,1.346,0.032,1.105,1.499,0.024
09/01/2004,ÓLEO DIESEL,CENTRO OESTE,3387,R$/l,1.615,0.099,1.4,1.92,0.185,0.0613003095975232,1.43,0.072,1.3006,1.6569,0.05
09/01/2004,ÓLEO DIESEL,NORDESTE,7731,R$/l,1.458,0.06,1.309,1.76,0.146,0.0411522633744856,1.312,0.032,1.218,1.4885,0.024
09/01/2004,ÓLEO DIESEL,NORTE,2653,R$/l,1.667,0.11,1.35,2.05,0.255,0.0659868026394721,1.412,0.057,1.25,1.5982,0.04
09/01/2004,ÓLEO DIESEL,SUDESTE,22733,R$/l,1.482,0.058,1.29,1.899,0.168,0.039136302294197,1.314,0.032,1.129,1.5504,0.024
09/01/2004,ÓLEO DIESEL,SUL,7338,R$/l,1.52,0.06,1.349,1.74,0.175,0.0394736842105263,1.345,0.033,1.212,1.5277,0.025
10/01/2004,ÓLEO DIESEL,CENTRO OESTE,3303,R$/l,1.65,0.107,1.39,1.99,0.199,0.0648484848484849,1.451,0.076,1.2709,1.703,0.052
10/01/2004,ÓLEO DIESEL,NORDESTE,7396,R$/l,1.485,0.067,1.309,1.799,0.158,0.0451178451178451,1.327,0.039,1.2314,1.506,0.029
10/01/2004,ÓLEO DIESEL,NORTE,2535,R$/l,1.694,0.113,1.35,2.15,0.266,0.0667060212514758,1.428,0.055,1.2756,1.6273,0.039
10/01/2004,ÓLEO DIESEL,SUDESTE,21872,R$/l,1.513,0.067,1.29,1.821,0.183,0.0442828816920027,1.33,0.043,1.2,1.5783,0.032
10/01/2004,ÓLEO DIESEL,SUL,7108,R$/l,1.557,0.076,1.35,1.85,0.19,0.0488118175979448,1.367,0.049,1.212,1.5437,0.036
11/01/2004,ÓLEO DIESEL,CENTRO OESTE,3970,R$/l,1.722,0.109,1.45,2.15,0.196,0.0632984901277584,1.526,0.076,1.3031,1.836,0.05
11/01/2004,ÓLEO DIESEL,NORDESTE,8513,R$/l,1.524,0.075,1.339,1.88,0.164,0.0492125984251968,1.36,0.045,1.2467,1.5929,0.033
11/01/2004,ÓLEO DIESEL,NORTE,3053,R$/l,1.664,0.107,1.44,2.15,0.23,0.0643028846153846,1.434,0.053,1.309,1.7166,0.037
11/01/2004,ÓLEO DIESEL,SUDESTE,26328,R$/l,1.553,0.073,1.37,1.92,0.183,0.047005795235029,1.37,0.045,1.222,1.6562,0.033
11/01/2004,ÓLEO DIESEL,SUL,8320,R$/l,1.61,0.082,1.399,1.99,0.195,0.0509316770186335,1.415,0.052,1.2551,1.6908,0.037
12/01/2004,ÓLEO DIESEL,CENTRO OESTE,3424,R$/l,1.83,0.095,1.52,2.13,0.207,0.0519125683060109,1.623,0.075,1.3571,1.876,0.046
12/01/2004,ÓLEO DIESEL,NORDESTE,8000,R$/l,1.636,0.063,1.45,1.98,0.178,0.0385085574572127,1.458,0.053,1.2735,1.642,0.036
12/01/2004,ÓLEO DIESEL,NORTE,2621,R$/l,1.762,0.111,1.49,2.15,0.24,0.0629965947786606,1.522,0.074,1.3201,1.7993,0.049
12/01/2004,ÓLEO DIESEL,SUDESTE,22512,R$/l,1.647,0.062,1.429,1.975,0.194,0.0376442015786278,1.453,0.048,1.222,1.6994,0.033
12/01/2004,ÓLEO DIESEL,SUL,7607,R$/l,1.709,0.074,1.45,2,0.207,0.0433001755412522,1.502,0.055,1.2903,1.6999,0.037
01/01/2005,ÓLEO DIESEL,CENTRO OESTE,3839,R$/l,1.817,0.106,1.549,2.13,0.206,0.0583379196477711,1.611,0.085,1.3524,1.857,0.053
01/01/2005,ÓLEO DIESEL,NORDESTE,8530,R$/l,1.637,0.062,1.49,1.899,0.162,0.0378741600488699,1.475,0.037,1.3,1.643,0.025
01/01/2005,ÓLEO DIESEL,NORTE,2972,R$/l,1.759,0.108,1.49,2.37,0.224,0.061398521887436,1.535,0.07,1.37,1.8215,0.046
01/01/2005,ÓLEO DIESEL,SUDESTE,25804,R$/l,1.647,0.061,1.46,1.976,0.182,0.037037037037037,1.465,0.038,1.21978,1.69,0.026
01/01/2005,ÓLEO DIESEL,SUL,8119,R$/l,1.707,0.073,1.5,1.99,0.199,0.0427650849443468,1.508,0.041,1.308,1.694,0.027
02/01/2005,ÓLEO DIESEL,CENTRO OESTE,3072,R$/l,1.806,0.112,1.54,2.139,0.202,0.062015503875969,1.604,0.095,1.403,1.827,0.059
02/01/2005,ÓLEO DIESEL,NORDESTE,7195,R$/l,1.634,0.061,1.49,1.899,0.159,0.0373317013463892,1.475,0.035,1.346,1.62,0.024
02/01/2005,ÓLEO DIESEL,NORTE,2353,R$/l,1.757,0.113,1.49,2.37,0.219,0.064314171883893,1.538,0.071,1.3988,1.8225,0.046
02/01/2005,ÓLEO DIESEL,SUDESTE,20271,R$/l,1.647,0.061,1.399,1.976,0.181,0.037037037037037,1.466,0.037,1.187,1.689,0.025
02/01/2005,ÓLEO DIESEL,SUL,6512,R$/l,1.704,0.074,1.5,1.99,0.2,0.0434272300469484,1.504,0.039,1.365,1.758,0.026
03/01/2005,ÓLEO DIESEL,CENTRO OESTE,3764,R$/l,1.802,0.113,1.55,2.13,0.197,0.062708102108768,1.605,0.097,1.3699,1.886,0.06
03/01/2005,ÓLEO DIESEL,NORDESTE,8419,R$/l,1.63,0.063,1.42,1.899,0.158,0.0386503067484663,1.472,0.034,1.346,1.6087,0.023
03/01/2005,ÓLEO DIESEL,NORTE,2844,R$/l,1.744,0.121,1.46,2.37,0.222,0.0693807339449541,1.522,0.08,1.388,1.8292,0.053
03/01/2005,ÓLEO DIESEL,SUDESTE,24589,R$/l,1.646,0.061,1.129,1.929,0.182,0.0370595382746051,1.464,0.036,1.222,1.689,0.025
03/01/2005,ÓLEO DIESEL,SUL,8129,R$/l,1.701,0.073,1.479,1.949,0.2,0.0429159318048207,1.501,0.038,1.3681,1.694,0.025
04/01/2005,ÓLEO DIESEL,CENTRO OESTE,3265,R$/l,1.798,0.113,1.52,2.2,0.196,0.0628476084538376,1.602,0.098,1.4262,1.886,0.061
04/01/2005,ÓLEO DIESEL,NORDESTE,7398,R$/l,1.627,0.064,1.489,1.899,0.156,0.0393362015980332,1.471,0.034,1.3913,1.6257,0.023
04/01/2005,ÓLEO DIESEL,NORTE,2493,R$/l,1.739,0.119,1.49,2.35,0.223,0.0684301322599195,1.516,0.08,1.38,1.8249,0.053
04/01/2005,ÓLEO DIESEL,SUDESTE,21701,R$/l,1.65,0.061,1.46,1.94,0.177,0.036969696969697,1.473,0.039,1.222,1.7224,0.026
04/01/2005,ÓLEO DIESEL,SUL,7028,R$/l,1.699,0.073,1.529,1.99,0.199,0.0429664508534432,1.5,0.037,1.4,1.689,0.025
05/01/2005,ÓLEO DIESEL,CENTRO OESTE,3926,R$/l,1.802,0.117,1.539,2.17,0.185,0.0649278579356271,1.617,0.098,1.4299,1.925,0.061
05/01/2005,ÓLEO DIESEL,NORDESTE,8575,R$/l,1.645,0.063,1.48,1.99,0.153,0.0382978723404255,1.492,0.037,1.3993,1.63933,0.025
05/01/2005,ÓLEO DIESEL,NORTE,2946,R$/l,1.763,0.119,1.49,2.35,0.217,0.0674985819625638,1.546,0.075,1.38,1.916,0.049
05/01/2005,ÓLEO DIESEL,SUDESTE,25871,R$/l,1.66,0.06,1.46,1.94,0.172,0.036144578313253,1.488,0.038,1.1867,1.7224,0.026
05/01/2005,ÓLEO DIESEL,SUL,8513,R$/l,1.717,0.074,1.499,1.99,0.194,0.0430984274898078,1.523,0.039,1.242,1.7178,0.026
06/01/2005,ÓLEO DIESEL,CENTRO OESTE,3379,R$/l,1.801,0.117,1.52,2.17,0.178,0.0649639089394781,1.623,0.098,1.4323,1.925,0.06
06/01/2005,ÓLEO DIESEL,NORDESTE,8032,R$/l,1.647,0.062,1.45,1.96,0.15,0.0376442015786278,1.497,0.035,1.3892,1.6962,0.023
06/01/2005,ÓLEO DIESEL,NORTE,2638,R$/l,1.782,0.13,1.55,2.35,0.214,0.0729517396184063,1.568,0.084,1.405,1.916,0.054
06/01/2005,ÓLEO DIESEL,SUDESTE,22818,R$/l,1.66,0.059,1.46,1.929,0.17,0.0355421686746988,1.49,0.035,1.222,1.67,0.023
06/01/2005,ÓLEO DIESEL,SUL,7324,R$/l,1.718,0.075,1.53,1.949,0.19,0.0436554132712456,1.528,0.036,1.44,1.6719,0.024
07/01/2005,ÓLEO DIESEL,CENTRO OESTE,3240,R$/l,1.8,0.118,1.52,2.17,0.178,0.0655555555555556,1.622,0.1,1.415,1.941,0.062
07/01/2005,ÓLEO DIESEL,NORDESTE,7396,R$/l,1.646,0.063,1.46,1.96,0.149,0.0382746051032807,1.497,0.034,1.357,1.659,0.023
07/01/2005,ÓLEO DIESEL,NORTE,2485,R$/l,1.781,0.129,1.55,2.35,0.214,0.0724312184166199,1.567,0.086,1.414,1.9079,0.055
07/01/2005,ÓLEO DIESEL,SUDESTE,21507,R$/l,1.66,0.059,1.479,1.929,0.17,0.0355421686746988,1.49,0.035,1.22,1.67,0.023
07/01/2005,ÓLEO DIESEL,SUL,7077,R$/l,1.716,0.075,1.53,1.929,0.188,0.0437062937062937,1.528,0.035,1.412,1.6767,0.023
08/01/2005,ÓLEO DIESEL,CENTRO OESTE,2132,R$/l,1.8,0.115,1.53,2.17,0.176,0.0638888888888889,1.624,0.1,1.406,1.941,0.062
08/01/2005,ÓLEO DIESEL,NORDESTE,4702,R$/l,1.645,0.065,1.5,1.94,0.149,0.0395136778115502,1.496,0.034,1.357,1.6418,0.023
08/01/2005,ÓLEO DIESEL,NORTE,1622,R$/l,1.781,0.125,1.3,2.35,0.212,0.0701852891633914,1.569,0.083,1.414,1.99,0.053
08/01/2005,ÓLEO DIESEL,SUDESTE,13886,R$/l,1.66,0.06,1.32,1.99,0.17,0.036144578313253,1.49,0.035,1.3929,1.698,0.023
08/01/2005,ÓLEO DIESEL,SUL,4605,R$/l,1.715,0.075,1.355,1.99,0.187,0.043731778425656,1.528,0.035,1.412,1.6583,0.023
09/01/2005,ÓLEO DIESEL,CENTRO OESTE,2088,R$/l,1.938,0.146,1.46,2.39,0.231,0.0753353973168215,1.707,0.121,1.01,2.018,0.071
09/01/2005,ÓLEO DIESEL,NORDESTE,5135,R$/l,1.795,0.11,1.44,2.1,0.196,0.0612813370473538,1.599,0.098,1.226,1.8537,0.061
09/01/2005,ÓLEO DIESEL,NORTE,1385,R$/l,1.9,0.154,1.474,2.5,0.244,0.0810526315789474,1.656,0.127,1.4,2.1902,0.077
09/01/2005,ÓLEO DIESEL,SUDESTE,13357,R$/l,1.791,0.101,1.48,2.11,0.216,0.056393076493579,1.575,0.088,1.379,1.886,0.056
09/01/2005,ÓLEO DIESEL,SUL,4832,R$/l,1.852,0.107,1.54,2.22,0.23,0.0577753779697624,1.622,0.091,1.371,1.899,0.056
10/01/2005,ÓLEO DIESEL,CENTRO OESTE,3252,R$/l,1.985,0.127,1.699,2.39,0.2,0.0639798488664987,1.785,0.099,1.31,2.02,0.055
10/01/2005,ÓLEO DIESEL,NORDESTE,8333,R$/l,1.847,0.063,1.34,2.79,0.161,0.0341093665403357,1.686,0.047,1.0722,1.8537,0.028
10/01/2005,ÓLEO DIESEL,NORTE,1853,R$/l,1.979,0.142,1.7,2.75,0.232,0.0717534108135422,1.747,0.094,1.4879,2.1798,0.054
10/01/2005,ÓLEO DIESEL,SUDESTE,17579,R$/l,1.849,0.061,1.599,2.21,0.194,0.0329908058409951,1.655,0.047,1.0997,1.898,0.028
10/01/2005,ÓLEO DIESEL,SUL,5389,R$/l,1.902,0.069,1.67,2.179,0.209,0.0362776025236593,1.693,0.046,1.135,1.95,0.027
11/01/2005,ÓLEO DIESEL,CENTRO OESTE,3836,R$/l,1.988,0.124,1.709,2.38,0.192,0.062374245472837,1.796,0.1,1.49,2.08,0.056
11/01/2005,ÓLEO DIESEL,NORDESTE,9172,R$/l,1.848,0.063,1.7,2.13,0.159,0.0340909090909091,1.689,0.034,1.375,1.8537,0.02
11/01/2005,ÓLEO DIESEL,NORTE,3004,R$/l,2.005,0.136,1.7,2.63,0.237,0.0678304239401496,1.768,0.086,1.38,2.181,0.049
11/01/2005,ÓLEO DIESEL,SUDESTE,23537,R$/l,1.851,0.063,1.599,2.15,0.191,0.0340356564019449,1.66,0.04,1.2692,1.9651,0.024
11/01/2005,ÓLEO DIESEL,SUL,7590,R$/l,1.898,0.071,1.69,2.139,0.204,0.0374077976817703,1.694,0.037,1.4786,1.8341,0.022
12/01/2005,ÓLEO DIESEL,CENTRO OESTE,3602,R$/l,1.991,0.128,1.709,2.39,0.199,0.0642893018583626,1.792,0.095,1.3779,2.04,0.053
12/01/2005,ÓLEO DIESEL,NORDESTE,8465,R$/l,1.847,0.064,1.699,2.119,0.16,0.0346507850568489,1.687,0.033,1.6012,1.8177,0.02
12/01/2005,ÓLEO DIESEL,NORTE,2877,R$/l,2.007,0.136,1.72,2.6,0.245,0.0677628300946687,1.762,0.091,1.3534,2.181,0.052
12/01/2005,ÓLEO DIESEL,SUDESTE,20323,R$/l,1.85,0.061,1.65,2.16,0.19,0.032972972972973,1.66,0.038,1.3983,1.861,0.023
12/01/2005,ÓLEO DIESEL,SUL,6804,R$/l,1.899,0.075,1.687,2.299,0.206,0.0394944707740916,1.693,0.037,1.5543,1.869,0.022
01/01/2006,ÓLEO DIESEL,CENTRO OESTE,4614,R$/l,1.99,0.126,1.68,2.38,0.197,0.0633165829145729,1.793,0.098,1.4565,2.081,0.055
01/01/2006,ÓLEO DIESEL,NORDESTE,10548,R$/l,1.848,0.063,1.699,2.199,0.159,0.0340909090909091,1.689,0.033,1.6012,1.8283,0.02
01/01/2006,ÓLEO DIESEL,NORTE,3315,R$/l,2.009,0.135,1.72,2.65,0.242,0.0671976107516177,1.767,0.084,1.3278,2.162,0.048
01/01/2006,ÓLEO DIESEL,SUDESTE,22703,R$/l,1.852,0.061,1.63,2.295,0.193,0.0329373650107991,1.659,0.034,1.4758,2.013,0.02
01/01/2006,ÓLEO DIESEL,SUL,7413,R$/l,1.901,0.073,1.679,2.159,0.207,0.038400841662283,1.694,0.036,1.49,1.899,0.021
02/01/2006,ÓLEO DIESEL,CENTRO OESTE,2631,R$/l,1.989,0.132,1.69,2.38,0.193,0.0663650075414781,1.796,0.1,1.567,2.067,0.056
02/01/2006,ÓLEO DIESEL,NORDESTE,7096,R$/l,1.851,0.065,1.69,2.119,0.161,0.0351161534305781,1.69,0.033,1.5625,1.8554,0.02
02/01/2006,ÓLEO DIESEL,NORTE,2556,R$/l,2.01,0.144,1.74,2.65,0.239,0.0716417910447761,1.771,0.093,1.5348,2.1995,0.053
02/01/2006,ÓLEO DIESEL,SUDESTE,17418,R$/l,1.85,0.061,1.61,2.295,0.19,0.032972972972973,1.66,0.032,1.4961,1.8753,0.019
02/01/2006,ÓLEO DIESEL,SUL,6130,R$/l,1.899,0.071,1.679,2.155,0.205,0.0373880989994734,1.694,0.036,1.549,1.8901,0.021
03/01/2006,ÓLEO DIESEL,CENTRO OESTE,3871,R$/l,1.99,0.13,1.68,2.409,0.193,0.0653266331658292,1.797,0.102,1.43,2.041,0.057
03/01/2006,ÓLEO DIESEL,NORDESTE,9055,R$/l,1.854,0.064,1.71,2.109,0.163,0.0345199568500539,1.691,0.034,1.5918,1.9291,0.02
03/01/2006,ÓLEO DIESEL,NORTE,3727,R$/l,2.006,0.143,1.74,2.64,0.234,0.0712861415752742,1.772,0.086,1.425,2.1684,0.049
03/01/2006,ÓLEO DIESEL,SUDESTE,22672,R$/l,1.851,0.062,1.64,2.169,0.192,0.0334954078876283,1.659,0.032,1.43,1.883,0.019
03/01/2006,ÓLEO DIESEL,SUL,8308,R$/l,1.899,0.073,1.679,2.698,0.206,0.0384412848867825,1.693,0.036,1.5726,1.9226,0.021
04/01/2006,ÓLEO DIESEL,CENTRO OESTE,3208,R$/l,1.991,0.13,1.67,2.38,0.192,0.0652938221998995,1.799,0.101,1.596,2.065,0.056
04/01/2006,ÓLEO DIESEL,NORDESTE,7686,R$/l,1.858,0.064,1.7,2.2,0.166,0.0344456404736276,1.692,0.034,1.564,1.8554,0.02
04/01/2006,ÓLEO DIESEL,NORTE,3008,R$/l,2.005,0.143,1.74,2.59,0.236,0.0713216957605985,1.769,0.09,1.58,2.161,0.051
04/01/2006,ÓLEO DIESEL,SUDESTE,18711,R$/l,1.849,0.063,1.64,2.169,0.191,0.0340724716062737,1.658,0.031,1.3398,1.89,0.019
04/01/2006,ÓLEO DIESEL,SUL,6939,R$/l,1.897,0.072,1.699,2.155,0.205,0.0379546652609383,1.692,0.036,1.592,1.929,0.021
05/01/2006,ÓLEO DIESEL,CENTRO OESTE,3820,R$/l,1.989,0.133,1.67,2.38,0.194,0.0668677727501257,1.795,0.102,1.5499,2.0653,0.057
05/01/2006,ÓLEO DIESEL,NORDESTE,9316,R$/l,1.857,0.064,1.71,2.15,0.166,0.0344641895530425,1.691,0.034,1.1672,1.83,0.02
05/01/2006,ÓLEO DIESEL,NORTE,3610,R$/l,2.006,0.144,1.735,2.68,0.234,0.0717846460618146,1.772,0.089,1.578,2.1631,0.05
05/01/2006,ÓLEO DIESEL,SUDESTE,22371,R$/l,1.846,0.062,1.589,2.199,0.189,0.0335861321776815,1.657,0.031,1.165,1.8506,0.019
05/01/2006,ÓLEO DIESEL,SUL,8255,R$/l,1.893,0.073,1.63,2.159,0.201,0.0385631273111463,1.692,0.037,1.58,1.9374,0.022
06/01/2006,ÓLEO DIESEL,CENTRO OESTE,3449,R$/l,1.984,0.134,1.67,2.439,0.193,0.0675403225806452,1.791,0.102,1.625,1.999,0.057
06/01/2006,ÓLEO DIESEL,NORDESTE,7893,R$/l,1.853,0.066,1.7,2.15,0.162,0.0356179168915273,1.691,0.033,1.589,1.83,0.02
06/01/2006,ÓLEO DIESEL,NORTE,3140,R$/l,2.002,0.142,1.735,2.58,0.234,0.0709290709290709,1.768,0.093,1.5541,2.166,0.053
06/01/2006,ÓLEO DIESEL,SUDESTE,19630,R$/l,1.844,0.062,1.66,2.199,0.188,0.0336225596529284,1.656,0.03,1.51,1.8506,0.018
06/01/2006,ÓLEO DIESEL,SUL,6970,R$/l,1.89,0.075,1.69,2.155,0.201,0.0396825396825397,1.689,0.037,1.581,1.818,0.022
07/01/2006,ÓLEO DIESEL,CENTRO OESTE,3256,R$/l,1.989,0.128,1.68,2.38,0.198,0.0643539467068879,1.791,0.1,1.602,1.9999,0.056
07/01/2006,ÓLEO DIESEL,NORDESTE,8311,R$/l,1.852,0.067,1.699,2.109,0.161,0.0361771058315335,1.691,0.035,1.6002,1.8929,0.021
07/01/2006,ÓLEO DIESEL,NORTE,3351,R$/l,2,0.147,1.73,2.58,0.231,0.0735,1.769,0.092,1.425,2.1601,0.052
07/01/2006,ÓLEO DIESEL,SUDESTE,19537,R$/l,1.843,0.062,1.659,2.15,0.188,0.0336408030385241,1.655,0.03,1.5031,1.87,0.018
07/01/2006,ÓLEO DIESEL,SUL,7112,R$/l,1.888,0.075,1.69,2.169,0.199,0.0397245762711864,1.689,0.037,1.5797,1.8883,0.022
08/01/2006,ÓLEO DIESEL,CENTRO OESTE,3761,R$/l,1.985,0.128,1.69,2.38,0.192,0.0644836272040302,1.793,0.099,1.5484,2.0113,0.055
08/01/2006,ÓLEO DIESEL,NORDESTE,8733,R$/l,1.853,0.068,1.699,2.14,0.161,0.036697247706422,1.692,0.035,1.62,1.8664,0.021
08/01/2006,ÓLEO DIESEL,NORTE,3464,R$/l,1.996,0.145,1.735,2.58,0.226,0.0726452905811623,1.77,0.092,1.425,2.1691,0.052
08/01/2006,ÓLEO DIESEL,SUDESTE,22210,R$/l,1.842,0.062,1.679,2.15,0.186,0.0336590662323561,1.656,0.03,1.51,1.8901,0.018
08/01/2006,ÓLEO DIESEL,SUL,8024,R$/l,1.889,0.075,1.698,2.159,0.199,0.0397035468501853,1.69,0.037,1.5477,1.85,0.022
09/01/2006,ÓLEO DIESEL,CENTRO OESTE,2703,R$/l,1.984,0.13,1.71,2.38,0.187,0.0655241935483871,1.797,0.101,1.608,2.0113,0.056
09/01/2006,ÓLEO DIESEL,NORDESTE,6535,R$/l,1.853,0.067,1.7,2.12,0.155,0.0361575822989746,1.698,0.035,1.6,1.8662,0.021
09/01/2006,ÓLEO DIESEL,NORTE,2820,R$/l,1.994,0.145,1.74,2.58,0.219,0.0727181544633902,1.775,0.095,1.425,2.1691,0.054
09/01/2006,ÓLEO DIESEL,SUDESTE,17319,R$/l,1.84,0.063,1.63,2.199,0.182,0.0342391304347826,1.658,0.03,1.52,1.811,0.018
09/01/2006,ÓLEO DIESEL,SUL,6307,R$/l,1.887,0.075,1.689,2.185,0.191,0.0397456279809221,1.696,0.038,1.585,1.8423,0.022
10/01/2006,ÓLEO DIESEL,CENTRO OESTE,2493,R$/l,1.983,0.135,1.71,2.38,0.187,0.0680786686838124,1.796,0.103,1.6056,2.014,0.057
10/01/2006,ÓLEO DIESEL,NORDESTE,6243,R$/l,1.85,0.069,1.69,2.25,0.153,0.0372972972972973,1.697,0.036,1.5193,2.11,0.021
10/01/2006,ÓLEO DIESEL,NORTE,2554,R$/l,1.99,0.149,1.74,2.58,0.216,0.0748743718592965,1.774,0.103,1.427,2.1691,0.058
10/01/2006,ÓLEO DIESEL,SUDESTE,17007,R$/l,1.84,0.064,1.66,2.199,0.183,0.0347826086956522,1.657,0.03,1.5061,1.8532,0.018
10/01/2006,ÓLEO DIESEL,SUL,6231,R$/l,1.885,0.076,1.69,2.159,0.19,0.0403183023872679,1.695,0.037,1.59,1.909,0.022
11/01/2006,ÓLEO DIESEL,CENTRO OESTE,2427,R$/l,1.985,0.132,1.71,2.38,0.189,0.0664987405541562,1.796,0.103,1.6065,2.0175,0.057
11/01/2006,ÓLEO DIESEL,NORDESTE,5572,R$/l,1.849,0.068,1.69,2.109,0.153,0.03677663601947,1.696,0.034,1.5743,1.8649,0.02
11/01/2006,ÓLEO DIESEL,NORTE,2379,R$/l,1.984,0.149,1.733,2.58,0.214,0.0751008064516129,1.77,0.099,1.425,2.1691,0.056
11/01/2006,ÓLEO DIESEL,SUDESTE,17184,R$/l,1.839,0.064,1.649,2.15,0.182,0.0348015225666123,1.657,0.03,1.539,1.8923,0.018
11/01/2006,ÓLEO DIESEL,SUL,6149,R$/l,1.888,0.075,1.699,2.159,0.194,0.0397245762711864,1.694,0.038,1.5918,1.8386,0.022
12/01/2006,ÓLEO DIESEL,CENTRO OESTE,2194,R$/l,1.983,0.133,1.71,2.38,0.182,0.0670700958144226,1.801,0.103,1.6076,2.0257,0.057
12/01/2006,ÓLEO DIESEL,NORDESTE,5168,R$/l,1.849,0.069,1.699,2.109,0.154,0.0373174689021093,1.695,0.034,1.6,1.8395,0.02
12/01/2006,ÓLEO DIESEL,NORTE,2231,R$/l,1.982,0.15,1.739,2.58,0.212,0.0756811301715439,1.77,0.102,1.425,2.1691,0.058
12/01/2006,ÓLEO DIESEL,SUDESTE,15205,R$/l,1.839,0.064,1.66,2.35,0.182,0.0348015225666123,1.657,0.03,1.55,2.07,0.018
12/01/2006,ÓLEO DIESEL,SUL,5435,R$/l,1.885,0.074,1.67,2.125,0.192,0.0392572944297082,1.693,0.037,1.5958,1.81,0.022
01/01/2007,ÓLEO DIESEL,CENTRO OESTE,2856,R$/l,1.982,0.135,1.71,2.38,0.181,0.0681130171543895,1.801,0.103,1.607,2.0272,0.057
01/01/2007,ÓLEO DIESEL,NORDESTE,6798,R$/l,1.849,0.068,1.699,2.109,0.155,0.03677663601947,1.694,0.034,1.5507,1.8578,0.02
01/01/2007,ÓLEO DIESEL,NORTE,2954,R$/l,1.984,0.149,1.739,2.58,0.213,0.0751008064516129,1.771,0.101,1.425,2.1698,0.057
01/01/2007,ÓLEO DIESEL,SUDESTE,20385,R$/l,1.84,0.064,1.659,2.15,0.18,0.0347826086956522,1.66,0.03,1.53,1.8666,0.018
01/01/2007,ÓLEO DIESEL,SUL,7052,R$/l,1.885,0.075,1.65,2.7,0.193,0.0397877984084881,1.692,0.038,1.545,1.9155,0.022
02/01/2007,ÓLEO DIESEL,CENTRO OESTE,2386,R$/l,1.98,0.132,1.7,2.38,0.182,0.0666666666666667,1.798,0.103,1.6058,2.0329,0.057
02/01/2007,ÓLEO DIESEL,NORDESTE,5661,R$/l,1.848,0.067,1.67,2.109,0.155,0.0362554112554113,1.693,0.034,1.5936,1.8649,0.02
02/01/2007,ÓLEO DIESEL,NORTE,2493,R$/l,1.985,0.147,1.75,2.58,0.213,0.0740554156171285,1.772,0.104,1.415,2.215,0.059
02/01/2007,ÓLEO DIESEL,SUDESTE,17183,R$/l,1.839,0.063,1.65,2.17,0.179,0.034257748776509,1.66,0.03,1.52,1.8651,0.018
02/01/2007,ÓLEO DIESEL,SUL,5905,R$/l,1.884,0.075,1.698,2.299,0.194,0.0398089171974522,1.69,0.037,1.5949,1.8032,0.022
03/01/2007,ÓLEO DIESEL,CENTRO OESTE,2402,R$/l,1.981,0.133,1.63,2.38,0.182,0.0671378091872792,1.799,0.104,1.61,2.0315,0.058
03/01/2007,ÓLEO DIESEL,NORDESTE,5723,R$/l,1.849,0.067,1.69,2.1,0.157,0.0362358031368307,1.692,0.035,1.559,1.8649,0.021
03/01/2007,ÓLEO DIESEL,NORTE,2491,R$/l,1.987,0.148,1.75,2.58,0.217,0.0744841469552088,1.77,0.104,1.425,2.1716,0.059
03/01/2007,ÓLEO DIESEL,SUDESTE,17291,R$/l,1.84,0.063,1.649,2.15,0.18,0.0342391304347826,1.66,0.03,1.53,1.8437,0.018
03/01/2007,ÓLEO DIESEL,SUL,5928,R$/l,1.884,0.076,1.675,2.299,0.196,0.0403397027600849,1.688,0.04,1.2215,1.8121,0.024
04/01/2007,ÓLEO DIESEL,CENTRO OESTE,2423,R$/l,1.983,0.132,1.71,2.38,0.186,0.0665658093797277,1.797,0.104,1.5627,2.0315,0.058
04/01/2007,ÓLEO DIESEL,NORDESTE,5721,R$/l,1.849,0.067,1.69,2.109,0.156,0.0362358031368307,1.693,0.034,1.46,1.8649,0.02
04/01/2007,ÓLEO DIESEL,NORTE,2550,R$/l,1.983,0.148,1.739,2.58,0.212,0.0746343923348462,1.771,0.101,1.415,2.1716,0.057
04/01/2007,ÓLEO DIESEL,SUDESTE,17717,R$/l,1.842,0.063,1.62,2.199,0.182,0.0342019543973941,1.66,0.03,1.57,1.859,0.018
04/01/2007,ÓLEO DIESEL,SUL,6321,R$/l,1.882,0.075,1.675,2.229,0.201,0.0398512221041445,1.681,0.044,1.5212,1.947,0.026
05/01/2007,ÓLEO DIESEL,CENTRO OESTE,2984,R$/l,1.979,0.132,1.71,2.38,0.183,0.066700353713997,1.796,0.103,1.6072,2.0342,0.057
05/01/2007,ÓLEO DIESEL,NORDESTE,6983,R$/l,1.848,0.067,1.699,2.109,0.155,0.0362554112554113,1.693,0.034,1.62,1.8649,0.02
05/01/2007,ÓLEO DIESEL,NORTE,2862,R$/l,1.982,0.146,1.75,2.58,0.213,0.0736629667003027,1.769,0.098,1.415,2.1568,0.055
05/01/2007,ÓLEO DIESEL,SUDESTE,20197,R$/l,1.84,0.061,1.649,2.15,0.182,0.0331521739130435,1.658,0.031,1.5453,1.88,0.019
05/01/2007,ÓLEO DIESEL,SUL,7708,R$/l,1.881,0.075,1.696,2.125,0.195,0.0398724082934609,1.686,0.038,1.5577,1.862,0.023
06/01/2007,ÓLEO DIESEL,CENTRO OESTE,2294,R$/l,1.972,0.137,1.71,2.38,0.179,0.06947261663286,1.793,0.104,1.6072,2.0342,0.058
06/01/2007,ÓLEO DIESEL,NORDESTE,5436,R$/l,1.845,0.068,1.699,2.109,0.153,0.0368563685636856,1.692,0.034,1.5484,1.8116,0.02
06/01/2007,ÓLEO DIESEL,NORTE,2182,R$/l,1.979,0.149,1.722,2.58,0.211,0.0752905507832238,1.768,0.1,1.425,2.1577,0.057
06/01/2007,ÓLEO DIESEL,SUDESTE,15129,R$/l,1.839,0.062,1.649,2.199,0.181,0.0337139749864057,1.658,0.031,1.506,1.8466,0.019
06/01/2007,ÓLEO DIESEL,SUL,5908,R$/l,1.88,0.075,1.69,2.219,0.189,0.0398936170212766,1.691,0.037,1.5577,1.8814,0.022
07/01/2007,ÓLEO DIESEL,CENTRO OESTE,2505,R$/l,1.975,0.136,1.71,2.38,0.183,0.0688607594936709,1.792,0.105,1.603,2.0335,0.059
07/01/2007,ÓLEO DIESEL,NORDESTE,6335,R$/l,1.843,0.065,1.68,2.1,0.152,0.0352685838307108,1.691,0.034,1.54,1.8262,0.02
07/01/2007,ÓLEO DIESEL,NORTE,2435,R$/l,1.979,0.139,1.721,2.58,0.214,0.0702374936836786,1.765,0.091,1.425,2.1577,0.052
07/01/2007,ÓLEO DIESEL,SUDESTE,17031,R$/l,1.837,0.062,1.659,2.199,0.179,0.0337506804572673,1.658,0.031,1.5299,1.807,0.019
07/01/2007,ÓLEO DIESEL,SUL,6751,R$/l,1.878,0.073,1.69,2.125,0.185,0.0388711395101172,1.693,0.037,1.5751,1.8814,0.022
08/01/2007,ÓLEO DIESEL,CENTRO OESTE,2162,R$/l,1.976,0.133,1.71,2.38,0.181,0.0673076923076923,1.795,0.104,1.6033,2.0359,0.058
08/01/2007,ÓLEO DIESEL,NORDESTE,5300,R$/l,1.843,0.065,1.69,2.109,0.152,0.0352685838307108,1.691,0.034,1.5928,1.9185,0.02
08/01/2007,ÓLEO DIESEL,NORTE,2141,R$/l,1.979,0.141,1.729,2.58,0.21,0.0712481051035877,1.769,0.086,1.425,2.2214,0.049
08/01/2007,ÓLEO DIESEL,SUDESTE,13575,R$/l,1.84,0.062,1.64,2.199,0.181,0.033695652173913,1.659,0.031,1.5,1.8664,0.019
08/01/2007,ÓLEO DIESEL,SUL,5311,R$/l,1.879,0.074,1.64,2.125,0.188,0.0393826503459287,1.691,0.036,1.4489,1.8267,0.021
09/01/2007,ÓLEO DIESEL,CENTRO OESTE,1672,R$/l,1.972,0.137,1.71,2.32,0.179,0.06947261663286,1.793,0.106,1.5436,2.0374,0.059
09/01/2007,ÓLEO DIESEL,NORDESTE,4230,R$/l,1.841,0.064,1.696,2.109,0.153,0.0347637153720804,1.688,0.031,1.6219,1.8279,0.018
09/01/2007,ÓLEO DIESEL,NORTE,1682,R$/l,1.977,0.136,1.739,2.58,0.212,0.0687910976226606,1.765,0.08,1.425,2.1577,0.045
09/01/2007,ÓLEO DIESEL,SUDESTE,9617,R$/l,1.838,0.062,1.656,2.15,0.178,0.0337323177366703,1.66,0.031,1.5621,1.8059,0.019
09/01/2007,ÓLEO DIESEL,SUL,4119,R$/l,1.877,0.074,1.679,2.125,0.187,0.0394246137453383,1.69,0.036,1.585,1.8267,0.021
10/01/2007,ÓLEO DIESEL,CENTRO OESTE,2214,R$/l,1.974,0.137,1.71,2.33,0.179,0.0694022289766971,1.795,0.101,1.5435,2.0387,0.056
10/01/2007,ÓLEO DIESEL,NORDESTE,5432,R$/l,1.842,0.064,1.69,2.109,0.154,0.0347448425624321,1.688,0.031,1.6,1.8453,0.018
10/01/2007,ÓLEO DIESEL,NORTE,2167,R$/l,1.974,0.131,1.739,2.5,0.209,0.0663627152988855,1.765,0.076,1.425,1.9888,0.043
10/01/2007,ÓLEO DIESEL,SUDESTE,12737,R$/l,1.836,0.062,1.629,2.24,0.175,0.0337690631808279,1.661,0.029,1.5621,1.8074,0.017
10/01/2007,ÓLEO DIESEL,SUL,5265,R$/l,1.877,0.075,1.679,2.159,0.186,0.039957378795951,1.691,0.036,1.595,1.9143,0.021
11/01/2007,ÓLEO DIESEL,CENTRO OESTE,1873,R$/l,1.993,0.147,1.71,2.33,0.194,0.0737581535373808,1.799,0.1,1.6094,1.995,0.056
11/01/2007,ÓLEO DIESEL,NORDESTE,4256,R$/l,1.844,0.064,1.69,2.109,0.153,0.03470715835141,1.691,0.031,1.6085,1.8249,0.018
11/01/2007,ÓLEO DIESEL,NORTE,1688,R$/l,1.976,0.139,1.739,2.58,0.209,0.0703441295546559,1.767,0.096,1.425,2.1603,0.054
11/01/2007,ÓLEO DIESEL,SUDESTE,10107,R$/l,1.838,0.061,1.67,2.26,0.172,0.0331882480957563,1.666,0.029,1.5671,1.8164,0.017
11/01/2007,ÓLEO DIESEL,SUL,4189,R$/l,1.877,0.074,1.679,2.1,0.179,0.0394246137453383,1.698,0.036,1.595,1.865,0.021
12/01/2007,ÓLEO DIESEL,CENTRO OESTE,2183,R$/l,2.001,0.144,1.71,2.38,0.2,0.0719640179910045,1.801,0.1,1.6094,2.0435,0.056
12/01/2007,ÓLEO DIESEL,NORDESTE,4784,R$/l,1.844,0.063,1.658,2.109,0.149,0.0341648590021692,1.695,0.031,1.5527,1.8014,0.018
12/01/2007,ÓLEO DIESEL,NORTE,1862,R$/l,1.981,0.152,1.75,2.58,0.211,0.0767289247854619,1.77,0.113,1.425,2.1653,0.064
12/01/2007,ÓLEO DIESEL,SUDESTE,11430,R$/l,1.842,0.06,1.679,2.099,0.171,0.0325732899022801,1.671,0.029,1.596,1.7829,0.017
12/01/2007,ÓLEO DIESEL,SUL,4518,R$/l,1.881,0.073,1.699,2.1,0.181,0.038809144072302,1.7,0.037,1.6015,1.859,0.022
01/01/2008,ÓLEO DIESEL,CENTRO OESTE,2405,R$/l,2.004,0.141,1.71,2.36,0.193,0.0703592814371258,1.811,0.097,1.6259,2,0.054
01/01/2008,ÓLEO DIESEL,NORDESTE,6493,R$/l,1.853,0.059,1.667,2.109,0.146,0.0318402590393956,1.707,0.032,1.5859,1.9,0.019
01/01/2008,ÓLEO DIESEL,NORTE,2502,R$/l,1.995,0.142,1.749,2.58,0.207,0.0711779448621554,1.788,0.1,1.425,2.1814,0.056
01/01/2008,ÓLEO DIESEL,SUDESTE,15479,R$/l,1.856,0.059,1.679,2.299,0.171,0.0317887931034483,1.685,0.03,1.595,1.86,0.018
01/01/2008,ÓLEO DIESEL,SUL,6140,R$/l,1.891,0.07,1.699,2.138,0.178,0.0370174510840825,1.713,0.036,1.6066,1.884,0.021
02/01/2008,ÓLEO DIESEL,CENTRO OESTE,2270,R$/l,2.007,0.145,1.73,2.38,0.192,0.0722471350274041,1.815,0.1,1.603,2.0734,0.055
02/01/2008,ÓLEO DIESEL,NORDESTE,5934,R$/l,1.855,0.058,1.71,2.109,0.145,0.031266846361186,1.71,0.032,1.5859,1.834,0.019
02/01/2008,ÓLEO DIESEL,NORTE,2231,R$/l,2.002,0.144,1.76,2.58,0.209,0.0719280719280719,1.793,0.102,1.5803,2.1835,0.057
02/01/2008,ÓLEO DIESEL,SUDESTE,14007,R$/l,1.859,0.058,1.69,2.32,0.17,0.0311995696611081,1.689,0.028,1.593,1.894,0.017
02/01/2008,ÓLEO DIESEL,SUL,5423,R$/l,1.893,0.069,1.699,2.138,0.179,0.0364500792393027,1.714,0.037,1.6065,1.898,0.022
03/01/2008,ÓLEO DIESEL,CENTRO OESTE,2261,R$/l,2.009,0.147,1.73,2.38,0.193,0.0731707317073171,1.816,0.102,1.62,2.0734,0.056
03/01/2008,ÓLEO DIESEL,NORDESTE,5911,R$/l,1.855,0.058,1.677,2.109,0.144,0.031266846361186,1.711,0.032,1.6062,1.8429,0.019
03/01/2008,ÓLEO DIESEL,NORTE,2228,R$/l,2.007,0.145,1.68,2.58,0.21,0.0722471350274041,1.797,0.101,1.5803,2.2058,0.056
03/01/2008,ÓLEO DIESEL,SUDESTE,14091,R$/l,1.861,0.057,1.69,2.32,0.172,0.030628694250403,1.689,0.028,1.58,1.891,0.017
03/01/2008,ÓLEO DIESEL,SUL,5454,R$/l,1.895,0.07,1.697,2.209,0.181,0.0369393139841689,1.714,0.036,1.602,1.909,0.021
04/01/2008,ÓLEO DIESEL,CENTRO OESTE,2856,R$/l,2.009,0.148,1.73,2.38,0.193,0.0736684917869587,1.816,0.104,1.64,2.085,0.057
04/01/2008,ÓLEO DIESEL,NORDESTE,7433,R$/l,1.856,0.057,1.69,2.1,0.146,0.0307112068965517,1.71,0.033,1.6062,1.8429,0.019
04/01/2008,ÓLEO DIESEL,NORTE,2783,R$/l,2.009,0.147,1.744,2.58,0.208,0.0731707317073171,1.801,0.096,1.5707,2.2078,0.053
04/01/2008,ÓLEO DIESEL,SUDESTE,17506,R$/l,1.862,0.056,1.698,2.199,0.172,0.0300751879699248,1.69,0.028,1.559,1.8582,0.017
04/01/2008,ÓLEO DIESEL,SUL,6759,R$/l,1.896,0.071,1.69,2.199,0.181,0.0374472573839662,1.715,0.038,1.6183,1.909,0.022
05/01/2008,ÓLEO DIESEL,CENTRO OESTE,2316,R$/l,2.161,0.149,1.82,2.56,0.23,0.0689495603887089,1.931,0.116,1.6482,2.227,0.06
05/01/2008,ÓLEO DIESEL,NORDESTE,5998,R$/l,2.029,0.066,1.79,2.3,0.198,0.0325283390832923,1.831,0.069,1.627,2.02,0.038
05/01/2008,ÓLEO DIESEL,NORTE,2251,R$/l,2.151,0.152,1.79,2.75,0.244,0.0706648070664807,1.907,0.11,1.594,2.3731,0.058
05/01/2008,ÓLEO DIESEL,SUDESTE,13784,R$/l,2.023,0.069,1.74,2.49,0.222,0.0341077607513594,1.801,0.072,1.5928,2.274,0.04
05/01/2008,ÓLEO DIESEL,SUL,5360,R$/l,2.069,0.083,1.78,2.36,0.227,0.0401159980666989,1.842,0.081,1.6261,2.1406,0.044
06/01/2008,ÓLEO DIESEL,CENTRO OESTE,2356,R$/l,2.159,0.142,1.859,2.56,0.204,0.0657711903659101,1.955,0.106,1.675,2.225,0.054
06/01/2008,ÓLEO DIESEL,NORDESTE,6008,R$/l,2.039,0.06,1.729,2.3,0.173,0.0294261893084846,1.866,0.038,1.5902,2.007,0.02
06/01/2008,ÓLEO DIESEL,NORTE,2339,R$/l,2.164,0.15,1.91,2.75,0.226,0.0693160813308688,1.938,0.103,1.66,2.2943,0.053
06/01/2008,ÓLEO DIESEL,SUDESTE,13794,R$/l,2.034,0.061,1.8,2.499,0.195,0.0299901671583088,1.839,0.037,1.6189,2.057,0.02
06/01/2008,ÓLEO DIESEL,SUL,5363,R$/l,2.075,0.076,1.89,2.69,0.2,0.0366265060240964,1.875,0.048,1.659,2.0887,0.026
07/01/2008,ÓLEO DIESEL,CENTRO OESTE,2932,R$/l,2.193,0.138,1.88,2.698,0.209,0.0629274965800274,1.984,0.106,1.7743,2.266,0.053
07/01/2008,ÓLEO DIESEL,NORDESTE,7490,R$/l,2.081,0.061,1.89,2.44,0.179,0.0293128303700144,1.902,0.043,1.676,2.1398,0.023
07/01/2008,ÓLEO DIESEL,NORTE,2882,R$/l,2.212,0.14,1.929,2.75,0.235,0.0632911392405063,1.977,0.1,1.7225,2.3314,0.051
07/01/2008,ÓLEO DIESEL,SUDESTE,17260,R$/l,2.072,0.062,1.849,2.629,0.196,0.0299227799227799,1.876,0.04,1.64,2.084,0.021
07/01/2008,ÓLEO DIESEL,SUL,6711,R$/l,2.113,0.076,1.89,2.409,0.203,0.0359678182678656,1.91,0.05,1.753,2.137,0.026
08/01/2008,ÓLEO DIESEL,CENTRO OESTE,2371,R$/l,2.203,0.133,1.92,2.6,0.204,0.0603722197004085,1.999,0.103,1.81,2.245,0.052
08/01/2008,ÓLEO DIESEL,NORDESTE,5965,R$/l,2.097,0.056,1.93,2.6,0.175,0.0267048164043872,1.922,0.036,1.7101,2.0814,0.019
08/01/2008,ÓLEO DIESEL,NORTE,2322,R$/l,2.226,0.141,1.959,2.758,0.222,0.0633423180592992,2.004,0.099,1.78,2.3522,0.049
08/01/2008,ÓLEO DIESEL,SUDESTE,13759,R$/l,2.084,0.058,1.85,2.639,0.192,0.027831094049904,1.892,0.032,1.793,2.084,0.017
08/01/2008,ÓLEO DIESEL,SUL,5326,R$/l,2.126,0.074,1.899,2.44,0.198,0.0348071495766698,1.928,0.044,1.785,2.09,0.023
09/01/2008,ÓLEO DIESEL,CENTRO OESTE,2409,R$/l,2.203,0.133,1.919,2.6,0.203,0.0603722197004085,2,0.1,1.603,2.265,0.05
09/01/2008,ÓLEO DIESEL,NORDESTE,5994,R$/l,2.097,0.057,1.88,2.37,0.174,0.0271816881258941,1.923,0.036,1.7937,2.08,0.019
09/01/2008,ÓLEO DIESEL,NORTE,2341,R$/l,2.233,0.14,1.959,2.79,0.23,0.0626959247648903,2.003,0.097,1.7724,2.3322,0.048
09/01/2008,ÓLEO DIESEL,SUDESTE,13772,R$/l,2.087,0.058,1.85,2.669,0.195,0.0277910876856732,1.892,0.031,1.6858,2.139,0.016
09/01/2008,ÓLEO DIESEL,SUL,5349,R$/l,2.129,0.073,1.899,2.4,0.198,0.0342883983090653,1.931,0.043,1.8255,2.12,0.022
10/01/2008,ÓLEO DIESEL,CENTRO OESTE,2979,R$/l,2.212,0.139,1.919,2.64,0.209,0.0628390596745027,2.003,0.103,1.801,2.33,0.051
10/01/2008,ÓLEO DIESEL,NORDESTE,7492,R$/l,2.096,0.057,1.86,2.37,0.173,0.0271946564885496,1.923,0.038,1.7145,2.08,0.02
10/01/2008,ÓLEO DIESEL,NORTE,2906,R$/l,2.236,0.141,1.959,2.79,0.232,0.0630590339892665,2.004,0.097,1.78,2.37,0.048
10/01/2008,ÓLEO DIESEL,SUDESTE,17260,R$/l,2.088,0.058,1.89,2.679,0.195,0.0277777777777778,1.893,0.031,1.768,2.1146,0.016
10/01/2008,ÓLEO DIESEL,SUL,6683,R$/l,2.128,0.073,1.839,2.49,0.196,0.0343045112781955,1.932,0.043,1.8255,2.1117,0.022
11/01/2008,ÓLEO DIESEL,CENTRO OESTE,2404,R$/l,2.215,0.139,1.919,2.6,0.213,0.0627539503386005,2.002,0.103,1.8377,2.33,0.051
11/01/2008,ÓLEO DIESEL,NORDESTE,5993,R$/l,2.095,0.057,1.92,2.37,0.172,0.0272076372315036,1.923,0.038,1.7145,2.146,0.02
11/01/2008,ÓLEO DIESEL,NORTE,2324,R$/l,2.242,0.141,1.95,2.79,0.231,0.0628902765388046,2.011,0.1,1.758,2.3328,0.05
11/01/2008,ÓLEO DIESEL,SUDESTE,13950,R$/l,2.09,0.058,1.869,2.679,0.197,0.0277511961722488,1.893,0.032,1.7837,2.05,0.017
11/01/2008,ÓLEO DIESEL,SUL,5274,R$/l,2.129,0.073,1.909,2.398,0.198,0.0342883983090653,1.931,0.043,1.8,2.099,0.022
12/01/2008,ÓLEO DIESEL,CENTRO OESTE,2954,R$/l,2.217,0.143,1.789,2.6,0.22,0.0645015787099684,1.997,0.101,1.761,2.24,0.051
12/01/2008,ÓLEO DIESEL,NORDESTE,7499,R$/l,2.096,0.059,1.929,2.37,0.175,0.0281488549618321,1.921,0.037,1.781,2.0933,0.019
12/01/2008,ÓLEO DIESEL,NORTE,2930,R$/l,2.244,0.142,1.95,2.79,0.232,0.0632798573975044,2.012,0.105,1.779,2.5,0.052
12/01/2008,ÓLEO DIESEL,SUDESTE,17406,R$/l,2.09,0.059,1.86,2.679,0.198,0.0282296650717703,1.892,0.031,1.783,2.017,0.016
12/01/2008,ÓLEO DIESEL,SUL,6565,R$/l,2.129,0.073,1.94,2.44,0.198,0.0342883983090653,1.931,0.043,1.7982,2.0858,0.022
01/01/2009,ÓLEO DIESEL,CENTRO OESTE,2371,R$/l,2.215,0.142,1.92,2.6,0.213,0.0641083521444695,2.002,0.104,1.837,2.247,0.052
01/01/2009,ÓLEO DIESEL,NORDESTE,5989,R$/l,2.096,0.059,1.919,2.37,0.173,0.0281488549618321,1.923,0.037,1.8118,2.0979,0.019
01/01/2009,ÓLEO DIESEL,NORTE,2315,R$/l,2.244,0.144,1.95,2.79,0.227,0.0641711229946524,2.017,0.105,1.77,2.5,0.052
01/01/2009,ÓLEO DIESEL,SUDESTE,13846,R$/l,2.09,0.059,1.89,2.399,0.197,0.0282296650717703,1.893,0.032,1.8,2.094,0.017
01/01/2009,ÓLEO DIESEL,SUL,5172,R$/l,2.128,0.073,1.94,2.44,0.198,0.0343045112781955,1.93,0.042,1.7928,2.0858,0.022
02/01/2009,ÓLEO DIESEL,CENTRO OESTE,2360,R$/l,2.214,0.142,1.92,2.6,0.217,0.0641373080397471,1.997,0.102,1.799,2.247,0.051
02/01/2009,ÓLEO DIESEL,NORDESTE,5982,R$/l,2.096,0.058,1.939,2.639,0.171,0.0276717557251908,1.925,0.038,1.8097,2.07,0.02
02/01/2009,ÓLEO DIESEL,NORTE,2328,R$/l,2.245,0.146,1.95,2.98,0.236,0.0650334075723831,2.009,0.105,1.78,2.403,0.052
02/01/2009,ÓLEO DIESEL,SUDESTE,13815,R$/l,2.091,0.059,1.899,2.399,0.201,0.0282161645145863,1.89,0.033,1.789,2.1194,0.017
02/01/2009,ÓLEO DIESEL,SUL,5167,R$/l,2.13,0.071,1.94,2.44,0.201,0.0333333333333333,1.929,0.041,1.8098,2.1131,0.021
03/01/2009,ÓLEO DIESEL,CENTRO OESTE,2753,R$/l,2.213,0.142,1.899,2.6,0.216,0.0641662901039313,1.997,0.104,1.799,2.247,0.052
03/01/2009,ÓLEO DIESEL,NORDESTE,6987,R$/l,2.096,0.058,1.949,2.6,0.174,0.0276717557251908,1.922,0.038,1.8029,2.0746,0.02
03/01/2009,ÓLEO DIESEL,NORTE,2766,R$/l,2.239,0.144,1.95,2.79,0.237,0.0643144260830728,2.002,0.106,1.77,2.3605,0.053
03/01/2009,ÓLEO DIESEL,SUDESTE,16278,R$/l,2.091,0.059,1.919,2.399,0.204,0.0282161645145863,1.887,0.034,1.787,2.1037,0.018
03/01/2009,ÓLEO DIESEL,SUL,6022,R$/l,2.128,0.072,1.939,2.399,0.201,0.0338345864661654,1.927,0.04,1.8086,2.0907,0.021
04/01/2009,ÓLEO DIESEL,CENTRO OESTE,2551,R$/l,2.21,0.14,1.849,2.6,0.22,0.0633484162895928,1.99,0.104,1.799,2.247,0.052
04/01/2009,ÓLEO DIESEL,NORDESTE,6504,R$/l,2.094,0.06,1.93,2.79,0.174,0.0286532951289398,1.92,0.039,1.82,2.0746,0.02
04/01/2009,ÓLEO DIESEL,NORTE,2474,R$/l,2.23,0.143,1.95,2.79,0.23,0.0641255605381166,2,0.107,1.77,2.3638,0.054
04/01/2009,ÓLEO DIESEL,SUDESTE,14956,R$/l,2.09,0.06,1.898,2.399,0.205,0.0287081339712919,1.885,0.035,1.78,2.097,0.019
04/01/2009,ÓLEO DIESEL,SUL,5661,R$/l,2.125,0.072,1.9,2.398,0.202,0.0338823529411765,1.923,0.041,1.808,2.082,0.021
05/01/2009,ÓLEO DIESEL,CENTRO OESTE,2376,R$/l,2.211,0.144,1.919,2.62,0.217,0.0651289009497965,1.994,0.11,1.799,2.287,0.055
05/01/2009,ÓLEO DIESEL,NORDESTE,6008,R$/l,2.092,0.061,1.909,2.39,0.174,0.0291586998087954,1.918,0.041,1.8026,2.12,0.021
05/01/2009,ÓLEO DIESEL,NORTE,2332,R$/l,2.229,0.144,1.939,2.79,0.227,0.0646029609690444,2.002,0.109,1.77,2.3725,0.054
05/01/2009,ÓLEO DIESEL,SUDESTE,13910,R$/l,2.09,0.061,1.919,2.399,0.208,0.0291866028708134,1.882,0.035,1.75,2.016,0.019
05/01/2009,ÓLEO DIESEL,SUL,5195,R$/l,2.124,0.073,1.9,2.398,0.205,0.0343691148775895,1.919,0.041,1.778,2.0751,0.021
06/01/2009,ÓLEO DIESEL,CENTRO OESTE,2782,R$/l,2.166,0.165,1.79,2.62,0.236,0.0761772853185596,1.93,0.138,1.67,2.287,0.072
06/01/2009,ÓLEO DIESEL,NORDESTE,6833,R$/l,2.05,0.081,1.799,2.37,0.207,0.0395121951219512,1.843,0.091,1.6323,2.067,0.049
06/01/2009,ÓLEO DIESEL,NORTE,2786,R$/l,2.196,0.155,1.879,2.79,0.252,0.0705828779599271,1.944,0.135,1.625,2.3734,0.069
06/01/2009,ÓLEO DIESEL,SUDESTE,16001,R$/l,2.048,0.084,1.78,2.399,0.232,0.041015625,1.816,0.084,1.6,2.0211,0.046
06/01/2009,ÓLEO DIESEL,SUL,6006,R$/l,2.068,0.097,1.79,2.398,0.227,0.0469052224371373,1.841,0.092,1.6271,2.0955,0.05
07/01/2009,ÓLEO DIESEL,CENTRO OESTE,2577,R$/l,2.105,0.158,1.78,2.49,0.245,0.0750593824228029,1.86,0.122,1.66,2.141,0.066
07/01/2009,ÓLEO DIESEL,NORDESTE,6664,R$/l,1.99,0.072,1.79,2.3,0.225,0.0361809045226131,1.765,0.057,1.6229,2.048,0.032
07/01/2009,ÓLEO DIESEL,NORTE,2489,R$/l,2.148,0.157,1.82,2.75,0.262,0.0730912476722533,1.886,0.125,1.615,2.34,0.066
07/01/2009,ÓLEO DIESEL,SUDESTE,15470,R$/l,1.986,0.077,1.78,2.399,0.25,0.0387713997985901,1.736,0.051,1.6,2.009,0.029
07/01/2009,ÓLEO DIESEL,SUL,5799,R$/l,1.998,0.074,1.769,2.29,0.234,0.037037037037037,1.764,0.045,1.62,1.9922,0.026
08/01/2009,ÓLEO DIESEL,CENTRO OESTE,1287,R$/l,2.099,0.158,1.79,2.49,0.239,0.075273939971415,1.86,0.12,1.6775,2.1191,0.065
08/01/2009,ÓLEO DIESEL,NORDESTE,3157,R$/l,1.985,0.071,1.79,2.29,0.225,0.0357682619647355,1.76,0.053,1.6321,2.048,0.03
08/01/2009,ÓLEO DIESEL,NORTE,1237,R$/l,2.144,0.157,1.859,2.75,0.257,0.0732276119402985,1.887,0.121,1.625,2.318,0.064
08/01/2009,ÓLEO DIESEL,SUDESTE,7226,R$/l,1.978,0.075,1.499,2.399,0.247,0.0379170879676441,1.731,0.047,0.9563,2.009,0.027
08/01/2009,ÓLEO DIESEL,SUL,2619,R$/l,1.994,0.072,1.79,2.28,0.23,0.0361083249749248,1.764,0.042,1.6199,1.99,0.024
09/01/2009,ÓLEO DIESEL,CENTRO OESTE,1357,R$/l,2.084,0.151,1.71,2.58,0.226,0.0724568138195777,1.858,0.119,1.0744,2.087,0.064
09/01/2009,ÓLEO DIESEL,NORDESTE,3347,R$/l,1.977,0.07,1.69,2.5,0.221,0.0354071825998988,1.756,0.05,1.2298,1.9881,0.028
09/01/2009,ÓLEO DIESEL,NORTE,1307,R$/l,2.127,0.161,1.38,2.75,0.249,0.075693464974142,1.878,0.126,1.008,2.2625,0.067
09/01/2009,ÓLEO DIESEL,SUDESTE,6993,R$/l,1.965,0.076,1.199,2.599,0.243,0.038676844783715,1.722,0.057,0.8764,2.0507,0.033
09/01/2009,ÓLEO DIESEL,SUL,1915,R$/l,1.989,0.069,1.79,2.299,0.226,0.0346907993966818,1.763,0.046,0.949,1.98,0.026
10/01/2009,ÓLEO DIESEL,CENTRO OESTE,2236,R$/l,2.096,0.158,1.49,2.79,0.235,0.075381679389313,1.861,0.116,1.67,2.2394,0.062
10/01/2009,ÓLEO DIESEL,NORDESTE,5308,R$/l,1.97,0.072,1.715,2.709,0.216,0.0365482233502538,1.754,0.053,1.5102,2.148,0.03
10/01/2009,ÓLEO DIESEL,NORTE,1585,R$/l,2.139,0.173,1.84,2.75,0.259,0.0808789153810192,1.88,0.112,1.625,2.2653,0.06
10/01/2009,ÓLEO DIESEL,SUDESTE,10111,R$/l,1.965,0.073,1.69,2.89,0.246,0.0371501272264631,1.719,0.048,1.0896,1.958,0.028
10/01/2009,ÓLEO DIESEL,SUL,3114,R$/l,1.991,0.076,1.696,2.79,0.233,0.0381717729784028,1.758,0.047,1.141,2.05,0.027
11/01/2009,ÓLEO DIESEL,CENTRO OESTE,2300,R$/l,2.097,0.163,1.749,2.49,0.242,0.0777300906056271,1.855,0.118,1.2547,2.087,0.064
11/01/2009,ÓLEO DIESEL,NORDESTE,6042,R$/l,1.969,0.069,1.64,2.281,0.22,0.0350431691213814,1.749,0.061,1.072,1.983,0.035
11/01/2009,ÓLEO DIESEL,NORTE,1691,R$/l,2.154,0.176,1.86,2.75,0.258,0.0817084493964717,1.896,0.108,1.625,2.2659,0.057
11/01/2009,ÓLEO DIESEL,SUDESTE,12437,R$/l,1.967,0.075,1.229,2.89,0.248,0.0381291306558211,1.719,0.051,1.05,1.99,0.03
11/01/2009,ÓLEO DIESEL,SUL,4465,R$/l,1.993,0.076,1.56,2.79,0.234,0.0381334671349724,1.759,0.051,1.1276,2.2978,0.029
12/01/2009,ÓLEO DIESEL,CENTRO OESTE,2521,R$/l,2.094,0.157,1.71,2.49,0.239,0.0749761222540592,1.855,0.118,1.5942,2.087,0.064
12/01/2009,ÓLEO DIESEL,NORDESTE,6708,R$/l,1.967,0.072,1.08,2.506,0.219,0.0366039654295882,1.748,0.054,1.2,2.2683,0.031
12/01/2009,ÓLEO DIESEL,NORTE,1968,R$/l,2.154,0.166,1.84,2.75,0.26,0.0770659238625813,1.894,0.088,1.38,2.2658,0.046
12/01/2009,ÓLEO DIESEL,SUDESTE,13653,R$/l,1.963,0.073,1.03,2.59,0.243,0.0371879775853286,1.72,0.049,1.1754,2.2518,0.028
12/01/2009,ÓLEO DIESEL,SUL,5543,R$/l,1.987,0.076,1.56,2.49,0.231,0.0382486160040262,1.756,0.041,1.3634,1.9165,0.023
01/01/2010,ÓLEO DIESEL,CENTRO OESTE,2210,R$/l,2.093,0.162,1.78,2.49,0.227,0.0774008600095557,1.866,0.119,1.62,2.107,0.064
01/01/2010,ÓLEO DIESEL,NORDESTE,5543,R$/l,1.972,0.069,1.699,2.49,0.217,0.0349898580121704,1.755,0.051,1.5463,1.9529,0.029
01/01/2010,ÓLEO DIESEL,NORTE,1698,R$/l,2.153,0.154,1.8,2.75,0.265,0.0715281003251277,1.888,0.071,1.7047,2.1895,0.038
01/01/2010,ÓLEO DIESEL,SUDESTE,12235,R$/l,1.971,0.073,1.699,2.59,0.239,0.037037037037037,1.732,0.046,1.2311,2.05,0.027
01/01/2010,ÓLEO DIESEL,SUL,4800,R$/l,1.996,0.074,1.759,2.49,0.228,0.0370741482965932,1.768,0.041,1.53,2.05,0.023
02/01/2010,ÓLEO DIESEL,CENTRO OESTE,2219,R$/l,2.099,0.152,1.72,2.49,0.229,0.0724154359218675,1.87,0.11,1.683,2.18,0.059
02/01/2010,ÓLEO DIESEL,NORDESTE,5750,R$/l,1.974,0.067,1.777,2.39,0.212,0.0339412360688956,1.762,0.051,1.4762,1.96,0.029
02/01/2010,ÓLEO DIESEL,NORTE,1878,R$/l,2.169,0.156,1.889,2.75,0.282,0.0719225449515906,1.887,0.071,1.609,2.1,0.038
02/01/2010,ÓLEO DIESEL,SUDESTE,13090,R$/l,1.973,0.074,1.5,2.6,0.238,0.0375063355296503,1.735,0.044,1.425,2.049,0.025
02/01/2010,ÓLEO DIESEL,SUL,4933,R$/l,1.999,0.076,1.78,2.66,0.228,0.0380190095047524,1.771,0.041,1.331,2.2344,0.023
03/01/2010,ÓLEO DIESEL,CENTRO OESTE,2872,R$/l,2.101,0.15,1.72,2.49,0.227,0.0713945740123751,1.874,0.111,1.685,2.18,0.059
03/01/2010,ÓLEO DIESEL,NORDESTE,7262,R$/l,1.973,0.067,1.75,2.459,0.211,0.0339584389254942,1.762,0.053,1.2828,2,0.03
03/01/2010,ÓLEO DIESEL,NORTE,2620,R$/l,2.165,0.151,1.858,2.75,0.285,0.0697459584295612,1.88,0.073,1.699,2.1,0.039
03/01/2010,ÓLEO DIESEL,SUDESTE,17245,R$/l,1.972,0.075,1.449,2.73,0.238,0.0380324543610548,1.734,0.043,1.2082,1.9912,0.025
03/01/2010,ÓLEO DIESEL,SUL,6315,R$/l,1.997,0.076,1.69,2.333,0.225,0.0380570856284427,1.772,0.041,1.646,2.2184,0.023
04/01/2010,ÓLEO DIESEL,CENTRO OESTE,2321,R$/l,2.102,0.151,1.76,2.49,0.229,0.0718363463368221,1.873,0.112,1.3547,2.122,0.06
04/01/2010,ÓLEO DIESEL,NORDESTE,5870,R$/l,1.971,0.068,1.729,2.29,0.212,0.0345002536783359,1.759,0.053,1.4175,1.99,0.03
04/01/2010,ÓLEO DIESEL,NORTE,2130,R$/l,2.158,0.152,1.889,2.75,0.277,0.0704355885078777,1.881,0.07,1.609,2.1,0.037
04/01/2010,ÓLEO DIESEL,SUDESTE,14086,R$/l,1.97,0.074,1.69,2.409,0.238,0.0375634517766497,1.732,0.041,1.5169,2,0.024
04/01/2010,ÓLEO DIESEL,SUL,5014,R$/l,1.995,0.076,1.778,2.82,0.224,0.0380952380952381,1.771,0.041,1.469,2.1794,0.023
05/01/2010,ÓLEO DIESEL,CENTRO OESTE,2476,R$/l,2.1,0.152,1.76,2.55,0.225,0.0723809523809524,1.875,0.108,1.6597,2.097,0.058
05/01/2010,ÓLEO DIESEL,NORDESTE,6083,R$/l,1.969,0.069,1.699,2.281,0.212,0.0350431691213814,1.757,0.053,1.5168,1.9815,0.03
05/01/2010,ÓLEO DIESEL,NORTE,2372,R$/l,2.159,0.145,1.889,2.75,0.279,0.0671607225567392,1.88,0.07,1.7007,2.1,0.037
05/01/2010,ÓLEO DIESEL,SUDESTE,14448,R$/l,1.967,0.074,1.65,2.399,0.237,0.0376207422470768,1.73,0.041,1.3104,1.9164,0.024
05/01/2010,ÓLEO DIESEL,SUL,5312,R$/l,1.995,0.074,1.79,2.29,0.226,0.0370927318295739,1.769,0.041,1.428,2.2242,0.023
06/01/2010,ÓLEO DIESEL,CENTRO OESTE,2717,R$/l,2.1,0.149,1.7,2.55,0.229,0.070952380952381,1.871,0.111,1.3429,2.087,0.059
06/01/2010,ÓLEO DIESEL,NORDESTE,7136,R$/l,1.967,0.069,1.749,2.3,0.212,0.0350788002033554,1.755,0.053,1.5439,1.9797,0.03
06/01/2010,ÓLEO DIESEL,NORTE,2525,R$/l,2.153,0.154,1.839,2.75,0.279,0.0715281003251277,1.874,0.069,1.626,2.1405,0.037
06/01/2010,ÓLEO DIESEL,SUDESTE,17108,R$/l,1.967,0.075,1.599,2.629,0.237,0.0381291306558211,1.73,0.041,1.2416,1.9936,0.024
06/01/2010,ÓLEO DIESEL,SUL,5974,R$/l,1.992,0.076,1.669,2.505,0.224,0.0381526104417671,1.768,0.038,1.62,1.9464,0.021
07/01/2010,ÓLEO DIESEL,CENTRO OESTE,2345,R$/l,2.097,0.149,1.76,2.59,0.228,0.0710538865045303,1.869,0.109,1.6789,2.15,0.058
07/01/2010,ÓLEO DIESEL,NORDESTE,5878,R$/l,1.968,0.069,1.72,2.76,0.214,0.0350609756097561,1.754,0.052,1.4471,1.9512,0.03
07/01/2010,ÓLEO DIESEL,NORTE,2184,R$/l,2.154,0.151,1.889,2.75,0.272,0.0701021355617456,1.882,0.068,1.7,2.1405,0.036
07/01/2010,ÓLEO DIESEL,SUDESTE,14024,R$/l,1.966,0.074,1.699,2.829,0.238,0.0376398779247202,1.728,0.041,1.3042,1.96,0.024
07/01/2010,ÓLEO DIESEL,SUL,5052,R$/l,1.994,0.075,1.79,2.34,0.222,0.0376128385155466,1.772,0.038,1.655,2.0183,0.021
08/01/2010,ÓLEO DIESEL,CENTRO OESTE,2747,R$/l,2.091,0.149,1.76,2.59,0.229,0.0712577714012434,1.862,0.107,1.6748,2.085,0.057
08/01/2010,ÓLEO DIESEL,NORDESTE,7079,R$/l,1.966,0.069,1.69,2.281,0.215,0.0350966429298067,1.751,0.052,1.324,1.9512,0.03
08/01/2010,ÓLEO DIESEL,NORTE,2603,R$/l,2.139,0.151,1.889,2.75,0.26,0.0705937353903693,1.879,0.065,1.7047,2.0846,0.035
08/01/2010,ÓLEO DIESEL,SUDESTE,16506,R$/l,1.964,0.074,1.448,2.399,0.238,0.0376782077393075,1.726,0.041,1.5787,2.005,0.024
08/01/2010,ÓLEO DIESEL,SUL,5949,R$/l,1.995,0.076,1.648,2.59,0.222,0.0380952380952381,1.773,0.039,1.6,1.962,0.022
09/01/2010,ÓLEO DIESEL,CENTRO OESTE,2521,R$/l,2.092,0.147,1.76,2.59,0.227,0.0702676864244742,1.865,0.107,1.685,2.075,0.057
09/01/2010,ÓLEO DIESEL,NORDESTE,6359,R$/l,1.965,0.069,1.748,2.281,0.211,0.0351145038167939,1.754,0.052,1.5794,2,0.03
09/01/2010,ÓLEO DIESEL,NORTE,2434,R$/l,2.136,0.154,1.889,2.75,0.259,0.0720973782771536,1.877,0.076,1.7,2.0846,0.04
09/01/2010,ÓLEO DIESEL,SUDESTE,14961,R$/l,1.963,0.073,1.675,2.59,0.237,0.0371879775853286,1.726,0.041,1.4699,1.894,0.024
09/01/2010,ÓLEO DIESEL,SUL,5262,R$/l,1.996,0.075,1.648,2.31,0.222,0.0375751503006012,1.774,0.039,1.6178,1.9315,0.022
10/01/2010,ÓLEO DIESEL,CENTRO OESTE,2352,R$/l,2.09,0.147,1.79,2.59,0.225,0.0703349282296651,1.865,0.105,1.6554,2.08,0.056
10/01/2010,ÓLEO DIESEL,NORDESTE,5970,R$/l,1.965,0.068,1.739,2.281,0.211,0.0346055979643766,1.754,0.052,1.601,1.9051,0.03
10/01/2010,ÓLEO DIESEL,NORTE,2275,R$/l,2.143,0.153,1.889,2.75,0.262,0.0713952403173122,1.881,0.083,1.7,2.2121,0.044
10/01/2010,ÓLEO DIESEL,SUDESTE,14012,R$/l,1.966,0.074,1.699,2.59,0.244,0.0376398779247202,1.722,0.044,1.2222,1.984,0.026
10/01/2010,ÓLEO DIESEL,SUL,4983,R$/l,1.995,0.075,1.739,2.31,0.223,0.037593984962406,1.772,0.039,1.6274,1.9066,0.022
11/01/2010,ÓLEO DIESEL,CENTRO OESTE,2867,R$/l,2.089,0.146,1.79,2.59,0.227,0.0698898994734323,1.862,0.103,1.672,2.09,0.055
11/01/2010,ÓLEO DIESEL,NORDESTE,7338,R$/l,1.964,0.069,1.729,2.59,0.216,0.035132382892057,1.748,0.052,1.185,1.8977,0.03
11/01/2010,ÓLEO DIESEL,NORTE,2837,R$/l,2.145,0.157,1.889,2.75,0.261,0.0731934731934732,1.884,0.098,1.7,2.213,0.052
11/01/2010,ÓLEO DIESEL,SUDESTE,17211,R$/l,1.966,0.073,1.58,2.399,0.247,0.0371312309257375,1.719,0.046,1.228,1.969,0.027
11/01/2010,ÓLEO DIESEL,SUL,6009,R$/l,1.995,0.076,1.699,2.31,0.226,0.0380952380952381,1.769,0.038,1.6545,1.9,0.021
12/01/2010,ÓLEO DIESEL,CENTRO OESTE,2406,R$/l,2.089,0.145,1.79,2.59,0.229,0.0694112015318334,1.86,0.106,1.2006,2.085,0.057
12/01/2010,ÓLEO DIESEL,NORDESTE,6088,R$/l,1.964,0.068,1.759,2.39,0.216,0.0346232179226069,1.748,0.052,1.6032,1.9155,0.03
12/01/2010,ÓLEO DIESEL,NORTE,2268,R$/l,2.147,0.165,1.889,2.75,0.263,0.0768514205868654,1.884,0.102,1.703,2.2372,0.054
12/01/2010,ÓLEO DIESEL,SUDESTE,14389,R$/l,1.967,0.074,1.699,2.5,0.25,0.0376207422470768,1.717,0.046,1.3,1.969,0.027
12/01/2010,ÓLEO DIESEL,SUL,5045,R$/l,1.995,0.075,1.799,2.31,0.224,0.037593984962406,1.771,0.04,1.6,1.9268,0.023
01/01/2011,ÓLEO DIESEL,CENTRO OESTE,2497,R$/l,2.095,0.15,1.789,2.64,0.224,0.071599045346062,1.871,0.101,1.677,2.095,0.054
01/01/2011,ÓLEO DIESEL,NORDESTE,6690,R$/l,1.969,0.067,1.74,2.299,0.208,0.0340274250888776,1.761,0.055,1.6038,1.946,0.031
01/01/2011,ÓLEO DIESEL,NORTE,2811,R$/l,2.152,0.156,1.889,2.72,0.255,0.0724907063197026,1.897,0.094,1.7,2.2121,0.05
01/01/2011,ÓLEO DIESEL,SUDESTE,15455,R$/l,1.977,0.073,1.69,2.399,0.241,0.0369246332827516,1.736,0.05,1.5764,1.9907,0.029
01/01/2011,ÓLEO DIESEL,SUL,5592,R$/l,2.005,0.077,1.78,2.36,0.223,0.0384039900249377,1.782,0.044,1.6028,1.9362,0.025
02/01/2011,ÓLEO DIESEL,CENTRO OESTE,2181,R$/l,2.108,0.142,1.79,2.59,0.23,0.0673624288425047,1.878,0.101,1.652,2.095,0.054
02/01/2011,ÓLEO DIESEL,NORDESTE,5413,R$/l,1.98,0.066,1.749,2.5,0.21,0.0333333333333333,1.77,0.054,1.5171,1.9517,0.031
02/01/2011,ÓLEO DIESEL,NORTE,1729,R$/l,2.149,0.167,1.89,2.88,0.246,0.0777105630525826,1.903,0.092,1.721,2.3,0.048
02/01/2011,ÓLEO DIESEL,SUDESTE,12478,R$/l,1.984,0.074,1.449,2.399,0.238,0.0372983870967742,1.746,0.049,1.5527,1.97,0.028
02/01/2011,ÓLEO DIESEL,SUL,4220,R$/l,2.012,0.078,1.79,2.459,0.221,0.0387673956262426,1.791,0.045,1.6185,1.979,0.025
03/01/2011,ÓLEO DIESEL,CENTRO OESTE,2916,R$/l,2.132,0.132,1.799,2.739,0.24,0.0619136960600375,1.892,0.09,1.71,2.095,0.048
03/01/2011,ÓLEO DIESEL,NORDESTE,7596,R$/l,1.985,0.066,1.749,2.749,0.212,0.0332493702770781,1.773,0.054,1.55,1.9628,0.03
03/01/2011,ÓLEO DIESEL,NORTE,2890,R$/l,2.16,0.167,1.89,2.82,0.252,0.0773148148148148,1.908,0.097,1.61,2.3,0.051
03/01/2011,ÓLEO DIESEL,SUDESTE,17664,R$/l,1.99,0.074,1.699,2.6,0.243,0.0371859296482412,1.747,0.05,1.1946,2.2438,0.029
03/01/2011,ÓLEO DIESEL,SUL,6083,R$/l,2.018,0.078,1.78,2.775,0.228,0.0386521308225966,1.79,0.045,1.669,1.979,0.025
04/01/2011,ÓLEO DIESEL,CENTRO OESTE,2338,R$/l,2.139,0.13,1.849,2.659,0.243,0.0607760635811127,1.896,0.09,1.5251,2.1,0.047
04/01/2011,ÓLEO DIESEL,NORDESTE,6070,R$/l,1.992,0.072,1.02,2.39,0.218,0.036144578313253,1.774,0.059,1.23,2.168,0.033
04/01/2011,ÓLEO DIESEL,NORTE,2326,R$/l,2.166,0.172,1.79,2.82,0.252,0.0794090489381348,1.914,0.096,1.61,2.33,0.05
04/01/2011,ÓLEO DIESEL,SUDESTE,14114,R$/l,1.996,0.077,1.399,2.699,0.249,0.0385771543086172,1.747,0.054,1.5,1.989,0.031
04/01/2011,ÓLEO DIESEL,SUL,4877,R$/l,2.028,0.078,1.81,2.826,0.237,0.0384615384615385,1.791,0.043,1.5853,2.01,0.024
05/01/2011,ÓLEO DIESEL,CENTRO OESTE,2714,R$/l,2.139,0.131,1.829,2.64,0.246,0.0612435717625059,1.893,0.09,1.7203,2.1,0.048
05/01/2011,ÓLEO DIESEL,NORDESTE,7171,R$/l,1.992,0.072,1.699,2.618,0.219,0.036144578313253,1.773,0.057,1.4692,2,0.032
05/01/2011,ÓLEO DIESEL,NORTE,2838,R$/l,2.16,0.164,1.85,2.87,0.245,0.0759259259259259,1.915,0.081,1.7242,2.33,0.042
05/01/2011,ÓLEO DIESEL,SUDESTE,16428,R$/l,1.994,0.077,1.75,2.98,0.25,0.0386158475426279,1.744,0.05,1.42,1.989,0.029
05/01/2011,ÓLEO DIESEL,SUL,5870,R$/l,2.025,0.078,1.799,2.763,0.237,0.0385185185185185,1.788,0.046,1.655,2.1755,0.026
06/01/2011,ÓLEO DIESEL,CENTRO OESTE,2497,R$/l,2.132,0.14,1.759,2.64,0.238,0.0656660412757974,1.894,0.089,1.7221,2.102,0.047
06/01/2011,ÓLEO DIESEL,NORDESTE,6533,R$/l,1.988,0.074,1.73,2.849,0.217,0.0372233400402415,1.771,0.059,1.1733,1.9348,0.033
06/01/2011,ÓLEO DIESEL,NORTE,2381,R$/l,2.161,0.178,1.85,2.89,0.245,0.0823692734844979,1.916,0.101,1.4919,2.33,0.053
06/01/2011,ÓLEO DIESEL,SUDESTE,15239,R$/l,1.989,0.074,1.749,2.81,0.247,0.0372046254399196,1.742,0.051,1.1918,1.9989,0.029
06/01/2011,ÓLEO DIESEL,SUL,5346,R$/l,2.025,0.08,1.79,2.73,0.246,0.0395061728395062,1.779,0.045,1.658,1.953,0.025
07/01/2011,ÓLEO DIESEL,CENTRO OESTE,2332,R$/l,2.138,0.134,1.819,2.64,0.232,0.0626753975678204,1.906,0.087,1.73,2.21,0.046
07/01/2011,ÓLEO DIESEL,NORDESTE,6071,R$/l,1.988,0.07,1.75,2.399,0.214,0.0352112676056338,1.774,0.059,1.5556,1.9985,0.033
07/01/2011,ÓLEO DIESEL,NORTE,2304,R$/l,2.164,0.168,1.87,2.79,0.241,0.077634011090573,1.923,0.082,1.7142,2.2802,0.043
07/01/2011,ÓLEO DIESEL,SUDESTE,14136,R$/l,1.992,0.075,1.699,2.499,0.247,0.0376506024096386,1.745,0.051,1.438,1.989,0.029
07/01/2011,ÓLEO DIESEL,SUL,5021,R$/l,2.022,0.079,1.799,2.49,0.241,0.0390702274975272,1.781,0.047,1.59,1.99,0.026
08/01/2011,ÓLEO DIESEL,CENTRO OESTE,2861,R$/l,2.136,0.138,1.82,2.64,0.228,0.0646067415730337,1.908,0.084,1.732,2.095,0.044
08/01/2011,ÓLEO DIESEL,NORDESTE,7537,R$/l,1.988,0.071,1.75,2.39,0.214,0.0357142857142857,1.774,0.057,1.64,1.9519,0.032
08/01/2011,ÓLEO DIESEL,NORTE,2886,R$/l,2.166,0.168,1.87,2.8,0.239,0.0775623268698061,1.927,0.074,1.7243,2.359,0.038
08/01/2011,ÓLEO DIESEL,SUDESTE,17202,R$/l,1.989,0.074,1.729,2.499,0.244,0.0372046254399196,1.745,0.051,1.54,1.9937,0.029
08/01/2011,ÓLEO DIESEL,SUL,6276,R$/l,2.026,0.078,1.799,2.36,0.244,0.0384995064165844,1.782,0.045,1.6214,1.9398,0.025
09/01/2011,ÓLEO DIESEL,CENTRO OESTE,2401,R$/l,2.136,0.137,1.829,2.64,0.229,0.0641385767790262,1.907,0.085,1.7354,2.096,0.045
09/01/2011,ÓLEO DIESEL,NORDESTE,6102,R$/l,1.986,0.073,1.749,2.39,0.215,0.0367573011077543,1.771,0.056,1.617,1.9519,0.032
09/01/2011,ÓLEO DIESEL,NORTE,2337,R$/l,2.167,0.166,1.85,2.8,0.238,0.0766035994462391,1.929,0.086,1.72,2.379,0.045
09/01/2011,ÓLEO DIESEL,SUDESTE,14351,R$/l,1.99,0.075,1.749,2.499,0.244,0.0376884422110553,1.746,0.051,1.54,1.9937,0.029
09/01/2011,ÓLEO DIESEL,SUL,5048,R$/l,2.024,0.078,1.81,2.36,0.244,0.0385375494071146,1.78,0.047,1.6523,1.9598,0.026
10/01/2011,ÓLEO DIESEL,CENTRO OESTE,2545,R$/l,2.141,0.139,1.829,2.64,0.227,0.064922933208781,1.914,0.086,1.735,2.14,0.045
10/01/2011,ÓLEO DIESEL,NORDESTE,6849,R$/l,1.987,0.074,1.75,2.49,0.206,0.0372420734776044,1.781,0.058,1.6141,1.9787,0.033
10/01/2011,ÓLEO DIESEL,NORTE,2715,R$/l,2.169,0.166,1.87,2.799,0.233,0.0765329644997695,1.936,0.091,1.7243,2.389,0.047
10/01/2011,ÓLEO DIESEL,SUDESTE,15596,R$/l,1.991,0.076,1.699,2.499,0.237,0.0381717729784028,1.754,0.053,1.6074,1.982,0.03
10/01/2011,ÓLEO DIESEL,SUL,5547,R$/l,2.026,0.078,1.749,2.49,0.242,0.0384995064165844,1.784,0.046,1.654,1.9233,0.026
11/01/2011,ÓLEO DIESEL,CENTRO OESTE,2698,R$/l,2.151,0.14,1.829,2.57,0.228,0.0650860065086007,1.923,0.088,1.74,2.145,0.046
11/01/2011,ÓLEO DIESEL,NORDESTE,6850,R$/l,1.986,0.072,1.759,2.299,0.199,0.0362537764350453,1.787,0.058,1.564,1.991,0.032
11/01/2011,ÓLEO DIESEL,NORTE,2478,R$/l,2.169,0.169,1.91,2.81,0.226,0.0779160903642232,1.943,0.096,1.7243,2.389,0.049
11/01/2011,ÓLEO DIESEL,SUDESTE,15854,R$/l,1.992,0.077,1.749,2.649,0.238,0.0386546184738956,1.754,0.053,1.6,1.998,0.03
11/01/2011,ÓLEO DIESEL,SUL,5524,R$/l,2.025,0.077,1.81,2.399,0.238,0.0380246913580247,1.787,0.045,1.6069,1.93,0.025
12/01/2011,ÓLEO DIESEL,CENTRO OESTE,2321,R$/l,2.157,0.134,1.87,2.79,0.225,0.0621233194251275,1.932,0.083,1.6951,2.35,0.043
12/01/2011,ÓLEO DIESEL,NORDESTE,6124,R$/l,1.991,0.073,1.759,2.3,0.198,0.0366649924660974,1.793,0.064,1.645,2.3505,0.036
12/01/2011,ÓLEO DIESEL,NORTE,2322,R$/l,2.169,0.167,1.91,2.799,0.217,0.0769940064545874,1.952,0.089,1.7243,2.289,0.046
12/01/2011,ÓLEO DIESEL,SUDESTE,14077,R$/l,1.994,0.077,1.749,2.499,0.237,0.0386158475426279,1.757,0.054,1.4808,1.999,0.031
12/01/2011,ÓLEO DIESEL,SUL,4936,R$/l,2.025,0.077,1.799,2.48,0.24,0.0380246913580247,1.785,0.044,1.66,1.9108,0.025
01/01/2012,ÓLEO DIESEL,CENTRO OESTE,2614,R$/l,2.157,0.136,1.87,2.59,0.218,0.0630505331478906,1.939,0.077,1.752,2.142,0.04
01/01/2012,ÓLEO DIESEL,NORDESTE,7093,R$/l,1.99,0.073,1.7,2.25,0.196,0.0366834170854271,1.794,0.066,1.519,2.0001,0.037
01/01/2012,ÓLEO DIESEL,NORTE,2795,R$/l,2.18,0.161,1.859,2.8,0.219,0.0738532110091743,1.961,0.078,1.7243,2.2569,0.04
01/01/2012,ÓLEO DIESEL,SUDESTE,16788,R$/l,2.005,0.079,1.749,2.499,0.232,0.0394014962593516,1.773,0.06,1.541,1.999,0.034
01/01/2012,ÓLEO DIESEL,SUL,6010,R$/l,2.025,0.078,1.78,2.36,0.237,0.0385185185185185,1.788,0.046,1.6509,1.9331,0.026
02/01/2012,ÓLEO DIESEL,CENTRO OESTE,2593,R$/l,2.157,0.129,1.87,2.55,0.218,0.0598052851182198,1.939,0.08,1.718,2.145,0.041
02/01/2012,ÓLEO DIESEL,NORDESTE,6435,R$/l,1.991,0.075,1.759,2.33,0.198,0.0376695128076344,1.793,0.066,1.1811,1.975,0.037
02/01/2012,ÓLEO DIESEL,NORTE,2406,R$/l,2.183,0.171,1.88,2.8,0.233,0.0783325698579936,1.95,0.103,1.7043,2.3729,0.053
02/01/2012,ÓLEO DIESEL,SUDESTE,14373,R$/l,2.01,0.081,1.669,2.509,0.229,0.0402985074626866,1.781,0.064,1.607,2.0333,0.036
02/01/2012,ÓLEO DIESEL,SUL,5077,R$/l,2.024,0.077,1.799,2.36,0.231,0.0380434782608696,1.793,0.052,1.3196,1.9876,0.029
03/01/2012,ÓLEO DIESEL,CENTRO OESTE,2299,R$/l,2.157,0.132,1.889,2.55,0.222,0.0611961057023644,1.935,0.086,1.029,2.149,0.044
03/01/2012,ÓLEO DIESEL,NORDESTE,6037,R$/l,1.993,0.075,1.77,2.299,0.197,0.0376317109884596,1.796,0.065,1.578,2,0.036
03/01/2012,ÓLEO DIESEL,NORTE,2426,R$/l,2.178,0.166,1.889,2.79,0.229,0.076216712580349,1.949,0.097,1.4164,2.3589,0.05
03/01/2012,ÓLEO DIESEL,SUDESTE,14184,R$/l,2.011,0.081,1.68,2.949,0.23,0.0402784684236698,1.781,0.065,1.5965,2.0524,0.036
03/01/2012,ÓLEO DIESEL,SUL,5076,R$/l,2.029,0.077,1.799,2.79,0.23,0.0379497289305076,1.799,0.05,1.523,1.9876,0.028
04/01/2012,ÓLEO DIESEL,CENTRO OESTE,2321,R$/l,2.142,0.133,1.8,2.555,0.217,0.0620915032679739,1.925,0.082,1.7701,2.157,0.043
04/01/2012,ÓLEO DIESEL,NORDESTE,6185,R$/l,1.999,0.073,1.739,2.299,0.195,0.0365182591295648,1.804,0.065,1.6,1.992,0.036
04/01/2012,ÓLEO DIESEL,NORTE,2340,R$/l,2.179,0.168,1.889,2.8,0.238,0.0770995869664984,1.941,0.098,1.7084,2.39,0.05
04/01/2012,ÓLEO DIESEL,SUDESTE,14099,R$/l,2.016,0.08,1.68,2.499,0.235,0.0396825396825397,1.781,0.067,1.481,1.9985,0.038
04/01/2012,ÓLEO DIESEL,SUL,5133,R$/l,2.029,0.074,1.799,2.397,0.235,0.0364711680630853,1.794,0.046,1.676,1.94,0.026
05/01/2012,ÓLEO DIESEL,CENTRO OESTE,2894,R$/l,2.14,0.133,1.88,2.59,0.219,0.0621495327102804,1.921,0.088,1.639,2.168,0.046
05/01/2012,ÓLEO DIESEL,NORDESTE,7191,R$/l,2.002,0.075,1.749,2.44,0.202,0.0374625374625375,1.8,0.067,1.6289,1.998,0.037
05/01/2012,ÓLEO DIESEL,NORTE,2870,R$/l,2.178,0.168,1.889,2.79,0.241,0.0771349862258953,1.937,0.096,1.7084,2.39,0.05
05/01/2012,ÓLEO DIESEL,SUDESTE,17338,R$/l,2.015,0.081,1.739,2.69,0.236,0.0401985111662531,1.779,0.07,1.418,2.0236,0.039
05/01/2012,ÓLEO DIESEL,SUL,6094,R$/l,2.028,0.074,1.83,2.32,0.24,0.0364891518737673,1.788,0.046,1.5036,1.955,0.026
06/01/2012,ÓLEO DIESEL,CENTRO OESTE,2282,R$/l,2.142,0.134,1.86,2.57,0.224,0.0625583566760037,1.918,0.085,1.772,2.1698,0.044
06/01/2012,ÓLEO DIESEL,NORDESTE,5974,R$/l,2,0.075,1.729,2.299,0.204,0.0375,1.796,0.067,1.6289,2.0002,0.037
06/01/2012,ÓLEO DIESEL,NORTE,2299,R$/l,2.178,0.171,1.91,2.8,0.244,0.0785123966942149,1.934,0.095,1.588,2.353,0.049
06/01/2012,ÓLEO DIESEL,SUDESTE,13900,R$/l,2.016,0.082,1.786,2.79,0.239,0.0406746031746032,1.777,0.07,1.3012,1.999,0.039
06/01/2012,ÓLEO DIESEL,SUL,4949,R$/l,2.029,0.075,1.79,2.519,0.247,0.0369640216855594,1.782,0.043,1.5062,1.9703,0.024
07/01/2012,ÓLEO DIESEL,CENTRO OESTE,2458,R$/l,2.179,0.136,1.88,2.59,0.23,0.062413951353832,1.949,0.093,1.7259,2.2949,0.048
07/01/2012,ÓLEO DIESEL,NORDESTE,6921,R$/l,2.031,0.083,1.739,2.45,0.203,0.0408665681930084,1.828,0.08,1.2985,2.07,0.044
07/01/2012,ÓLEO DIESEL,NORTE,2546,R$/l,2.197,0.17,1.91,2.94,0.241,0.0773782430587164,1.956,0.093,1.7084,2.367,0.048
07/01/2012,ÓLEO DIESEL,SUDESTE,15507,R$/l,2.046,0.091,1.779,2.599,0.24,0.0444770283479961,1.806,0.078,1.5083,2.0918,0.043
07/01/2012,ÓLEO DIESEL,SUL,5906,R$/l,2.063,0.092,1.799,2.78,0.253,0.0445952496364518,1.81,0.058,1.67,2.0421,0.032
08/01/2012,ÓLEO DIESEL,CENTRO OESTE,2643,R$/l,2.228,0.149,1.89,2.72,0.221,0.0668761220825853,2.007,0.106,1.785,2.2998,0.053
08/01/2012,ÓLEO DIESEL,NORDESTE,6437,R$/l,2.091,0.079,1.797,2.399,0.201,0.0377809660449546,1.89,0.066,1.63,2.1311,0.035
08/01/2012,ÓLEO DIESEL,NORTE,2586,R$/l,2.234,0.175,1.95,2.95,0.24,0.0783348254252462,1.994,0.088,1.7099,2.3965,0.044
08/01/2012,ÓLEO DIESEL,SUDESTE,15401,R$/l,2.103,0.081,1.799,2.499,0.233,0.0385164051355207,1.87,0.068,1.512,2.2615,0.036
08/01/2012,ÓLEO DIESEL,SUL,5172,R$/l,2.126,0.085,1.859,2.499,0.263,0.0399811853245532,1.863,0.052,1.66,2.048,0.028
09/01/2012,ÓLEO DIESEL,CENTRO OESTE,2254,R$/l,2.232,0.146,1.89,2.67,0.222,0.0654121863799283,2.01,0.11,1.791,2.2999,0.055
09/01/2012,ÓLEO DIESEL,NORDESTE,5877,R$/l,2.093,0.077,1.79,2.559,0.199,0.0367892976588629,1.894,0.065,1.6902,2.266,0.034
09/01/2012,ÓLEO DIESEL,NORTE,2273,R$/l,2.238,0.174,1.95,2.95,0.238,0.0777479892761394,2,0.091,1.7084,2.4365,0.046
09/01/2012,ÓLEO DIESEL,SUDESTE,13646,R$/l,2.109,0.08,1.799,2.599,0.233,0.0379326695116169,1.876,0.065,1.639,2.24,0.035
09/01/2012,ÓLEO DIESEL,SUL,4794,R$/l,2.13,0.084,1.849,2.549,0.257,0.0394366197183099,1.873,0.05,1.722,2.1464,0.027
10/01/2012,ÓLEO DIESEL,CENTRO OESTE,2722,R$/l,2.244,0.138,1.98,2.67,0.217,0.0614973262032086,2.027,0.106,1.798,2.299,0.052
10/01/2012,ÓLEO DIESEL,NORDESTE,7312,R$/l,2.098,0.077,1.799,2.5,0.197,0.0367016205910391,1.901,0.067,1.7084,2.0918,0.035
10/01/2012,ÓLEO DIESEL,NORTE,2772,R$/l,2.267,0.164,1.97,2.95,0.249,0.0723423026025585,2.018,0.109,1.7589,2.57,0.054
10/01/2012,ÓLEO DIESEL,SUDESTE,16420,R$/l,2.116,0.081,1.839,2.599,0.229,0.0382797731568998,1.887,0.066,1.65,2.24,0.035
10/01/2012,ÓLEO DIESEL,SUL,5896,R$/l,2.133,0.081,1.898,2.549,0.239,0.0379746835443038,1.894,0.049,1.722,2.1108,0.026
11/01/2012,ÓLEO DIESEL,CENTRO OESTE,2267,R$/l,2.249,0.136,1.99,2.67,0.208,0.0604713205869275,2.041,0.098,1.825,2.3,0.048
11/01/2012,ÓLEO DIESEL,NORDESTE,5921,R$/l,2.103,0.076,1.87,2.4,0.198,0.0361388492629577,1.905,0.068,1.7084,2.1225,0.036
11/01/2012,ÓLEO DIESEL,NORTE,2299,R$/l,2.271,0.165,1.97,2.95,0.246,0.0726552179656539,2.025,0.1,1.7765,2.57,0.049
11/01/2012,ÓLEO DIESEL,SUDESTE,13811,R$/l,2.118,0.081,1.8,2.599,0.225,0.038243626062323,1.893,0.064,1.6383,2.1354,0.034
11/01/2012,ÓLEO DIESEL,SUL,4854,R$/l,2.136,0.08,1.899,2.44,0.23,0.0374531835205993,1.906,0.045,1.78,2.086,0.024
12/01/2012,ÓLEO DIESEL,CENTRO OESTE,2171,R$/l,2.253,0.14,1.99,2.67,0.215,0.0621393697292499,2.038,0.094,1.82,2.3,0.046
12/01/2012,ÓLEO DIESEL,NORDESTE,5832,R$/l,2.105,0.074,1.889,2.459,0.197,0.0351543942992874,1.908,0.068,1.7275,2.0851,0.036
12/01/2012,ÓLEO DIESEL,NORTE,2260,R$/l,2.277,0.164,1.99,2.95,0.251,0.0720245937637242,2.026,0.093,1.795,2.57,0.046
12/01/2012,ÓLEO DIESEL,SUDESTE,13331,R$/l,2.122,0.08,1.869,2.499,0.225,0.0377002827521206,1.897,0.063,1.6601,2.2006,0.033
12/01/2012,ÓLEO DIESEL,SUL,4740,R$/l,2.137,0.081,1.899,2.47,0.23,0.0379036031820309,1.907,0.048,1.7125,2.065,0.025
