"AGÊNCIA NACIONAL DO PETRÓLEO, GÁS NATURAL E BIOCOMBUSTÍVEIS - ANP",,,,,,,,,,,,,,,
"SUPERINTENDÊNCIA DE DEFESA DA CONCORRÊNCIA, ESTUDOS E REGULAÇÃO ECONÔMICA",,,,,,,,,,,,,,,
SISTEMA DE LEVANTAMENTO DE PREÇOS,,,,,,,,,,,,,,,
,,,,,,,,,,,,,,,
RELATÓRIO DE DEFESA DA CONCORRÊNCIA,,,,,,,,,,,,,,,
,,,,,,,,,,,,,,,
INTERVALO DE TEMPO: MENSAL,,,,,,,,,,,,,,,
PERÍODO: JANEIRO DE 2013 EM DIANTE,,,,,,,,,,,,,,,
COMBUSTÍVEL: TODOS,,,,,,,,,,,,,,,
TIPO RELATÓRIO: REGIÃO,,,,,,,,,,,,,,,
,,,,,,,,,,,,,,,
"Obs: Entre 30/07/17 e 30/12/17, a abrangência geográfica da pesquisa foi reduzida de 501 para 459 municípios, distribuídos da seguinte forma: as 26 capitais e o Distrito Federal pesquisados semanalmente e outros 432 municípios pesquisados quinzenalmente, alternando-se a cada semana um determinado grupo (Grupo A com as 27 capitais mais 215 municípios, totalizando 242 localidades, e Grupo B com as 27 capitais e outros 217 municípios, reunindo 244 localidades).",,,,,,,,,,,,,,,
"Para mais informações, acesse http://www.anp.gov.br/precos-e-defesa-da-concorrencia/precos/levantamento-de-precos.",,,,,,,,,,,,,,,
"Entre 27/5/18 e 2/6/18, o quantitativo de revendas com combustível disponível pesquisadas foi reduzido em torno de 85% em função dos impactos gerados pela greve dos caminhoneiros.",,,,,,,,,,,,,,,
,,,,,,,,,,,,,,,
MÊS,PRODUTO,REGIÃO,NÚMERO DE POSTOS PESQUISADOS,UNIDADE DE MEDIDA,PREÇO MÉDIO REVENDA,DESVIO PADRÃO REVENDA,PREÇO MÍNIMO REVENDA,PREÇO MÁXIMO REVENDA,MARGEM MÉDIA REVENDA,COEF DE VARIAÇÃO REVENDA,PREÇO MÉDIO DISTRIBUIÇÃO,DESVIO PADRÃO DISTRIBUIÇÃO,PREÇO MÍNIMO DISTRIBUIÇÃO,PREÇO MÁXIMO DISTRIBUIÇÃO,COEF DE VARIAÇÃO DISTRIBUIÇÃO
01/01/2013,ÓLEO DIESEL,CENTRO OESTE,2611,R$/l,2.257,0.137,1.99,2.67,0.061,0.218,2.039,0.096,1.8469,2.3269,0.047
01/01/2013,ÓLEO DIESEL,NORDESTE,5902,R$/l,2.111,0.075,1.89,2.399,0.036,0.203,1.908,0.061,1.7275,2.1264,0.032
01/01/2013,ÓLEO DIESEL,NORTE,2442,R$/l,2.285,0.168,1.99,2.95,0.074,0.259,2.026,0.089,1.7953,2.57,0.044
01/01/2013,ÓLEO DIESEL,SUDESTE,16124,R$/l,2.126,0.08,1.869,2.724,0.038,0.23,1.896,0.062,1.3984,2.1571,0.033
01/01/2013,ÓLEO DIESEL,SUL,5670,R$/l,2.141,0.082,1.869,2.66,0.038,0.24,1.901,0.05,1.769,2.2155,0.026
01/01/2013,ÓLEO DIESEL S10,CENTRO OESTE,262,R$/l,2.398,0.149,2.039,2.95,0.062,0.234,2.164,0.086,1.94,2.47,0.04
01/01/2013,ÓLEO DIESEL S10,NORDESTE,1550,R$/l,2.182,0.065,2.039,2.529,0.03,0.202,1.98,0.045,1.8736,2.134,0.023
01/01/2013,ÓLEO DIESEL S10,NORTE,390,R$/l,2.315,0.142,2.09,2.75,0.061,0.226,2.089,0.052,1.9935,2.3264,0.025
01/01/2013,ÓLEO DIESEL S10,SUDESTE,1681,R$/l,2.243,0.078,1.99,2.6,0.035,0.27,1.973,0.062,1.8,2.2462,0.031
01/01/2013,ÓLEO DIESEL S10,SUL,858,R$/l,2.236,0.088,2.019,2.53,0.039,0.247,1.989,0.056,1.8832,2.1498,0.028
01/01/2013,ETANOL HIDRATADO,CENTRO OESTE,2895,R$/l,2.005,0.16,1.497,2.449,0.08,0.316,1.689,0.136,1.41,2.057,0.081
01/01/2013,ETANOL HIDRATADO,NORDESTE,7073,R$/l,2.208,0.12,1.84,2.72,0.054,0.245,1.963,0.118,1.5258,2.4236,0.06
01/01/2013,ETANOL HIDRATADO,NORTE,1685,R$/l,2.323,0.17,1.99,3.12,0.073,0.265,2.058,0.113,1.6239,2.4745,0.055
01/01/2013,ETANOL HIDRATADO,SUDESTE,20625,R$/l,1.889,0.229,1.479,2.79,0.121,0.264,1.625,0.202,1.2199,2.4626,0.124
01/01/2013,ETANOL HIDRATADO,SUL,7306,R$/l,2.085,0.231,1.73,2.77,0.111,0.252,1.833,0.202,1.4417,2.3457,0.11
01/01/2013,GASOLINA COMUM,CENTRO OESTE,2880,R$/l,2.834,0.113,2.559,3.23,0.04,0.41,2.424,0.073,2.3017,2.835,0.03
01/01/2013,GASOLINA COMUM,NORDESTE,7740,R$/l,2.746,0.11,2.4,3.19,0.04,0.382,2.364,0.073,2.185,2.825,0.031
01/01/2013,GASOLINA COMUM,NORTE,2802,R$/l,2.898,0.161,2.53,3.58,0.056,0.418,2.48,0.093,2.29,2.89,0.038
01/01/2013,GASOLINA COMUM,SUDESTE,20839,R$/l,2.732,0.157,2.229,3.899,0.057,0.373,2.359,0.127,2.0803,2.8949,0.054
01/01/2013,GASOLINA COMUM,SUL,7729,R$/l,2.777,0.093,2.35,3.279,0.033,0.4,2.377,0.054,2.202,2.6478,0.023
01/01/2013,GLP,CENTRO OESTE,4636,R$/13kg,42.185,4.855,34,59,0.115,7.325,34.86,4.457,26.81,45,0.128
01/01/2013,GLP,NORDESTE,6338,R$/13kg,38.105,3.725,26,50,0.098,9.776,28.329,4.193,20.57,41,0.148
01/01/2013,GLP,NORTE,3569,R$/13kg,41.439,4.602,30,62,0.111,9.151,32.288,4.681,19.17,40.98,0.145
01/01/2013,GLP,SUDESTE,16982,R$/13kg,40.479,3.471,28,53,0.086,11.457,29.022,3.401,15,39.5,0.117
01/01/2013,GLP,SUL,8072,R$/13kg,40.765,3.139,30,50,0.077,9.455,31.31,2.918,16.14,41,0.093
01/01/2013,GNV,CENTRO OESTE,35,R$/m3,1.974,0.091,1.79,2.19,0.046,0.256,1.718,0.224,1.4,1.913,0.13
01/01/2013,GNV,NORDESTE,577,R$/m3,1.813,0.111,1.45,2.369,0.061,0.463,1.35,0.135,1.0711,1.8217,0.1
01/01/2013,GNV,NORTE,3,R$/m3,1.95,0,1.95,1.95,0,0.262,1.688,0,1.688,1.688,0
01/01/2013,GNV,SUDESTE,1407,R$/m3,1.658,0.16,1.379,2.599,0.097,0.37,1.288,0.156,0.8354,1.78,0.121
01/01/2013,GNV,SUL,379,R$/m3,1.944,0.12,1.399,2.339,0.062,0.427,1.517,0.083,1.2276,1.5987,0.055
02/01/2013,ÓLEO DIESEL,CENTRO OESTE,2155,R$/l,2.363,0.134,2.05,2.78,0.057,0.265,2.098,0.103,1.89,2.3959,0.049
02/01/2013,ÓLEO DIESEL,NORDESTE,4853,R$/l,2.219,0.077,1.959,2.59,0.035,0.248,1.971,0.068,1.4745,2.212,0.035
02/01/2013,ÓLEO DIESEL,NORTE,2017,R$/l,2.38,0.163,2.09,2.98,0.068,0.296,2.084,0.102,1.8411,2.57,0.049
02/01/2013,ÓLEO DIESEL,SUDESTE,13155,R$/l,2.221,0.083,1.949,2.72,0.037,0.258,1.963,0.071,1.6675,2.285,0.036
02/01/2013,ÓLEO DIESEL,SUL,4434,R$/l,2.225,0.088,1.95,2.82,0.04,0.268,1.957,0.058,1.759,2.19,0.03
02/01/2013,ÓLEO DIESEL S10,CENTRO OESTE,465,R$/l,2.52,0.137,2.29,3.05,0.054,0.265,2.255,0.085,2.0305,2.5543,0.038
02/01/2013,ÓLEO DIESEL S10,NORDESTE,1893,R$/l,2.281,0.073,2.06,2.599,0.032,0.233,2.048,0.063,1.8916,2.3022,0.031
02/01/2013,ÓLEO DIESEL S10,NORTE,564,R$/l,2.395,0.147,2.099,3.02,0.061,0.25,2.145,0.09,1.9153,2.39,0.042
02/01/2013,ÓLEO DIESEL S10,SUDESTE,2459,R$/l,2.338,0.079,2.099,2.799,0.034,0.285,2.053,0.07,1.7955,2.29,0.034
02/01/2013,ÓLEO DIESEL S10,SUL,1290,R$/l,2.323,0.099,2.059,2.71,0.043,0.289,2.034,0.065,1.905,2.3266,0.032
02/01/2013,ETANOL HIDRATADO,CENTRO OESTE,2418,R$/l,2.046,0.146,1.65,2.599,0.071,0.298,1.748,0.142,1.32,2.1216,0.081
02/01/2013,ETANOL HIDRATADO,NORDESTE,5878,R$/l,2.272,0.117,1.92,2.999,0.051,0.267,2.005,0.113,1.5834,2.3193,0.056
02/01/2013,ETANOL HIDRATADO,NORTE,1440,R$/l,2.368,0.175,1.999,3.15,0.074,0.306,2.062,0.181,1.5317,2.6006,0.088
02/01/2013,ETANOL HIDRATADO,SUDESTE,16939,R$/l,1.932,0.222,1.48,2.79,0.115,0.264,1.668,0.196,1.2999,2.5152,0.118
02/01/2013,ETANOL HIDRATADO,SUL,5895,R$/l,2.123,0.225,1.789,2.96,0.106,0.254,1.869,0.197,1.568,2.5963,0.105
02/01/2013,GASOLINA COMUM,CENTRO OESTE,2407,R$/l,2.972,0.116,2.59,3.35,0.039,0.457,2.515,0.068,2.2919,2.8765,0.027
02/01/2013,GASOLINA COMUM,NORDESTE,6484,R$/l,2.885,0.116,2.52,3.349,0.04,0.438,2.447,0.087,2.227,2.899,0.036
02/01/2013,GASOLINA COMUM,NORTE,2385,R$/l,3.012,0.165,2.53,3.58,0.055,0.459,2.553,0.093,2.3,2.89,0.036
02/01/2013,GASOLINA COMUM,SUDESTE,17120,R$/l,2.846,0.151,2.39,3.899,0.053,0.399,2.447,0.119,2.095,2.9653,0.049
02/01/2013,GASOLINA COMUM,SUL,6268,R$/l,2.912,0.096,2.449,3.49,0.033,0.449,2.463,0.063,2.179,2.738,0.026
02/01/2013,GLP,CENTRO OESTE,3724,R$/13kg,42.274,5.066,36,59,0.12,7.721,34.553,4.423,28,45,0.128
02/01/2013,GLP,NORDESTE,5198,R$/13kg,38.683,4.12,26,50,0.107,10.351,28.332,4.306,21.6,41,0.152
02/01/2013,GLP,NORTE,2880,R$/13kg,42.247,3.454,32,62,0.082,8.876,33.371,3.419,19.17,40.98,0.102
02/01/2013,GLP,SUDESTE,13830,R$/13kg,40.444,3.54,28.9,53,0.088,11.481,28.963,3.425,14.6632,39.99,0.118
02/01/2013,GLP,SUL,6539,R$/13kg,41.304,3.269,30,50,0.079,9.874,31.43,2.996,16.14,40.5,0.095
02/01/2013,GNV,CENTRO OESTE,29,R$/m3,1.969,0.085,1.89,2.19,0.043,0.546,1.423,0.017,1.4199,1.4586,0.012
02/01/2013,GNV,NORDESTE,538,R$/m3,1.824,0.092,1.49,2.369,0.05,0.471,1.353,0.131,1.0851,1.8955,0.097
02/01/2013,GNV,NORTE,3,R$/m3,1.95,0,1.95,1.95,0,0.262,1.688,0,1.688,1.688,0
02/01/2013,GNV,SUDESTE,1171,R$/m3,1.663,0.155,1.399,2.599,0.093,0.388,1.275,0.156,0.837,1.78,0.122
02/01/2013,GNV,SUL,294,R$/m3,1.943,0.122,1.499,2.339,0.063,0.458,1.485,0.095,1.205,1.76,0.064
03/01/2013,ÓLEO DIESEL,CENTRO OESTE,2118,R$/l,2.409,0.147,2.09,2.95,0.061,0.264,2.145,0.107,1.9,2.4059,0.05
03/01/2013,ÓLEO DIESEL,NORDESTE,4867,R$/l,2.265,0.087,1.98,2.649,0.038,0.241,2.024,0.07,1.7712,2.2602,0.035
03/01/2013,ÓLEO DIESEL,NORTE,2015,R$/l,2.412,0.177,2.09,2.99,0.073,0.286,2.126,0.108,1.8411,2.6016,0.051
03/01/2013,ÓLEO DIESEL,SUDESTE,13059,R$/l,2.273,0.09,1.949,2.599,0.04,0.264,2.009,0.073,1.68,2.3284,0.036
03/01/2013,ÓLEO DIESEL,SUL,4379,R$/l,2.281,0.094,1.949,2.805,0.041,0.27,2.011,0.062,1.79,2.2762,0.031
03/01/2013,ÓLEO DIESEL S10,CENTRO OESTE,531,R$/l,2.569,0.14,2.29,3.05,0.054,0.272,2.297,0.09,2.08,2.5703,0.039
03/01/2013,ÓLEO DIESEL S10,NORDESTE,1966,R$/l,2.325,0.088,2.12,2.8,0.038,0.228,2.097,0.065,1.9239,2.4,0.031
03/01/2013,ÓLEO DIESEL S10,NORTE,675,R$/l,2.427,0.16,2.169,3.02,0.066,0.238,2.189,0.104,1.9153,2.412,0.048
03/01/2013,ÓLEO DIESEL S10,SUDESTE,2793,R$/l,2.407,0.09,2.029,2.799,0.037,0.293,2.114,0.078,1.889,2.4,0.037
03/01/2013,ÓLEO DIESEL S10,SUL,1409,R$/l,2.38,0.104,2.059,2.81,0.044,0.268,2.112,0.084,1.928,2.387,0.04
03/01/2013,ETANOL HIDRATADO,CENTRO OESTE,2428,R$/l,2.07,0.155,1.75,2.699,0.075,0.287,1.783,0.142,1.55,2.1816,0.08
03/01/2013,ETANOL HIDRATADO,NORDESTE,5894,R$/l,2.3,0.12,1.94,2.999,0.052,0.232,2.068,0.108,1.7103,2.3536,0.052
03/01/2013,ETANOL HIDRATADO,NORTE,1462,R$/l,2.394,0.184,1.999,3.15,0.077,0.306,2.088,0.188,1.5564,2.5175,0.09
03/01/2013,ETANOL HIDRATADO,SUDESTE,16933,R$/l,2,0.207,1.58,2.86,0.104,0.256,1.744,0.187,1.2979,2.4281,0.107
03/01/2013,ETANOL HIDRATADO,SUL,5874,R$/l,2.176,0.224,1.789,2.96,0.103,0.225,1.951,0.203,1.616,2.6589,0.104
03/01/2013,GASOLINA COMUM,CENTRO OESTE,2409,R$/l,2.976,0.12,2.699,3.41,0.04,0.446,2.53,0.07,2.4,2.9442,0.028
03/01/2013,GASOLINA COMUM,NORDESTE,6486,R$/l,2.876,0.121,2.49,3.349,0.042,0.403,2.473,0.077,2.27,2.887,0.031
03/01/2013,GASOLINA COMUM,NORTE,2385,R$/l,3.012,0.17,2.53,3.58,0.056,0.449,2.563,0.09,2.2572,2.9415,0.035
03/01/2013,GASOLINA COMUM,SUDESTE,17118,R$/l,2.849,0.151,2.44,3.939,0.053,0.383,2.466,0.118,2.125,2.86,0.048
03/01/2013,GASOLINA COMUM,SUL,6265,R$/l,2.903,0.097,2.509,3.49,0.033,0.409,2.494,0.06,2.265,2.809,0.024
03/01/2013,GLP,CENTRO OESTE,3725,R$/13kg,42.417,4.973,36,59,0.117,7.677,34.74,4.43,26.4,45,0.128
03/01/2013,GLP,NORDESTE,5178,R$/13kg,38.731,3.945,26,50,0.102,10.089,28.642,4.117,16.8,41,0.144
03/01/2013,GLP,NORTE,2875,R$/13kg,42.688,3.344,35,62,0.078,9.093,33.595,3.453,19.17,41.5,0.103
03/01/2013,GLP,SUDESTE,13734,R$/13kg,40.481,3.739,26,54,0.092,11.603,28.878,3.471,14.66,39.31,0.12
03/01/2013,GLP,SUL,6549,R$/13kg,41.521,3.298,29.9,50,0.079,9.806,31.715,3.308,16.14,41,0.104
03/01/2013,GNV,CENTRO OESTE,24,R$/m3,1.977,0.077,1.89,2.19,0.039,0.553,1.424,0.018,1.4199,1.4586,0.013
03/01/2013,GNV,NORDESTE,499,R$/m3,1.829,0.102,1.59,2.369,0.056,0.47,1.359,0.132,1.1635,1.8955,0.097
03/01/2013,GNV,NORTE,3,R$/m3,1.95,0,1.95,1.95,0,0.262,1.688,0,1.688,1.688,0
03/01/2013,GNV,SUDESTE,1207,R$/m3,1.668,0.151,1.399,2.599,0.091,0.37,1.298,0.157,0.952,2.2218,0.121
03/01/2013,GNV,SUL,310,R$/m3,1.954,0.107,1.49,2.339,0.055,0.461,1.493,0.149,1.205,1.9397,0.1
04/01/2013,ÓLEO DIESEL,CENTRO OESTE,2381,R$/l,2.443,0.138,2.139,2.95,0.056,0.279,2.164,0.092,1.945,2.4059,0.043
04/01/2013,ÓLEO DIESEL,NORDESTE,5487,R$/l,2.296,0.083,1.98,2.649,0.036,0.251,2.045,0.061,1.764,2.2602,0.03
04/01/2013,ÓLEO DIESEL,NORTE,2207,R$/l,2.443,0.176,2.12,3.02,0.072,0.294,2.149,0.117,1.874,2.69,0.054
04/01/2013,ÓLEO DIESEL,SUDESTE,14555,R$/l,2.303,0.083,1.899,2.799,0.036,0.268,2.035,0.069,1.638,2.346,0.034
04/01/2013,ÓLEO DIESEL,SUL,5026,R$/l,2.31,0.085,1.949,2.63,0.037,0.282,2.028,0.056,1.849,2.2607,0.028
04/01/2013,ÓLEO DIESEL S10,CENTRO OESTE,733,R$/l,2.619,0.132,2.31,3.05,0.05,0.257,2.362,0.095,2.08,2.6383,0.04
04/01/2013,ÓLEO DIESEL S10,NORDESTE,2357,R$/l,2.353,0.082,2.15,2.8,0.035,0.232,2.121,0.057,1.975,2.4602,0.027
04/01/2013,ÓLEO DIESEL S10,NORTE,861,R$/l,2.477,0.162,2.23,3.1,0.065,0.253,2.224,0.095,1.974,2.6128,0.043
04/01/2013,ÓLEO DIESEL S10,SUDESTE,3716,R$/l,2.445,0.082,2.179,2.899,0.034,0.29,2.155,0.069,1.71,2.39,0.032
04/01/2013,ÓLEO DIESEL S10,SUL,1821,R$/l,2.436,0.093,2.199,2.81,0.038,0.27,2.166,0.068,1.9917,2.386,0.031
04/01/2013,ETANOL HIDRATADO,CENTRO OESTE,2804,R$/l,2.065,0.163,1.69,2.699,0.079,0.263,1.802,0.133,1.5,2.1976,0.074
04/01/2013,ETANOL HIDRATADO,NORDESTE,6563,R$/l,2.32,0.116,1.94,2.799,0.05,0.231,2.089,0.103,1.7005,2.3536,0.049
04/01/2013,ETANOL HIDRATADO,NORTE,1574,R$/l,2.446,0.175,2.09,3.16,0.072,0.293,2.153,0.162,1.5714,2.6597,0.075
04/01/2013,ETANOL HIDRATADO,SUDESTE,19109,R$/l,2.005,0.213,1.58,2.999,0.106,0.27,1.735,0.191,1.2999,2.4662,0.11
04/01/2013,ETANOL HIDRATADO,SUL,6747,R$/l,2.174,0.232,1.839,2.898,0.107,0.232,1.942,0.217,1.5745,2.4979,0.112
04/01/2013,GASOLINA COMUM,CENTRO OESTE,2783,R$/l,2.968,0.126,2.67,3.41,0.042,0.439,2.529,0.068,2.3637,2.8341,0.027
04/01/2013,GASOLINA COMUM,NORDESTE,7307,R$/l,2.866,0.123,2.49,3.349,0.043,0.401,2.465,0.067,2.3,2.887,0.027
04/01/2013,GASOLINA COMUM,NORTE,2593,R$/l,3.011,0.173,2.719,3.64,0.057,0.444,2.567,0.097,2.38,2.95,0.038
04/01/2013,GASOLINA COMUM,SUDESTE,19341,R$/l,2.846,0.152,2.39,3.939,0.053,0.386,2.46,0.118,2.0778,2.849,0.048
04/01/2013,GASOLINA COMUM,SUL,7266,R$/l,2.869,0.117,2.477,3.24,0.041,0.381,2.488,0.06,2.28,2.879,0.024
04/01/2013,GLP,CENTRO OESTE,4129,R$/13kg,43.506,4.858,36,59,0.112,8.715,34.791,4.718,22.22,45,0.136
04/01/2013,GLP,NORDESTE,5851,R$/13kg,38.974,4.129,27,52,0.106,10.344,28.63,3.82,21.71,42,0.133
04/01/2013,GLP,NORTE,2984,R$/13kg,43.254,3.492,34,62,0.081,9.926,33.328,3.776,17.17,41.5,0.113
04/01/2013,GLP,SUDESTE,15175,R$/13kg,40.667,3.818,27.9,53,0.094,11.824,28.843,3.437,14.66,40,0.119
04/01/2013,GLP,SUL,7481,R$/13kg,41.241,3.312,29.9,50,0.08,9.748,31.493,3.203,17.697,41,0.102
04/01/2013,GNV,CENTRO OESTE,29,R$/m3,1.978,0.082,1.899,2.19,0.041,0.524,1.454,0.058,1.4199,1.5688,0.04
04/01/2013,GNV,NORDESTE,571,R$/m3,1.844,0.098,1.59,2.409,0.053,0.471,1.373,0.142,1.0865,1.9308,0.103
04/01/2013,GNV,NORTE,3,R$/m3,1.95,0,1.95,1.95,0,0.262,1.688,0,1.688,1.688,0
04/01/2013,GNV,SUDESTE,1421,R$/m3,1.672,0.155,1.399,2.599,0.093,0.35,1.322,0.166,0.952,2.2217,0.126
04/01/2013,GNV,SUL,411,R$/m3,1.959,0.1,1.49,2.339,0.051,0.443,1.516,0.193,1.219,1.9397,0.127
05/01/2013,ÓLEO DIESEL,CENTRO OESTE,2248,R$/l,2.445,0.135,2.139,2.97,0.055,0.289,2.156,0.088,1.9594,2.4998,0.041
05/01/2013,ÓLEO DIESEL,NORDESTE,5260,R$/l,2.298,0.081,1.98,2.649,0.035,0.247,2.051,0.061,1.8653,2.2602,0.03
05/01/2013,ÓLEO DIESEL,NORTE,2279,R$/l,2.449,0.172,2.15,3.06,0.07,0.296,2.153,0.107,1.87,2.6071,0.05
05/01/2013,ÓLEO DIESEL,SUDESTE,14303,R$/l,2.305,0.083,1.969,2.799,0.036,0.271,2.034,0.069,1.6495,2.3137,0.034
05/01/2013,ÓLEO DIESEL,SUL,4663,R$/l,2.306,0.082,1.988,2.638,0.036,0.281,2.025,0.055,1.74,2.2489,0.027
05/01/2013,ÓLEO DIESEL S10,CENTRO OESTE,740,R$/l,2.62,0.122,2.31,3.05,0.047,0.276,2.344,0.074,2.096,2.537,0.032
05/01/2013,ÓLEO DIESEL S10,NORDESTE,2550,R$/l,2.359,0.08,2.19,2.95,0.034,0.231,2.128,0.051,1.987,2.3416,0.024
05/01/2013,ÓLEO DIESEL S10,NORTE,1037,R$/l,2.482,0.167,2.28,3.1,0.067,0.243,2.239,0.122,1.8742,2.6525,0.054
05/01/2013,ÓLEO DIESEL S10,SUDESTE,3991,R$/l,2.448,0.081,2.169,2.899,0.033,0.296,2.152,0.069,1.924,2.39,0.032
05/01/2013,ÓLEO DIESEL S10,SUL,1795,R$/l,2.437,0.093,2.049,2.81,0.038,0.267,2.17,0.066,1.992,2.3835,0.03
05/01/2013,ETANOL HIDRATADO,CENTRO OESTE,2657,R$/l,2.04,0.19,1.659,2.628,0.093,0.264,1.776,0.144,1.486,2.19,0.081
05/01/2013,ETANOL HIDRATADO,NORDESTE,6480,R$/l,2.329,0.115,1.94,2.79,0.049,0.234,2.095,0.107,1.7063,2.3815,0.051
05/01/2013,ETANOL HIDRATADO,NORTE,1673,R$/l,2.474,0.168,2.09,3.16,0.068,0.302,2.172,0.156,1.5209,2.6597,0.072
05/01/2013,ETANOL HIDRATADO,SUDESTE,18886,R$/l,1.962,0.24,1.389,2.93,0.122,0.319,1.643,0.237,1.2351,2.4617,0.144
05/01/2013,ETANOL HIDRATADO,SUL,6340,R$/l,2.136,0.263,1.699,2.89,0.123,0.268,1.868,0.246,1.4205,2.5785,0.132
05/01/2013,GASOLINA COMUM,CENTRO OESTE,2637,R$/l,2.956,0.139,2.659,3.41,0.047,0.43,2.526,0.064,2.36,2.76,0.025
05/01/2013,GASOLINA COMUM,NORDESTE,7268,R$/l,2.852,0.133,2.489,3.349,0.047,0.389,2.463,0.063,2.245,2.789,0.026
05/01/2013,GASOLINA COMUM,NORTE,2725,R$/l,3.012,0.177,2.58,3.64,0.059,0.445,2.567,0.098,2.38,2.9796,0.038
05/01/2013,GASOLINA COMUM,SUDESTE,19173,R$/l,2.834,0.157,2.329,3.929,0.055,0.395,2.439,0.128,2.1,2.8321,0.052
05/01/2013,GASOLINA COMUM,SUL,6821,R$/l,2.843,0.131,2.459,3.43,0.046,0.368,2.475,0.064,2.2453,2.879,0.026
05/01/2013,GLP,CENTRO OESTE,4257,R$/13kg,44.158,4.739,36,59,0.107,9.051,35.107,4.784,22.2,45,0.136
05/01/2013,GLP,NORDESTE,5791,R$/13kg,39.041,4.334,27,52,0.111,10.328,28.713,3.813,21.4,42,0.133
05/01/2013,GLP,NORTE,3491,R$/13kg,43.618,3.564,34,62,0.082,10.479,33.139,3.772,19.17,41.5,0.114
05/01/2013,GLP,SUDESTE,15889,R$/13kg,40.837,3.742,28,53,0.092,12.011,28.826,3.501,15.87,40,0.121
05/01/2013,GLP,SUL,7230,R$/13kg,41.116,3.28,29.9,50,0.08,9.513,31.603,3.328,17.8671,41,0.105
05/01/2013,GNV,CENTRO OESTE,35,R$/m3,1.976,0.099,1.79,2.19,0.05,0.516,1.46,0.147,1.4199,1.8079,0.101
05/01/2013,GNV,NORDESTE,568,R$/m3,1.826,0.121,1.59,2.409,0.066,0.469,1.357,0.145,0.98,1.844,0.107
05/01/2013,GNV,NORTE,4,R$/m3,1.95,0,1.95,1.95,0,0.262,1.688,0,1.688,1.688,0
05/01/2013,GNV,SUDESTE,1312,R$/m3,1.674,0.144,1.379,2.599,0.086,0.356,1.318,0.144,0.952,1.78,0.109
05/01/2013,GNV,SUL,296,R$/m3,1.953,0.1,1.699,2.339,0.051,0.464,1.489,0.195,1.3145,1.8723,0.131
06/01/2013,ÓLEO DIESEL,CENTRO OESTE,2079,R$/l,2.445,0.134,2.139,2.9,0.055,0.288,2.157,0.084,1.965,2.4263,0.039
06/01/2013,ÓLEO DIESEL,NORDESTE,4716,R$/l,2.302,0.081,2.1,2.77,0.035,0.257,2.045,0.061,1.881,2.2602,0.03
06/01/2013,ÓLEO DIESEL,NORTE,1975,R$/l,2.452,0.174,2.15,3.06,0.071,0.302,2.15,0.101,1.8976,2.6071,0.047
06/01/2013,ÓLEO DIESEL,SUDESTE,12505,R$/l,2.304,0.082,1.95,2.599,0.036,0.274,2.03,0.068,1.75,2.276,0.033
06/01/2013,ÓLEO DIESEL,SUL,4345,R$/l,2.305,0.085,1.949,2.679,0.037,0.282,2.023,0.055,1.84,2.2977,0.027
06/01/2013,ÓLEO DIESEL S10,CENTRO OESTE,638,R$/l,2.623,0.118,2.429,3.05,0.045,0.27,2.353,0.07,2.204,2.599,0.03
06/01/2013,ÓLEO DIESEL S10,NORDESTE,2345,R$/l,2.365,0.082,2.14,2.8,0.035,0.219,2.146,0.055,1.9787,2.39,0.026
06/01/2013,ÓLEO DIESEL S10,NORTE,962,R$/l,2.489,0.163,2.28,3.1,0.065,0.239,2.25,0.097,2.005,2.678,0.043
06/01/2013,ÓLEO DIESEL S10,SUDESTE,3750,R$/l,2.447,0.078,2.199,2.779,0.032,0.296,2.151,0.064,1.925,2.38,0.03
06/01/2013,ÓLEO DIESEL S10,SUL,1751,R$/l,2.437,0.092,2.149,2.81,0.038,0.273,2.164,0.063,2.0227,2.3835,0.029
06/01/2013,ETANOL HIDRATADO,CENTRO OESTE,2421,R$/l,1.999,0.186,1.58,2.628,0.093,0.336,1.663,0.133,1.437,2.1053,0.08
06/01/2013,ETANOL HIDRATADO,NORDESTE,5768,R$/l,2.329,0.115,1.94,2.699,0.049,0.269,2.06,0.119,1.707,2.4068,0.058
06/01/2013,ETANOL HIDRATADO,NORTE,1402,R$/l,2.467,0.167,1.999,3.16,0.068,0.359,2.108,0.136,1.62,2.5014,0.065
06/01/2013,ETANOL HIDRATADO,SUDESTE,16861,R$/l,1.861,0.269,1.29,2.999,0.145,0.341,1.52,0.231,1.1594,2.4292,0.152
06/01/2013,ETANOL HIDRATADO,SUL,5805,R$/l,2.027,0.297,1.629,2.89,0.147,0.291,1.736,0.233,1.3621,2.4977,0.134
06/01/2013,GASOLINA COMUM,CENTRO OESTE,2412,R$/l,2.953,0.136,2.59,3.41,0.046,0.44,2.513,0.064,2.35,2.72,0.025
06/01/2013,GASOLINA COMUM,NORDESTE,6454,R$/l,2.858,0.13,2.4,3.39,0.045,0.396,2.462,0.064,2.2622,2.6948,0.026
06/01/2013,GASOLINA COMUM,NORTE,2350,R$/l,3.012,0.175,2.53,3.64,0.058,0.458,2.554,0.091,2.38,2.9708,0.036
06/01/2013,GASOLINA COMUM,SUDESTE,17113,R$/l,2.817,0.168,2.309,3.699,0.06,0.401,2.416,0.131,2.1199,2.8482,0.054
06/01/2013,GASOLINA COMUM,SUL,6261,R$/l,2.812,0.15,2.379,3.28,0.053,0.361,2.451,0.072,2.2612,2.7338,0.029
06/01/2013,GLP,CENTRO OESTE,3722,R$/13kg,44.194,4.764,35,59,0.108,8.845,35.349,4.738,22.95,45,0.134
06/01/2013,GLP,NORDESTE,5158,R$/13kg,39.073,4.259,27,52,0.109,10.202,28.871,3.581,21.4,39,0.124
06/01/2013,GLP,NORTE,2885,R$/13kg,43.737,3.582,35,62,0.082,10.648,33.089,3.847,17.17,41.5,0.116
06/01/2013,GLP,SUDESTE,13787,R$/13kg,40.824,3.841,28.9,53,0.094,11.983,28.841,3.553,15.87,39.58,0.123
06/01/2013,GLP,SUL,6541,R$/13kg,41.101,3.255,29.9,50,0.079,9.509,31.592,3.212,17.9671,41,0.102
06/01/2013,GNV,CENTRO OESTE,30,R$/m3,1.986,0.072,1.949,2.19,0.036,0.558,1.428,0.023,1.4,1.47,0.016
06/01/2013,GNV,NORDESTE,487,R$/m3,1.815,0.132,1.35,2.409,0.073,0.478,1.337,0.141,0.98,1.8444,0.105
06/01/2013,GNV,NORTE,2,R$/m3,1.95,0,1.95,1.95,0,0.262,1.688,0,1.688,1.688,0
06/01/2013,GNV,SUDESTE,1227,R$/m3,1.7,0.154,1.379,2.799,0.091,0.369,1.331,0.162,0.952,2.2211,0.122
06/01/2013,GNV,SUL,325,R$/m3,1.951,0.112,1.599,2.339,0.057,0.445,1.506,0.221,1.2167,1.9278,0.147
07/01/2013,ÓLEO DIESEL,CENTRO OESTE,2487,R$/l,2.446,0.134,2.139,2.9,0.055,0.288,2.158,0.077,1.9894,2.4823,0.036
07/01/2013,ÓLEO DIESEL,NORDESTE,5802,R$/l,2.299,0.081,2.08,2.649,0.035,0.25,2.049,0.058,1.855,2.2602,0.028
07/01/2013,ÓLEO DIESEL,NORTE,2456,R$/l,2.453,0.173,2.16,3.06,0.071,0.303,2.15,0.108,1.889,2.6499,0.05
07/01/2013,ÓLEO DIESEL,SUDESTE,15200,R$/l,2.303,0.083,1.969,2.699,0.036,0.275,2.028,0.068,1.7,2.269,0.034
07/01/2013,ÓLEO DIESEL,SUL,5329,R$/l,2.306,0.084,1.989,2.638,0.036,0.285,2.021,0.056,1.8963,2.37,0.028
07/01/2013,ÓLEO DIESEL S10,CENTRO OESTE,810,R$/l,2.627,0.118,2.42,3.05,0.045,0.265,2.362,0.072,2.21,2.7341,0.03
07/01/2013,ÓLEO DIESEL S10,NORDESTE,2924,R$/l,2.366,0.085,2.16,2.8,0.036,0.223,2.143,0.055,1.9668,2.3416,0.026
07/01/2013,ÓLEO DIESEL S10,NORTE,1180,R$/l,2.497,0.163,2.28,3.1,0.065,0.239,2.258,0.094,1.889,2.678,0.042
07/01/2013,ÓLEO DIESEL S10,SUDESTE,4882,R$/l,2.442,0.079,2.189,2.779,0.032,0.296,2.146,0.064,1.9335,2.4083,0.03
07/01/2013,ÓLEO DIESEL S10,SUL,2340,R$/l,2.444,0.093,2.029,2.81,0.038,0.281,2.163,0.064,1.911,2.3235,0.03
07/01/2013,ETANOL HIDRATADO,CENTRO OESTE,2916,R$/l,1.972,0.189,1.679,2.628,0.096,0.334,1.638,0.149,1.3911,2.1053,0.091
07/01/2013,ETANOL HIDRATADO,NORDESTE,6966,R$/l,2.324,0.119,1.99,2.699,0.051,0.28,2.044,0.131,1.6014,2.398,0.064
07/01/2013,ETANOL HIDRATADO,NORTE,1709,R$/l,2.45,0.177,1.999,3.12,0.072,0.368,2.082,0.135,1.6099,2.5014,0.065
07/01/2013,ETANOL HIDRATADO,SUDESTE,20649,R$/l,1.832,0.266,1.29,2.82,0.145,0.304,1.528,0.21,1.1594,2.3191,0.137
07/01/2013,ETANOL HIDRATADO,SUL,7058,R$/l,2.009,0.292,1.619,3.02,0.145,0.28,1.729,0.218,1.356,2.4977,0.126
07/01/2013,GASOLINA COMUM,CENTRO OESTE,2909,R$/l,2.945,0.133,2.629,3.41,0.045,0.438,2.507,0.065,2.34,2.7043,0.026
07/01/2013,GASOLINA COMUM,NORDESTE,7834,R$/l,2.845,0.134,2.439,3.39,0.047,0.386,2.459,0.065,2.2395,2.8769,0.026
07/01/2013,GASOLINA COMUM,NORTE,2888,R$/l,3.015,0.176,2.53,3.64,0.058,0.462,2.553,0.097,2.34,2.9499,0.038
07/01/2013,GASOLINA COMUM,SUDESTE,20957,R$/l,2.803,0.169,2.309,3.699,0.06,0.393,2.41,0.131,2.0816,2.8197,0.054
07/01/2013,GASOLINA COMUM,SUL,7618,R$/l,2.814,0.143,2.255,3.3,0.051,0.371,2.443,0.073,2.272,2.854,0.03
07/01/2013,GLP,CENTRO OESTE,4274,R$/13kg,44.259,4.783,34,59,0.108,8.82,35.439,4.718,24.27,45,0.133
07/01/2013,GLP,NORDESTE,6177,R$/13kg,39.081,4.266,27,58,0.109,9.632,29.449,3.614,21.3,39,0.123
07/01/2013,GLP,NORTE,3475,R$/13kg,43.871,3.64,35,62,0.083,10.353,33.518,3.652,19.17,41.5,0.109
07/01/2013,GLP,SUDESTE,16653,R$/13kg,40.773,3.925,28.9,53,0.096,11.952,28.821,3.546,14.66,41.9,0.123
07/01/2013,GLP,SUL,7596,R$/13kg,41.099,3.349,29.9,50,0.081,9.362,31.737,3.328,17.8671,41,0.105
07/01/2013,GNV,CENTRO OESTE,36,R$/m3,1.983,0.117,1.49,2.19,0.059,0.539,1.444,0.061,1.4,1.6146,0.042
07/01/2013,GNV,NORDESTE,605,R$/m3,1.818,0.134,1.59,2.409,0.074,0.485,1.333,0.146,1.0733,1.9485,0.11
07/01/2013,GNV,NORTE,4,R$/m3,1.95,0,1.95,1.95,0,0.262,1.688,0,1.688,1.688,0
07/01/2013,GNV,SUDESTE,1470,R$/m3,1.713,0.154,1.379,2.799,0.09,0.342,1.371,0.171,0.938,1.922,0.125
07/01/2013,GNV,SUL,397,R$/m3,1.945,0.122,1.599,2.339,0.063,0.443,1.502,0.192,1.2167,1.8829,0.128
08/01/2013,ÓLEO DIESEL,CENTRO OESTE,2163,R$/l,2.449,0.134,2.139,2.9,0.055,0.286,2.163,0.076,1.9894,2.4733,0.035
08/01/2013,ÓLEO DIESEL,NORDESTE,4773,R$/l,2.299,0.082,2.049,2.766,0.036,0.25,2.049,0.058,1.8673,2.254,0.028
08/01/2013,ÓLEO DIESEL,NORTE,1973,R$/l,2.451,0.172,2.15,3.06,0.07,0.306,2.145,0.111,1.889,2.6562,0.052
08/01/2013,ÓLEO DIESEL,SUDESTE,12733,R$/l,2.302,0.082,2.02,2.799,0.036,0.281,2.021,0.067,1.7524,2.319,0.033
08/01/2013,ÓLEO DIESEL,SUL,4449,R$/l,2.3,0.083,1.989,2.638,0.036,0.288,2.012,0.053,1.895,2.2561,0.026
08/01/2013,ÓLEO DIESEL S10,CENTRO OESTE,745,R$/l,2.632,0.112,2.429,2.95,0.043,0.284,2.348,0.074,2.1197,2.6066,0.032
08/01/2013,ÓLEO DIESEL S10,NORDESTE,2551,R$/l,2.366,0.084,2.19,2.8,0.036,0.224,2.142,0.052,2.01,2.39,0.024
08/01/2013,ÓLEO DIESEL S10,NORTE,1034,R$/l,2.493,0.164,2.239,3.15,0.066,0.23,2.263,0.097,2.025,2.678,0.043
08/01/2013,ÓLEO DIESEL S10,SUDESTE,4309,R$/l,2.441,0.078,2.179,2.899,0.032,0.299,2.142,0.064,1.981,2.4,0.03
08/01/2013,ÓLEO DIESEL S10,SUL,2116,R$/l,2.44,0.091,2.199,2.81,0.037,0.278,2.162,0.067,1.911,2.3612,0.031
08/01/2013,ETANOL HIDRATADO,CENTRO OESTE,2536,R$/l,1.965,0.179,1.63,2.599,0.091,0.336,1.629,0.137,1.3854,2.0884,0.084
08/01/2013,ETANOL HIDRATADO,NORDESTE,5976,R$/l,2.317,0.124,1.88,2.699,0.054,0.306,2.011,0.147,1.5235,2.3962,0.073
08/01/2013,ETANOL HIDRATADO,NORTE,1382,R$/l,2.441,0.174,1.999,3.12,0.071,0.371,2.07,0.126,1.6,2.3506,0.061
08/01/2013,ETANOL HIDRATADO,SUDESTE,17316,R$/l,1.812,0.27,1.259,2.799,0.149,0.33,1.482,0.219,1.1541,2.2904,0.148
08/01/2013,ETANOL HIDRATADO,SUL,5959,R$/l,2.005,0.282,1.629,3.02,0.141,0.291,1.714,0.21,1.36,2.34,0.123
08/01/2013,GASOLINA COMUM,CENTRO OESTE,2534,R$/l,2.941,0.129,2.59,3.33,0.044,0.44,2.501,0.062,2.36,2.71,0.025
08/01/2013,GASOLINA COMUM,NORDESTE,6677,R$/l,2.842,0.135,2.469,3.39,0.048,0.388,2.454,0.066,2.2532,2.8769,0.027
08/01/2013,GASOLINA COMUM,NORTE,2389,R$/l,3.012,0.178,2.53,3.64,0.059,0.464,2.548,0.101,2.34,2.9499,0.04
08/01/2013,GASOLINA COMUM,SUDESTE,17559,R$/l,2.795,0.171,2.349,3.699,0.061,0.397,2.398,0.134,2.0816,2.7919,0.056
08/01/2013,GASOLINA COMUM,SUL,6450,R$/l,2.821,0.13,2.469,3.25,0.046,0.379,2.442,0.066,2.2,2.67,0.027
08/01/2013,GLP,CENTRO OESTE,4088,R$/13kg,44.252,4.757,34,58,0.107,8.974,35.278,4.606,24.27,45,0.131
08/01/2013,GLP,NORDESTE,5393,R$/13kg,39.092,4.168,27,52,0.107,9.949,29.143,3.618,21.3,40,0.124
08/01/2013,GLP,NORTE,3007,R$/13kg,43.99,3.633,35,62,0.083,10.242,33.748,3.771,19.17,42,0.112
08/01/2013,GLP,SUDESTE,14325,R$/13kg,40.885,3.955,28.9,53,0.097,12.311,28.574,3.479,14.66,41.9,0.122
08/01/2013,GLP,SUL,7075,R$/13kg,41.193,3.315,30,50,0.08,9.407,31.786,3.726,17.3671,41,0.117
08/01/2013,GNV,CENTRO OESTE,37,R$/m3,1.986,0.121,1.49,2.19,0.061,0.552,1.434,0.044,1.4,1.5479,0.031
08/01/2013,GNV,NORDESTE,519,R$/m3,1.82,0.142,1.58,2.409,0.078,0.465,1.355,0.159,1.0733,1.9485,0.117
08/01/2013,GNV,NORTE,4,R$/m3,1.925,0.05,1.85,1.95,0.026,0.237,1.688,0,1.688,1.688,0
08/01/2013,GNV,SUDESTE,1253,R$/m3,1.698,0.16,1.399,2.799,0.094,0.35,1.348,0.159,0.9297,1.9224,0.118
08/01/2013,GNV,SUL,322,R$/m3,1.941,0.115,1.599,2.339,0.059,0.405,1.536,0.171,1.2329,1.8115,0.111
09/01/2013,ÓLEO DIESEL,CENTRO OESTE,2104,R$/l,2.449,0.132,2.139,2.9,0.054,0.289,2.16,0.071,2.015,2.39,0.033
09/01/2013,ÓLEO DIESEL,NORDESTE,5023,R$/l,2.299,0.084,2.031,2.649,0.037,0.256,2.043,0.06,1.7857,2.2393,0.029
09/01/2013,ÓLEO DIESEL,NORTE,2123,R$/l,2.455,0.176,2.16,3.06,0.072,0.305,2.15,0.114,1.8965,2.6562,0.053
09/01/2013,ÓLEO DIESEL,SUDESTE,13289,R$/l,2.3,0.083,2.009,2.699,0.036,0.28,2.02,0.068,1.72,2.319,0.034
09/01/2013,ÓLEO DIESEL,SUL,4691,R$/l,2.301,0.084,1.989,2.638,0.037,0.281,2.02,0.053,1.8589,2.24,0.026
09/01/2013,ÓLEO DIESEL S10,CENTRO OESTE,775,R$/l,2.631,0.112,2.29,2.95,0.043,0.282,2.349,0.074,2.12,2.6,0.032
09/01/2013,ÓLEO DIESEL S10,NORDESTE,2755,R$/l,2.363,0.086,2.199,2.8,0.036,0.222,2.141,0.054,2.008,2.39,0.025
09/01/2013,ÓLEO DIESEL S10,NORTE,1108,R$/l,2.508,0.159,2.299,3.15,0.063,0.252,2.256,0.094,2.0337,2.674,0.042
09/01/2013,ÓLEO DIESEL S10,SUDESTE,4977,R$/l,2.441,0.078,2.229,2.789,0.032,0.299,2.142,0.064,1.923,2.4,0.03
09/01/2013,ÓLEO DIESEL S10,SUL,2516,R$/l,2.441,0.093,2.176,2.83,0.038,0.268,2.173,0.067,1.9338,2.3838,0.031
09/01/2013,ETANOL HIDRATADO,CENTRO OESTE,2486,R$/l,1.97,0.18,1.599,2.589,0.091,0.342,1.628,0.148,1.37,2.0893,0.091
09/01/2013,ETANOL HIDRATADO,NORDESTE,6127,R$/l,2.305,0.132,1.88,2.699,0.057,0.319,1.986,0.158,1.5235,2.3917,0.08
09/01/2013,ETANOL HIDRATADO,NORTE,1435,R$/l,2.435,0.177,1.99,2.999,0.073,0.388,2.047,0.153,1.5982,2.4795,0.075
09/01/2013,ETANOL HIDRATADO,SUDESTE,18211,R$/l,1.806,0.263,1.279,2.99,0.146,0.307,1.499,0.206,1.1843,2.3008,0.137
09/01/2013,ETANOL HIDRATADO,SUL,6389,R$/l,1.984,0.285,1.629,3.02,0.144,0.279,1.705,0.21,1.3656,2.5147,0.123
09/01/2013,GASOLINA COMUM,CENTRO OESTE,2480,R$/l,2.945,0.129,2.56,3.33,0.044,0.441,2.504,0.06,2.35,2.6743,0.024
09/01/2013,GASOLINA COMUM,NORDESTE,6882,R$/l,2.84,0.134,2.449,3.39,0.047,0.394,2.446,0.069,2.2438,2.784,0.028
09/01/2013,GASOLINA COMUM,NORTE,2518,R$/l,3.01,0.182,2.53,3.64,0.06,0.464,2.546,0.103,2.34,2.942,0.04
09/01/2013,GASOLINA COMUM,SUDESTE,18500,R$/l,2.793,0.168,2.37,3.699,0.06,0.393,2.4,0.13,2.025,2.8411,0.054
09/01/2013,GASOLINA COMUM,SUL,6955,R$/l,2.821,0.129,2.429,3.49,0.046,0.378,2.443,0.068,2.2455,2.8,0.028
09/01/2013,GLP,CENTRO OESTE,3740,R$/13kg,44.054,4.945,33,60,0.112,8.972,35.082,4.951,24.27,45,0.141
09/01/2013,GLP,NORDESTE,5254,R$/13kg,40.021,4.268,26,55,0.107,10.659,29.362,3.433,21.3,40,0.117
09/01/2013,GLP,NORTE,2942,R$/13kg,44.258,3.805,35,62,0.086,10.995,33.263,4.123,19.17,42.94,0.124
09/01/2013,GLP,SUDESTE,14111,R$/13kg,41.507,4.413,28.9,57,0.106,12.996,28.511,3.607,14.66,45,0.127
09/01/2013,GLP,SUL,6962,R$/13kg,41.466,3.421,30,55,0.083,9.956,31.51,4.012,17.9671,42.5,0.127
09/01/2013,GNV,CENTRO OESTE,34,R$/m3,2.053,0.064,1.959,2.19,0.031,0.596,1.457,0.066,1.4,1.58,0.045
09/01/2013,GNV,NORDESTE,532,R$/m3,1.814,0.131,1.51,2.409,0.072,0.455,1.359,0.164,1.0733,1.9773,0.121
09/01/2013,GNV,NORTE,2,R$/m3,1.95,0,1.95,1.95,0,0.262,1.688,0,1.688,1.688,0
09/01/2013,GNV,SUDESTE,1317,R$/m3,1.686,0.156,1.399,2.699,0.093,0.353,1.333,0.194,1,2.2646,0.146
09/01/2013,GNV,SUL,351,R$/m3,1.993,0.135,1.699,2.485,0.068,0.473,1.52,0.173,1.222,1.8115,0.114
10/01/2013,ÓLEO DIESEL,CENTRO OESTE,2518,R$/l,2.451,0.129,2.139,2.9,0.053,0.283,2.168,0.061,2,2.4019,0.028
10/01/2013,ÓLEO DIESEL,NORDESTE,5515,R$/l,2.298,0.083,1.99,2.649,0.036,0.259,2.039,0.059,1.7778,2.2522,0.029
10/01/2013,ÓLEO DIESEL,NORTE,2287,R$/l,2.457,0.169,2.16,3.06,0.069,0.31,2.147,0.12,1.89,2.6562,0.056
10/01/2013,ÓLEO DIESEL,SUDESTE,14166,R$/l,2.302,0.084,2.029,2.799,0.036,0.283,2.019,0.067,1.48,2.312,0.033
10/01/2013,ÓLEO DIESEL,SUL,4812,R$/l,2.302,0.086,1.949,2.68,0.037,0.286,2.016,0.057,1.824,2.2404,0.028
10/01/2013,ÓLEO DIESEL S10,CENTRO OESTE,962,R$/l,2.631,0.113,2.29,2.95,0.043,0.285,2.346,0.07,2.2033,2.5879,0.03
10/01/2013,ÓLEO DIESEL S10,NORDESTE,3083,R$/l,2.361,0.088,1.938,2.8,0.037,0.224,2.137,0.057,1.9664,2.39,0.027
10/01/2013,ÓLEO DIESEL S10,NORTE,1250,R$/l,2.505,0.159,2.299,3.15,0.063,0.252,2.253,0.097,2.0135,2.6742,0.043
10/01/2013,ÓLEO DIESEL S10,SUDESTE,5584,R$/l,2.44,0.079,2.13,2.899,0.032,0.301,2.139,0.066,1.9705,2.4,0.031
10/01/2013,ÓLEO DIESEL S10,SUL,2712,R$/l,2.439,0.095,2.13,2.81,0.039,0.269,2.17,0.062,1.9764,2.35,0.029
10/01/2013,ETANOL HIDRATADO,CENTRO OESTE,2963,R$/l,2.009,0.162,1.679,2.549,0.081,0.358,1.651,0.158,1.37,2.0765,0.096
10/01/2013,ETANOL HIDRATADO,NORDESTE,6737,R$/l,2.274,0.147,1.88,2.699,0.065,0.3,1.974,0.166,1.475,2.3714,0.084
10/01/2013,ETANOL HIDRATADO,NORTE,1598,R$/l,2.426,0.178,1.99,2.999,0.073,0.382,2.044,0.126,1.595,2.4564,0.062
10/01/2013,ETANOL HIDRATADO,SUDESTE,19702,R$/l,1.83,0.252,1.396,2.799,0.138,0.282,1.548,0.203,1.2188,2.3422,0.131
10/01/2013,ETANOL HIDRATADO,SUL,6563,R$/l,2.004,0.277,1.599,2.9,0.138,0.258,1.746,0.195,1.3656,2.313,0.112
10/01/2013,GASOLINA COMUM,CENTRO OESTE,2967,R$/l,2.973,0.106,2.69,3.33,0.036,0.451,2.522,0.058,2.36,2.68,0.023
10/01/2013,GASOLINA COMUM,NORDESTE,7640,R$/l,2.804,0.154,2.39,3.39,0.055,0.366,2.438,0.076,2.2215,2.7199,0.031
10/01/2013,GASOLINA COMUM,NORTE,2767,R$/l,3.007,0.18,2.71,3.64,0.06,0.457,2.55,0.108,2.34,2.9717,0.042
10/01/2013,GASOLINA COMUM,SUDESTE,19974,R$/l,2.796,0.167,2.35,3.699,0.06,0.383,2.413,0.128,2.025,2.7953,0.053
10/01/2013,GASOLINA COMUM,SUL,7132,R$/l,2.83,0.126,2.41,3.45,0.045,0.384,2.446,0.068,2.136,2.6823,0.028
10/01/2013,GLP,CENTRO OESTE,4600,R$/13kg,44.498,4.792,35,62,0.108,8.614,35.884,4.421,26,45,0.123
10/01/2013,GLP,NORDESTE,6288,R$/13kg,40.749,4.241,26,52,0.104,11.243,29.506,3.247,21.259,40,0.11
10/01/2013,GLP,NORTE,3575,R$/13kg,44.764,3.823,35,62,0.085,11.335,33.429,4.406,19.17,42.94,0.132
10/01/2013,GLP,SUDESTE,16811,R$/13kg,42.131,4.295,28.9,55,0.102,13.361,28.77,3.729,14.66,45,0.13
10/01/2013,GLP,SUL,7670,R$/13kg,41.76,3.445,31,55,0.082,10.027,31.733,4.017,17.96,42,0.127
10/01/2013,GNV,CENTRO OESTE,35,R$/m3,2.063,0.069,1.91,2.19,0.033,0.566,1.497,0.079,1.4,1.6635,0.053
10/01/2013,GNV,NORDESTE,590,R$/m3,1.815,0.13,1.619,2.409,0.072,0.453,1.362,0.18,1.0733,1.9773,0.132
10/01/2013,GNV,NORTE,4,R$/m3,1.875,0.15,1.65,1.95,0.08,0.187,1.688,0,1.688,1.688,0
10/01/2013,GNV,SUDESTE,1491,R$/m3,1.685,0.157,1.389,2.699,0.093,0.362,1.323,0.182,1.011,2.2646,0.138
10/01/2013,GNV,SUL,341,R$/m3,2.008,0.145,1.699,2.309,0.072,0.454,1.554,0.166,1.2602,1.8716,0.107
11/01/2013,ÓLEO DIESEL,CENTRO OESTE,2046,R$/l,2.448,0.129,2.139,2.9,0.053,0.282,2.166,0.062,2,2.45,0.029
11/01/2013,ÓLEO DIESEL,NORDESTE,4601,R$/l,2.297,0.083,2.039,2.649,0.036,0.254,2.043,0.06,1.725,2.272,0.029
11/01/2013,ÓLEO DIESEL,NORTE,1952,R$/l,2.457,0.178,2.16,3.06,0.072,0.305,2.152,0.101,1.8999,2.6562,0.047
11/01/2013,ÓLEO DIESEL,SUDESTE,12045,R$/l,2.302,0.084,1.99,2.799,0.036,0.284,2.018,0.068,1.72,2.2996,0.034
11/01/2013,ÓLEO DIESEL,SUL,4120,R$/l,2.301,0.084,1.989,2.67,0.037,0.285,2.016,0.058,1.88,2.4013,0.029
11/01/2013,ÓLEO DIESEL S10,CENTRO OESTE,786,R$/l,2.628,0.116,2.419,2.95,0.044,0.289,2.339,0.061,2.217,2.5,0.026
11/01/2013,ÓLEO DIESEL S10,NORDESTE,2705,R$/l,2.359,0.088,2.139,2.8,0.037,0.219,2.14,0.057,2.012,2.3416,0.027
11/01/2013,ÓLEO DIESEL S10,NORTE,1068,R$/l,2.507,0.161,2.249,3.1,0.064,0.256,2.251,0.098,2.011,2.6747,0.044
11/01/2013,ÓLEO DIESEL S10,SUDESTE,5037,R$/l,2.44,0.081,2.179,3.067,0.033,0.303,2.137,0.065,1.908,2.3633,0.03
11/01/2013,ÓLEO DIESEL S10,SUL,2373,R$/l,2.441,0.093,2.026,2.81,0.038,0.258,2.183,0.062,1.975,2.3452,0.028
11/01/2013,ETANOL HIDRATADO,CENTRO OESTE,2421,R$/l,2.012,0.161,1.69,2.48,0.08,0.348,1.664,0.148,1.38,2.0742,0.089
11/01/2013,ETANOL HIDRATADO,NORDESTE,5732,R$/l,2.27,0.148,1.85,2.699,0.065,0.306,1.964,0.152,1.4687,2.3714,0.077
11/01/2013,ETANOL HIDRATADO,NORTE,1339,R$/l,2.42,0.185,2.059,2.999,0.076,0.359,2.061,0.104,1.676,2.4156,0.05
11/01/2013,ETANOL HIDRATADO,SUDESTE,16867,R$/l,1.847,0.247,1.379,2.799,0.134,0.282,1.565,0.207,1.2302,2.3422,0.132
11/01/2013,ETANOL HIDRATADO,SUL,5731,R$/l,2.061,0.256,1.629,2.9,0.124,0.29,1.771,0.185,1.4582,2.313,0.104
11/01/2013,GASOLINA COMUM,CENTRO OESTE,2422,R$/l,2.975,0.105,2.698,3.33,0.035,0.447,2.528,0.061,2.3567,2.7,0.024
11/01/2013,GASOLINA COMUM,NORDESTE,6453,R$/l,2.805,0.157,2.377,3.39,0.056,0.371,2.434,0.076,2.18,2.8067,0.031
11/01/2013,GASOLINA COMUM,NORTE,2341,R$/l,3.006,0.186,2.53,3.64,0.062,0.457,2.549,0.097,2.34,2.9607,0.038
11/01/2013,GASOLINA COMUM,SUDESTE,17093,R$/l,2.799,0.165,2.33,3.99,0.059,0.381,2.418,0.128,2.025,2.8098,0.053
11/01/2013,GASOLINA COMUM,SUL,6265,R$/l,2.861,0.106,2.49,3.25,0.037,0.408,2.453,0.063,2.29,2.706,0.026
11/01/2013,GLP,CENTRO OESTE,3711,R$/13kg,44.721,4.755,34.9,62,0.106,9.057,35.664,4.318,20.5063,45,0.121
11/01/2013,GLP,NORDESTE,5106,R$/13kg,40.965,4.25,28,52,0.104,11.317,29.648,3.256,22.3,40,0.11
11/01/2013,GLP,NORTE,2890,R$/13kg,44.929,3.87,35,62,0.086,11.176,33.753,4.353,19.17,45,0.129
11/01/2013,GLP,SUDESTE,13727,R$/13kg,42.415,4.465,28.9,58,0.105,13.516,28.899,3.764,15.93,45,0.13
11/01/2013,GLP,SUL,6524,R$/13kg,41.824,3.484,32,56,0.083,9.858,31.966,4.147,17.967,42.42,0.13
11/01/2013,GNV,CENTRO OESTE,27,R$/m3,2.06,0.061,1.97,2.19,0.03,0.579,1.481,0.044,1.466,1.6116,0.03
11/01/2013,GNV,NORDESTE,512,R$/m3,1.815,0.127,1.63,2.409,0.07,0.443,1.372,0.163,1.07,2.0094,0.119
11/01/2013,GNV,NORTE,4,R$/m3,2.035,0.029,2.01,2.06,0.014,0.347,1.688,0,1.688,1.688,0
11/01/2013,GNV,SUDESTE,1229,R$/m3,1.684,0.16,1.389,2.699,0.095,0.372,1.312,0.193,1.0108,2.2646,0.147
11/01/2013,GNV,SUL,300,R$/m3,2.024,0.124,1.699,2.499,0.061,0.45,1.574,0.218,1.3094,2.0362,0.139
12/01/2013,ÓLEO DIESEL,CENTRO OESTE,2410,R$/l,2.592,0.113,2.29,2.99,0.044,0.326,2.266,0.069,2.099,2.5599,0.03
12/01/2013,ÓLEO DIESEL,NORDESTE,5232,R$/l,2.415,0.101,2.1,2.859,0.042,0.287,2.128,0.081,1.8712,2.3738,0.038
12/01/2013,ÓLEO DIESEL,NORTE,2166,R$/l,2.592,0.198,2.19,3.27,0.076,0.345,2.247,0.108,1.9038,2.7793,0.048
12/01/2013,ÓLEO DIESEL,SUDESTE,13802,R$/l,2.435,0.095,2.049,2.899,0.039,0.324,2.111,0.091,1.72,2.437,0.043
12/01/2013,ÓLEO DIESEL,SUL,4784,R$/l,2.446,0.095,2.036,2.9,0.039,0.328,2.118,0.082,1.8899,2.3777,0.039
12/01/2013,ÓLEO DIESEL S10,CENTRO OESTE,922,R$/l,2.763,0.108,2.499,3.11,0.039,0.327,2.436,0.08,2.2467,2.661,0.033
12/01/2013,ÓLEO DIESEL S10,NORDESTE,3151,R$/l,2.495,0.108,2.239,3.099,0.043,0.253,2.242,0.082,2.0042,2.5401,0.037
12/01/2013,ÓLEO DIESEL S10,NORTE,1261,R$/l,2.638,0.18,2.269,3.39,0.068,0.282,2.356,0.113,2.0289,2.8081,0.048
12/01/2013,ÓLEO DIESEL S10,SUDESTE,6157,R$/l,2.587,0.093,2.159,2.999,0.036,0.341,2.246,0.096,1.924,2.5499,0.043
12/01/2013,ÓLEO DIESEL S10,SUL,3135,R$/l,2.581,0.104,2.29,2.975,0.04,0.315,2.266,0.074,2.0489,2.5563,0.033
12/01/2013,ETANOL HIDRATADO,CENTRO OESTE,2807,R$/l,2.143,0.144,1.69,2.499,0.067,0.358,1.785,0.147,1.433,2.1491,0.082
12/01/2013,ETANOL HIDRATADO,NORDESTE,6514,R$/l,2.311,0.134,1.89,2.799,0.058,0.323,1.988,0.137,1.5512,2.4372,0.069
12/01/2013,ETANOL HIDRATADO,NORTE,1476,R$/l,2.449,0.178,1.999,3.028,0.073,0.303,2.146,0.123,1.7189,2.3952,0.057
12/01/2013,ETANOL HIDRATADO,SUDESTE,19324,R$/l,1.944,0.225,1.579,2.8,0.116,0.285,1.659,0.202,1.2966,2.4178,0.122
12/01/2013,ETANOL HIDRATADO,SUL,6613,R$/l,2.122,0.238,1.629,2.9,0.112,0.277,1.845,0.184,1.5682,2.4238,0.1
12/01/2013,GASOLINA COMUM,CENTRO OESTE,2815,R$/l,3.074,0.096,2.789,3.389,0.031,0.451,2.623,0.073,2.3604,2.82,0.028
12/01/2013,GASOLINA COMUM,NORDESTE,7373,R$/l,2.928,0.137,2.529,3.559,0.047,0.441,2.487,0.073,2.277,2.91,0.029
12/01/2013,GASOLINA COMUM,NORTE,2596,R$/l,3.087,0.195,2.75,3.77,0.063,0.473,2.614,0.098,2.36,3.0369,0.037
12/01/2013,GASOLINA COMUM,SUDESTE,19605,R$/l,2.9,0.153,2.419,4.079,0.053,0.41,2.49,0.126,2.131,2.918,0.051
12/01/2013,GASOLINA COMUM,SUL,7299,R$/l,2.971,0.099,2.5,3.5,0.033,0.429,2.542,0.074,2.2602,2.7947,0.029
12/01/2013,GLP,CENTRO OESTE,4353,R$/13kg,44.841,4.611,35,60,0.103,8.738,36.103,4.158,28.1,45,0.115
12/01/2013,GLP,NORDESTE,5671,R$/13kg,41.09,4.141,27,52,0.101,11.156,29.934,3.7,22.3,39.99,0.124
12/01/2013,GLP,NORTE,3035,R$/13kg,45.043,3.851,38,62,0.085,11.081,33.962,4.277,19.17,45.19,0.126
12/01/2013,GLP,SUDESTE,15476,R$/13kg,42.511,4.455,29.99,56,0.105,13.44,29.071,3.751,14.6632,43.27,0.129
12/01/2013,GLP,SUL,7201,R$/13kg,41.929,3.476,31,55,0.083,10.354,31.575,3.953,15.24,42.1,0.125
12/01/2013,GNV,CENTRO OESTE,25,R$/m3,2.074,0.087,1.97,2.25,0.042,0.615,1.459,0.028,1.4,1.4676,0.019
12/01/2013,GNV,NORDESTE,568,R$/m3,1.818,0.133,1.63,2.409,0.073,0.452,1.366,0.167,1.073,2.0094,0.122
12/01/2013,GNV,NORTE,2,R$/m3,2.035,0.035,2.01,2.06,0.017,0.319,1.716,0.04,1.688,1.7439,0.023
12/01/2013,GNV,SUDESTE,1360,R$/m3,1.693,0.165,1.349,2.89,0.097,0.374,1.319,0.191,1.011,2.2646,0.145
12/01/2013,GNV,SUL,346,R$/m3,2.121,0.122,1.699,2.489,0.058,0.548,1.573,0.187,1.3234,1.8911,0.119
01/01/2014,ÓLEO DIESEL,CENTRO OESTE,2207,R$/l,2.613,0.127,2.32,2.99,0.049,0.313,2.3,0.073,2.1896,2.579,0.032
01/01/2014,ÓLEO DIESEL,NORDESTE,5102,R$/l,2.439,0.094,2.146,2.859,0.039,0.259,2.18,0.062,1.922,2.4,0.028
01/01/2014,ÓLEO DIESEL,NORTE,2162,R$/l,2.613,0.197,2.19,3.31,0.075,0.315,2.298,0.102,2.0256,2.8496,0.044
01/01/2014,ÓLEO DIESEL,SUDESTE,13039,R$/l,2.452,0.09,2.13,2.949,0.037,0.293,2.159,0.075,1.8809,2.4248,0.035
01/01/2014,ÓLEO DIESEL,SUL,4370,R$/l,2.464,0.087,2.099,2.8,0.035,0.307,2.157,0.069,1.9435,2.467,0.032
01/01/2014,ÓLEO DIESEL S10,CENTRO OESTE,944,R$/l,2.777,0.114,2.52,3.15,0.041,0.328,2.449,0.064,2.2569,2.6892,0.026
01/01/2014,ÓLEO DIESEL S10,NORDESTE,3122,R$/l,2.514,0.103,2.279,3.099,0.041,0.224,2.29,0.068,1.989,2.6271,0.03
01/01/2014,ÓLEO DIESEL S10,NORTE,1322,R$/l,2.662,0.174,2.33,3.39,0.065,0.26,2.402,0.092,2.109,2.9,0.038
01/01/2014,ÓLEO DIESEL S10,SUDESTE,6083,R$/l,2.607,0.088,2.245,3.049,0.034,0.318,2.289,0.074,1.99,2.5646,0.032
01/01/2014,ÓLEO DIESEL S10,SUL,2998,R$/l,2.61,0.098,2.329,2.999,0.038,0.301,2.309,0.062,2.0959,2.5466,0.027
01/01/2014,ETANOL HIDRATADO,CENTRO OESTE,2638,R$/l,2.175,0.139,1.85,2.59,0.064,0.332,1.843,0.105,1.433,2.1513,0.057
01/01/2014,ETANOL HIDRATADO,NORDESTE,6230,R$/l,2.328,0.13,1.95,2.799,0.056,0.29,2.038,0.117,1.7222,2.3838,0.057
01/01/2014,ETANOL HIDRATADO,NORTE,1534,R$/l,2.461,0.17,2.02,3.02,0.069,0.297,2.164,0.119,1.7994,2.448,0.055
01/01/2014,ETANOL HIDRATADO,SUDESTE,18541,R$/l,1.968,0.223,1.555,2.899,0.113,0.271,1.697,0.196,1.2979,2.4179,0.115
01/01/2014,ETANOL HIDRATADO,SUL,6145,R$/l,2.157,0.23,1.74,2.9,0.107,0.252,1.905,0.186,1.6207,2.4813,0.098
01/01/2014,GASOLINA COMUM,CENTRO OESTE,2640,R$/l,3.088,0.098,2.87,3.5,0.032,0.436,2.652,0.066,2.4267,2.8598,0.025
01/01/2014,GASOLINA COMUM,NORDESTE,7091,R$/l,2.934,0.135,2.549,3.559,0.046,0.41,2.524,0.064,2.325,2.8469,0.025
01/01/2014,GASOLINA COMUM,NORTE,2658,R$/l,3.095,0.195,2.75,3.99,0.063,0.444,2.651,0.095,2.35,3.0624,0.036
01/01/2014,GASOLINA COMUM,SUDESTE,18826,R$/l,2.911,0.153,2.528,4.099,0.053,0.392,2.519,0.122,2.2,2.944,0.048
01/01/2014,GASOLINA COMUM,SUL,6806,R$/l,2.981,0.099,2.659,3.419,0.033,0.409,2.572,0.067,2.3395,2.8043,0.026
01/01/2014,GLP,CENTRO OESTE,4002,R$/13kg,44.705,5.06,36,60,0.113,8.879,35.826,4.222,28.75,45,0.118
01/01/2014,GLP,NORDESTE,5801,R$/13kg,41.115,4.044,27,53,0.098,10.943,30.172,3.676,22.3,39.9,0.122
01/01/2014,GLP,NORTE,3412,R$/13kg,45.141,3.967,35,65,0.088,11.095,34.046,4.444,19.17,53,0.131
01/01/2014,GLP,SUDESTE,15459,R$/13kg,42.612,4.368,29.99,56,0.103,13.437,29.175,3.843,14.6632,45,0.132
01/01/2014,GLP,SUL,7454,R$/13kg,41.858,3.478,29.9,55,0.083,10.585,31.273,4.083,17.9669,42.7,0.131
01/01/2014,GNV,CENTRO OESTE,36,R$/m3,2.065,0.102,1.79,2.25,0.049,0.553,1.512,0.121,1.466,1.8982,0.08
01/01/2014,GNV,NORDESTE,570,R$/m3,1.817,0.131,1.63,2.409,0.072,0.457,1.36,0.173,1.0733,1.9947,0.127
01/01/2014,GNV,NORTE,5,R$/m3,2.028,0.029,2,2.06,0.014,0.284,1.744,0,1.7439,1.7439,0
01/01/2014,GNV,SUDESTE,1415,R$/m3,1.714,0.159,1.339,2.899,0.093,0.375,1.339,0.166,1.0307,1.9201,0.124
01/01/2014,GNV,SUL,319,R$/m3,2.142,0.1,1.799,2.48,0.047,0.477,1.665,0.192,1.3346,1.9411,0.115
02/01/2014,ÓLEO DIESEL,CENTRO OESTE,2061,R$/l,2.62,0.127,2.32,3.09,0.048,0.308,2.312,0.071,2.1396,2.579,0.031
02/01/2014,ÓLEO DIESEL,NORDESTE,4558,R$/l,2.445,0.094,2.15,2.859,0.038,0.257,2.188,0.057,1.97,2.401,0.026
02/01/2014,ÓLEO DIESEL,NORTE,1919,R$/l,2.629,0.198,2.19,3.31,0.075,0.309,2.32,0.1,2.059,2.9618,0.043
02/01/2014,ÓLEO DIESEL,SUDESTE,11798,R$/l,2.456,0.09,2.187,2.948,0.037,0.292,2.164,0.075,1.904,2.4465,0.035
02/01/2014,ÓLEO DIESEL,SUL,4061,R$/l,2.47,0.087,2.149,2.8,0.035,0.313,2.157,0.062,1.95,2.373,0.029
02/01/2014,ÓLEO DIESEL S10,CENTRO OESTE,880,R$/l,2.784,0.117,2.549,3.19,0.042,0.33,2.454,0.079,2.264,2.7602,0.032
02/01/2014,ÓLEO DIESEL S10,NORDESTE,2978,R$/l,2.522,0.101,2.25,3.099,0.04,0.221,2.301,0.064,1.9337,2.845,0.028
02/01/2014,ÓLEO DIESEL S10,NORTE,1176,R$/l,2.669,0.181,2.41,3.39,0.068,0.25,2.419,0.113,2.1655,3.0709,0.047
02/01/2014,ÓLEO DIESEL S10,SUDESTE,5828,R$/l,2.612,0.087,2.289,2.999,0.033,0.31,2.302,0.069,2.0676,2.6629,0.03
02/01/2014,ÓLEO DIESEL S10,SUL,2826,R$/l,2.609,0.094,2.299,2.985,0.036,0.293,2.316,0.061,2.017,2.5623,0.026
02/01/2014,ETANOL HIDRATADO,CENTRO OESTE,2416,R$/l,2.181,0.135,1.89,2.6,0.062,0.306,1.875,0.086,1.6562,2.1902,0.046
02/01/2014,ETANOL HIDRATADO,NORDESTE,5600,R$/l,2.328,0.131,1.99,2.939,0.056,0.267,2.061,0.112,1.72,2.3883,0.054
02/01/2014,ETANOL HIDRATADO,NORTE,1332,R$/l,2.486,0.171,2.09,3.15,0.069,0.279,2.207,0.136,1.7743,2.5169,0.062
02/01/2014,ETANOL HIDRATADO,SUDESTE,16805,R$/l,2.003,0.22,1.599,2.99,0.11,0.27,1.733,0.198,1.4499,2.5527,0.114
02/01/2014,ETANOL HIDRATADO,SUL,5624,R$/l,2.176,0.227,1.799,2.99,0.104,0.248,1.928,0.191,1.62,2.4414,0.099
02/01/2014,GASOLINA COMUM,CENTRO OESTE,2423,R$/l,3.085,0.095,2.79,3.4,0.031,0.423,2.662,0.067,2.47,2.8722,0.025
02/01/2014,GASOLINA COMUM,NORDESTE,6431,R$/l,2.936,0.137,2.549,3.559,0.047,0.398,2.538,0.065,2.305,2.91,0.026
02/01/2014,GASOLINA COMUM,NORTE,2340,R$/l,3.105,0.191,2.75,3.8,0.062,0.435,2.67,0.102,2.35,3.3063,0.038
02/01/2014,GASOLINA COMUM,SUDESTE,17078,R$/l,2.911,0.154,2.499,4.159,0.053,0.385,2.526,0.127,2.2239,2.9599,0.05
02/01/2014,GASOLINA COMUM,SUL,6264,R$/l,2.974,0.105,2.549,3.419,0.035,0.394,2.58,0.067,2.3651,2.9197,0.026
02/01/2014,GLP,CENTRO OESTE,3702,R$/13kg,44.875,4.944,36,60,0.11,8.776,36.099,4.47,14.3237,45,0.124
02/01/2014,GLP,NORDESTE,5099,R$/13kg,41.401,4.147,28,53,0.1,11.584,29.817,3.407,22.3,38,0.114
02/01/2014,GLP,NORTE,2827,R$/13kg,45.399,4.049,36,65,0.089,10.771,34.628,4.272,18.17,53,0.123
02/01/2014,GLP,SUDESTE,13768,R$/13kg,42.693,4.448,29.99,56,0.104,13.453,29.24,3.823,14.6632,45,0.131
02/01/2014,GLP,SUL,6509,R$/13kg,41.812,3.541,29.99,55,0.085,10.282,31.53,4.057,17.9669,42.5,0.129
02/01/2014,GNV,CENTRO OESTE,27,R$/m3,2.073,0.087,1.97,2.25,0.042,0.614,1.459,0.031,1.4,1.466,0.021
02/01/2014,GNV,NORDESTE,544,R$/m3,1.83,0.119,1.63,2.409,0.065,0.467,1.363,0.168,1.073,1.9947,0.123
02/01/2014,GNV,NORTE,4,R$/m3,2.035,0.029,2.01,2.06,0.014,0.291,1.744,0,1.7439,1.7439,0
02/01/2014,GNV,SUDESTE,1233,R$/m3,1.716,0.161,1.399,2.899,0.094,0.355,1.361,0.163,1.0307,1.9202,0.12
02/01/2014,GNV,SUL,300,R$/m3,2.139,0.108,1.799,2.59,0.05,0.491,1.648,0.178,1.3346,2.0423,0.108
03/01/2014,ÓLEO DIESEL,CENTRO OESTE,2089,R$/l,2.631,0.124,2.35,3.09,0.047,0.31,2.321,0.071,2.1895,2.579,0.031
03/01/2014,ÓLEO DIESEL,NORDESTE,4697,R$/l,2.451,0.09,2.149,2.859,0.037,0.264,2.187,0.055,2.013,2.3883,0.025
03/01/2014,ÓLEO DIESEL,NORTE,1916,R$/l,2.644,0.196,2.16,3.31,0.074,0.316,2.328,0.11,2.0296,2.8814,0.047
03/01/2014,ÓLEO DIESEL,SUDESTE,12484,R$/l,2.461,0.09,2.145,2.948,0.037,0.296,2.165,0.076,1.995,2.4387,0.035
03/01/2014,ÓLEO DIESEL,SUL,4435,R$/l,2.471,0.087,2.249,2.8,0.035,0.315,2.156,0.062,1.95,2.365,0.029
03/01/2014,ÓLEO DIESEL S10,CENTRO OESTE,974,R$/l,2.802,0.11,2.549,3.15,0.039,0.337,2.465,0.065,2.2359,2.7567,0.026
03/01/2014,ÓLEO DIESEL S10,NORDESTE,3344,R$/l,2.523,0.099,2.299,3.099,0.039,0.231,2.292,0.059,2.1318,2.648,0.026
03/01/2014,ÓLEO DIESEL S10,NORTE,1211,R$/l,2.659,0.184,2.42,3.39,0.069,0.245,2.414,0.112,2.116,2.9288,0.046
03/01/2014,ÓLEO DIESEL S10,SUDESTE,6619,R$/l,2.621,0.086,2.253,2.99,0.033,0.326,2.295,0.071,2.12,2.6201,0.031
03/01/2014,ÓLEO DIESEL S10,SUL,3350,R$/l,2.613,0.095,2.309,2.985,0.036,0.295,2.318,0.06,2.129,2.5623,0.026
03/01/2014,ETANOL HIDRATADO,CENTRO OESTE,2444,R$/l,2.254,0.15,1.89,2.699,0.067,0.296,1.958,0.1,1.7424,2.4281,0.051
03/01/2014,ETANOL HIDRATADO,NORDESTE,5893,R$/l,2.349,0.135,2.059,2.89,0.057,0.254,2.095,0.124,1.746,2.4837,0.059
03/01/2014,ETANOL HIDRATADO,NORTE,1233,R$/l,2.532,0.177,2.15,3.15,0.07,0.242,2.29,0.144,1.7743,2.5914,0.063
03/01/2014,ETANOL HIDRATADO,SUDESTE,17780,R$/l,2.113,0.208,1.769,2.999,0.098,0.276,1.837,0.192,1.5117,2.568,0.105
03/01/2014,ETANOL HIDRATADO,SUL,6199,R$/l,2.251,0.221,1.929,3.05,0.098,0.23,2.021,0.199,1.6323,2.6777,0.098
03/01/2014,GASOLINA COMUM,CENTRO OESTE,2440,R$/l,3.106,0.094,2.89,3.495,0.03,0.424,2.682,0.074,2.448,2.8932,0.028
03/01/2014,GASOLINA COMUM,NORDESTE,6800,R$/l,2.944,0.132,2.549,3.599,0.045,0.394,2.55,0.065,2.3338,2.8258,0.025
03/01/2014,GASOLINA COMUM,NORTE,2355,R$/l,3.12,0.192,2.58,3.8,0.062,0.436,2.684,0.106,2.35,3.1049,0.039
03/01/2014,GASOLINA COMUM,SUDESTE,18054,R$/l,2.949,0.144,2.499,4.159,0.049,0.388,2.561,0.121,2.2119,2.9682,0.047
03/01/2014,GASOLINA COMUM,SUL,6918,R$/l,2.982,0.102,2.549,3.399,0.034,0.388,2.594,0.069,2.4,2.9636,0.027
03/01/2014,GLP,CENTRO OESTE,3804,R$/13kg,44.927,4.933,34.5,60,0.11,8.763,36.164,4.388,22.5431,45,0.121
03/01/2014,GLP,NORDESTE,5333,R$/13kg,41.336,4.066,28,57,0.098,11.811,29.525,3.252,21.4,39.91,0.11
03/01/2014,GLP,NORTE,2735,R$/13kg,45.665,4.266,38,70,0.093,10.755,34.91,4.215,19.17,53,0.121
03/01/2014,GLP,SUDESTE,14265,R$/13kg,42.714,4.446,28,56,0.104,13.552,29.162,3.872,14.6632,45,0.133
03/01/2014,GLP,SUL,7246,R$/13kg,41.827,3.556,29.99,55,0.085,10.441,31.386,4.059,17.9669,45,0.129
03/01/2014,GNV,CENTRO OESTE,28,R$/m3,2.074,0.08,1.989,2.25,0.039,0.608,1.466,0,1.466,1.466,0
03/01/2014,GNV,NORDESTE,541,R$/m3,1.846,0.102,1.669,2.409,0.055,0.446,1.4,0.149,1.073,1.9947,0.106
03/01/2014,GNV,NORTE,3,R$/m3,2.043,0.029,2.01,2.06,0.014,0.299,1.744,0,1.7439,1.7439,0
03/01/2014,GNV,SUDESTE,1330,R$/m3,1.72,0.167,1.399,2.899,0.097,0.34,1.38,0.201,1.0393,2.3146,0.146
03/01/2014,GNV,SUL,336,R$/m3,2.164,0.112,1.799,2.629,0.052,0.492,1.672,0.182,1.3194,2.0423,0.109
04/01/2014,ÓLEO DIESEL,CENTRO OESTE,2551,R$/l,2.636,0.124,2.36,3.09,0.047,0.314,2.322,0.066,2.1895,2.579,0.028
04/01/2014,ÓLEO DIESEL,NORDESTE,5328,R$/l,2.457,0.086,2.199,2.859,0.035,0.271,2.186,0.056,1.9565,2.3884,0.026
04/01/2014,ÓLEO DIESEL,NORTE,2248,R$/l,2.648,0.194,2.29,3.31,0.073,0.314,2.334,0.117,2.017,2.8814,0.05
04/01/2014,ÓLEO DIESEL,SUDESTE,13735,R$/l,2.466,0.091,2.12,2.949,0.037,0.301,2.165,0.074,1.8056,2.434,0.034
04/01/2014,ÓLEO DIESEL,SUL,4372,R$/l,2.473,0.087,2.19,2.87,0.035,0.322,2.151,0.061,1.85,2.3946,0.028
04/01/2014,ÓLEO DIESEL S10,CENTRO OESTE,1269,R$/l,2.806,0.107,2.469,3.15,0.038,0.304,2.502,0.059,2.3486,2.6887,0.024
04/01/2014,ÓLEO DIESEL S10,NORDESTE,3783,R$/l,2.532,0.098,2.299,3.099,0.039,0.236,2.296,0.058,2.15,2.648,0.025
04/01/2014,ÓLEO DIESEL S10,NORTE,1508,R$/l,2.662,0.193,2.42,3.39,0.073,0.253,2.409,0.121,2.13,2.9288,0.05
04/01/2014,ÓLEO DIESEL S10,SUDESTE,8035,R$/l,2.627,0.087,2.299,2.999,0.033,0.331,2.296,0.071,2.068,2.567,0.031
04/01/2014,ÓLEO DIESEL S10,SUL,3576,R$/l,2.615,0.094,2.369,2.985,0.036,0.296,2.319,0.057,2.1245,2.5767,0.025
04/01/2014,ETANOL HIDRATADO,CENTRO OESTE,2998,R$/l,2.312,0.157,1.97,2.699,0.068,0.314,1.998,0.128,1.7474,2.4288,0.064
04/01/2014,ETANOL HIDRATADO,NORDESTE,6563,R$/l,2.43,0.14,2.09,2.95,0.058,0.278,2.152,0.129,1.696,2.6509,0.06
04/01/2014,ETANOL HIDRATADO,NORTE,1365,R$/l,2.577,0.176,2.15,3.17,0.068,0.248,2.329,0.157,1.9321,2.645,0.067
04/01/2014,ETANOL HIDRATADO,SUDESTE,19939,R$/l,2.105,0.228,1.499,2.999,0.108,0.302,1.803,0.217,1.3559,2.7411,0.12
04/01/2014,ETANOL HIDRATADO,SUL,6418,R$/l,2.265,0.241,1.899,3.05,0.106,0.249,2.016,0.219,1.6081,2.6777,0.109
04/01/2014,GASOLINA COMUM,CENTRO OESTE,3005,R$/l,3.13,0.095,2.877,3.495,0.03,0.428,2.702,0.073,2.2958,2.8932,0.027
04/01/2014,GASOLINA COMUM,NORDESTE,7643,R$/l,2.96,0.123,2.494,3.559,0.042,0.399,2.561,0.068,2.2127,2.948,0.027
04/01/2014,GASOLINA COMUM,NORTE,2807,R$/l,3.123,0.197,2.849,3.82,0.063,0.427,2.696,0.107,2.4621,3.2002,0.04
04/01/2014,GASOLINA COMUM,SUDESTE,20318,R$/l,2.955,0.148,2.49,4.159,0.05,0.385,2.57,0.114,2.2413,2.9879,0.044
04/01/2014,GASOLINA COMUM,SUL,7152,R$/l,2.982,0.102,2.69,3.35,0.034,0.387,2.595,0.065,2.4057,2.8575,0.025
04/01/2014,GLP,CENTRO OESTE,4551,R$/13kg,45.247,4.693,38,62,0.104,9.101,36.146,4.287,24.47,49.6,0.119
04/01/2014,GLP,NORDESTE,6136,R$/13kg,41.21,4.201,29,60,0.102,11.741,29.469,3.306,14.84,39.61,0.112
04/01/2014,GLP,NORTE,3473,R$/13kg,45.823,4.134,38,65,0.09,10.934,34.889,4.339,19.17,53,0.124
04/01/2014,GLP,SUDESTE,16670,R$/13kg,42.734,4.47,29.99,56,0.105,13.603,29.131,4.053,14.2002,45.5,0.139
04/01/2014,GLP,SUL,7362,R$/13kg,42.005,3.594,29,55,0.086,10.595,31.41,4.21,17.967,42.7,0.134
04/01/2014,GNV,CENTRO OESTE,39,R$/m3,2.075,0.09,1.989,2.25,0.043,0.617,1.458,0.026,1.4,1.466,0.018
04/01/2014,GNV,NORDESTE,602,R$/m3,1.879,0.108,1.65,2.409,0.057,0.479,1.4,0.145,1.0733,1.9947,0.104
04/01/2014,GNV,NORTE,3,R$/m3,2.103,0.023,2.09,2.13,0.011,0.334,1.769,0.035,1.7439,1.7939,0.02
04/01/2014,GNV,SUDESTE,1535,R$/m3,1.729,0.168,1.399,2.899,0.097,0.371,1.358,0.172,1.0393,1.9837,0.127
04/01/2014,GNV,SUL,371,R$/m3,2.178,0.116,1.899,2.629,0.053,0.446,1.732,0.196,1.304,1.9407,0.113
05/01/2014,ÓLEO DIESEL,CENTRO OESTE,2066,R$/l,2.635,0.123,2.36,3.09,0.047,0.308,2.327,0.063,2.1953,2.514,0.027
05/01/2014,ÓLEO DIESEL,NORDESTE,4463,R$/l,2.459,0.086,2.19,2.859,0.035,0.268,2.191,0.058,1.9663,2.4554,0.026
05/01/2014,ÓLEO DIESEL,NORTE,1845,R$/l,2.653,0.192,2.299,3.31,0.072,0.321,2.332,0.118,2.0489,2.8814,0.051
05/01/2014,ÓLEO DIESEL,SUDESTE,11553,R$/l,2.463,0.091,2.15,2.948,0.037,0.3,2.163,0.074,1.896,2.447,0.034
05/01/2014,ÓLEO DIESEL,SUL,3938,R$/l,2.47,0.088,2.19,2.8,0.036,0.321,2.149,0.063,1.95,2.43,0.029
05/01/2014,ÓLEO DIESEL S10,CENTRO OESTE,1031,R$/l,2.805,0.106,2.58,3.15,0.038,0.294,2.511,0.069,2.251,2.6788,0.027
05/01/2014,ÓLEO DIESEL S10,NORDESTE,3165,R$/l,2.533,0.098,2.34,3.099,0.039,0.239,2.294,0.054,2.023,2.5062,0.024
05/01/2014,ÓLEO DIESEL S10,NORTE,1274,R$/l,2.676,0.2,2.42,3.39,0.075,0.255,2.421,0.138,2.13,2.9568,0.057
05/01/2014,ÓLEO DIESEL S10,SUDESTE,6830,R$/l,2.627,0.087,2.279,2.999,0.033,0.331,2.296,0.071,2.034,2.5871,0.031
05/01/2014,ÓLEO DIESEL S10,SUL,3124,R$/l,2.614,0.095,2.36,2.985,0.036,0.302,2.312,0.056,2.1357,2.5767,0.024
05/01/2014,ETANOL HIDRATADO,CENTRO OESTE,2409,R$/l,2.269,0.154,1.949,2.69,0.068,0.307,1.962,0.142,1.6468,2.3928,0.072
05/01/2014,ETANOL HIDRATADO,NORDESTE,5491,R$/l,2.455,0.141,1.99,2.95,0.057,0.301,2.154,0.132,1.678,2.57,0.061
05/01/2014,ETANOL HIDRATADO,NORTE,1144,R$/l,2.594,0.187,2.199,3.17,0.072,0.271,2.323,0.148,1.88,2.659,0.064
05/01/2014,ETANOL HIDRATADO,SUDESTE,16740,R$/l,2.05,0.256,1.51,3,0.125,0.346,1.704,0.252,1.3,2.7411,0.148
05/01/2014,ETANOL HIDRATADO,SUL,5553,R$/l,2.227,0.258,1.859,3.05,0.116,0.3,1.927,0.228,1.5407,2.558,0.118
05/01/2014,GASOLINA COMUM,CENTRO OESTE,2427,R$/l,3.118,0.113,2.699,3.4,0.036,0.415,2.703,0.082,2.455,2.899,0.03
05/01/2014,GASOLINA COMUM,NORDESTE,6388,R$/l,2.951,0.127,2.56,3.559,0.043,0.383,2.568,0.067,2.342,2.8414,0.026
05/01/2014,GASOLINA COMUM,NORTE,2315,R$/l,3.125,0.201,2.83,3.82,0.064,0.423,2.702,0.114,2.5009,3.1626,0.042
05/01/2014,GASOLINA COMUM,SUDESTE,17058,R$/l,2.947,0.151,2.1,4.159,0.051,0.384,2.563,0.117,2.27,2.9879,0.046
05/01/2014,GASOLINA COMUM,SUL,6250,R$/l,2.964,0.111,2.59,3.35,0.037,0.383,2.581,0.065,2.3038,2.9875,0.025
05/01/2014,GLP,CENTRO OESTE,3706,R$/13kg,45.511,4.964,38,62,0.109,8.912,36.599,4.228,23.6,45.6,0.116
05/01/2014,GLP,NORDESTE,5113,R$/13kg,41.102,4.497,30,58,0.109,12.251,28.851,3.139,22.5,39.38,0.109
05/01/2014,GLP,NORTE,2824,R$/13kg,46.029,4.256,38,65,0.092,11.052,34.977,4.627,19.17,55,0.132
05/01/2014,GLP,SUDESTE,13697,R$/13kg,42.672,4.533,29.9,56,0.106,13.594,29.078,4.09,16.24,45.5,0.141
05/01/2014,GLP,SUL,6464,R$/13kg,42.099,3.583,30,55,0.085,10.539,31.56,4.425,17.9669,43.884,0.14
05/01/2014,GNV,CENTRO OESTE,30,R$/m3,2.152,0.087,1.989,2.299,0.04,0.686,1.466,0.07,1.4,1.5873,0.048
05/01/2014,GNV,NORDESTE,481,R$/m3,1.904,0.091,1.65,2.33,0.048,0.521,1.383,0.131,1.1397,1.7092,0.095
05/01/2014,GNV,NORTE,3,R$/m3,2.087,0.045,2.04,2.13,0.022,0.326,1.761,0.024,1.7439,1.778,0.014
05/01/2014,GNV,SUDESTE,1264,R$/m3,1.73,0.171,1.399,2.699,0.099,0.38,1.35,0.158,1.0904,1.9719,0.117
05/01/2014,GNV,SUL,314,R$/m3,2.183,0.118,1.899,2.629,0.054,0.471,1.712,0.198,1.3194,2.0422,0.116
06/01/2014,ÓLEO DIESEL,CENTRO OESTE,2061,R$/l,2.634,0.125,2.36,3.09,0.047,0.31,2.324,0.066,2.1346,2.6538,0.028
06/01/2014,ÓLEO DIESEL,NORDESTE,4527,R$/l,2.46,0.086,2.218,2.859,0.035,0.268,2.192,0.058,2.014,2.3884,0.026
06/01/2014,ÓLEO DIESEL,NORTE,1924,R$/l,2.656,0.19,2.31,3.31,0.072,0.325,2.331,0.112,2.053,2.8814,0.048
06/01/2014,ÓLEO DIESEL,SUDESTE,12075,R$/l,2.461,0.092,2.149,2.948,0.037,0.301,2.16,0.072,1.88,2.4303,0.033
06/01/2014,ÓLEO DIESEL,SUL,4423,R$/l,2.468,0.09,2.229,2.8,0.036,0.326,2.142,0.067,1.95,2.43,0.031
06/01/2014,ÓLEO DIESEL S10,CENTRO OESTE,1032,R$/l,2.805,0.106,2.549,3.15,0.038,0.294,2.511,0.061,2.3737,2.6889,0.024
06/01/2014,ÓLEO DIESEL S10,NORDESTE,3447,R$/l,2.539,0.093,2.34,3.099,0.037,0.239,2.3,0.051,2.1646,2.5089,0.022
06/01/2014,ÓLEO DIESEL S10,NORTE,1340,R$/l,2.682,0.199,2.42,3.4,0.074,0.27,2.412,0.137,2.12,2.975,0.057
06/01/2014,ÓLEO DIESEL S10,SUDESTE,7486,R$/l,2.625,0.088,2.299,2.999,0.034,0.326,2.299,0.07,1.95,2.5701,0.03
06/01/2014,ÓLEO DIESEL S10,SUL,3608,R$/l,2.612,0.094,2.36,2.992,0.036,0.305,2.307,0.06,2.028,2.5832,0.026
06/01/2014,ETANOL HIDRATADO,CENTRO OESTE,2427,R$/l,2.205,0.166,1.69,2.665,0.075,0.323,1.882,0.146,1.57,2.2751,0.078
06/01/2014,ETANOL HIDRATADO,NORDESTE,5738,R$/l,2.447,0.145,1.95,2.95,0.059,0.342,2.105,0.144,1.649,2.5702,0.068
06/01/2014,ETANOL HIDRATADO,NORTE,1258,R$/l,2.599,0.196,2.179,3.17,0.075,0.317,2.282,0.21,1.6753,2.6573,0.092
06/01/2014,ETANOL HIDRATADO,SUDESTE,17632,R$/l,1.979,0.277,1.549,3,0.14,0.347,1.632,0.242,1.3419,2.7411,0.148
06/01/2014,ETANOL HIDRATADO,SUL,6182,R$/l,2.16,0.269,1.769,3.05,0.125,0.317,1.843,0.205,1.5008,2.4931,0.111
06/01/2014,GASOLINA COMUM,CENTRO OESTE,2441,R$/l,3.107,0.117,2.759,3.4,0.038,0.409,2.698,0.085,2.44,2.899,0.032
06/01/2014,GASOLINA COMUM,NORDESTE,6665,R$/l,2.955,0.13,2.55,3.559,0.044,0.392,2.563,0.069,2.3858,2.8938,0.027
06/01/2014,GASOLINA COMUM,NORTE,2395,R$/l,3.138,0.199,2.8,3.82,0.063,0.444,2.694,0.113,2.43,3.1626,0.042
06/01/2014,GASOLINA COMUM,SUDESTE,17958,R$/l,2.933,0.155,2.499,4.159,0.053,0.39,2.543,0.119,2.25,2.9687,0.047
06/01/2014,GASOLINA COMUM,SUL,7021,R$/l,2.931,0.129,2.569,3.297,0.044,0.374,2.557,0.065,2.37,2.7759,0.025
06/01/2014,GLP,CENTRO OESTE,3708,R$/13kg,45.569,5.229,38,65,0.115,9.094,36.475,4.204,28.75,45,0.115
06/01/2014,GLP,NORDESTE,5219,R$/13kg,41.117,4.468,30,58,0.109,11.9,29.217,3.024,22.5,39.38,0.104
06/01/2014,GLP,NORTE,2822,R$/13kg,46.216,4.286,38,65,0.093,11.028,35.188,4.676,26.08,55,0.133
06/01/2014,GLP,SUDESTE,13924,R$/13kg,42.692,4.541,29.9,56,0.106,13.633,29.059,4.117,14.6632,45.5,0.142
06/01/2014,GLP,SUL,7111,R$/13kg,42.085,3.565,30,55,0.085,10.558,31.527,4.284,17.9669,44,0.136
06/01/2014,GNV,CENTRO OESTE,27,R$/m3,2.181,0.069,2.099,2.299,0.032,0.594,1.587,0,1.5873,1.5873,0
06/01/2014,GNV,NORDESTE,516,R$/m3,1.925,0.082,1.69,2.29,0.043,0.526,1.399,0.137,1.1397,1.6143,0.098
06/01/2014,GNV,NORTE,3,R$/m3,2.117,0.023,2.09,2.13,0.011,0.339,1.778,0,1.778,1.778,0
06/01/2014,GNV,SUDESTE,1281,R$/m3,1.749,0.16,1.399,2.699,0.091,0.378,1.371,0.148,1.0921,1.9719,0.108
06/01/2014,GNV,SUL,395,R$/m3,2.182,0.116,1.899,2.629,0.053,0.465,1.717,0.218,1.3194,2.0422,0.127
07/01/2014,ÓLEO DIESEL,CENTRO OESTE,2551,R$/l,2.632,0.125,2.33,3.069,0.047,0.309,2.323,0.067,2.185,2.58,0.029
07/01/2014,ÓLEO DIESEL,NORDESTE,5212,R$/l,2.46,0.088,2.21,2.87,0.036,0.261,2.199,0.062,2,2.4612,0.028
07/01/2014,ÓLEO DIESEL,NORTE,2200,R$/l,2.655,0.192,2.299,3.31,0.072,0.321,2.334,0.104,2.071,2.7691,0.045
07/01/2014,ÓLEO DIESEL,SUDESTE,13619,R$/l,2.461,0.092,2.15,2.949,0.037,0.301,2.16,0.071,1.88,2.4431,0.033
07/01/2014,ÓLEO DIESEL,SUL,4360,R$/l,2.464,0.091,2.249,2.979,0.037,0.325,2.139,0.065,1.9827,2.368,0.03
07/01/2014,ÓLEO DIESEL S10,CENTRO OESTE,1325,R$/l,2.805,0.108,2.499,3.15,0.039,0.297,2.508,0.062,2.3615,2.7225,0.025
07/01/2014,ÓLEO DIESEL S10,NORDESTE,4188,R$/l,2.543,0.095,2.329,3.099,0.037,0.238,2.305,0.058,2.112,2.5089,0.025
07/01/2014,ÓLEO DIESEL S10,NORTE,1563,R$/l,2.68,0.2,2.42,3.4,0.075,0.266,2.414,0.132,2.12,2.8829,0.055
07/01/2014,ÓLEO DIESEL S10,SUDESTE,8646,R$/l,2.624,0.088,2.299,2.999,0.034,0.322,2.302,0.072,1.95,2.594,0.031
07/01/2014,ÓLEO DIESEL S10,SUL,3657,R$/l,2.612,0.093,2.36,2.985,0.036,0.298,2.314,0.062,2.124,2.579,0.027
07/01/2014,ETANOL HIDRATADO,CENTRO OESTE,3005,R$/l,2.126,0.196,1.69,2.66,0.092,0.333,1.793,0.169,1.43,2.2728,0.094
07/01/2014,ETANOL HIDRATADO,NORDESTE,6636,R$/l,2.415,0.159,1.95,2.95,0.066,0.326,2.089,0.155,1.649,2.5339,0.074
07/01/2014,ETANOL HIDRATADO,NORTE,1462,R$/l,2.595,0.207,2.159,3.2,0.08,0.363,2.232,0.173,1.704,2.6287,0.078
07/01/2014,ETANOL HIDRATADO,SUDESTE,20030,R$/l,1.959,0.28,1.559,3,0.143,0.319,1.64,0.23,1.3585,2.4693,0.14
07/01/2014,ETANOL HIDRATADO,SUL,6223,R$/l,2.118,0.279,1.769,3.05,0.132,0.293,1.825,0.197,1.4401,2.4914,0.108
07/01/2014,GASOLINA COMUM,CENTRO OESTE,3020,R$/l,3.087,0.132,2.73,3.397,0.043,0.399,2.688,0.085,2.4434,2.899,0.032
07/01/2014,GASOLINA COMUM,NORDESTE,7734,R$/l,2.933,0.145,2.488,3.559,0.049,0.38,2.553,0.074,2.365,2.819,0.029
07/01/2014,GASOLINA COMUM,NORTE,2782,R$/l,3.15,0.197,2.65,3.82,0.063,0.461,2.689,0.105,2.43,3.167,0.039
07/01/2014,GASOLINA COMUM,SUDESTE,20410,R$/l,2.93,0.16,2.499,4.169,0.055,0.395,2.535,0.123,2.23,3.0009,0.049
07/01/2014,GASOLINA COMUM,SUL,7039,R$/l,2.914,0.143,2.529,3.326,0.049,0.372,2.542,0.07,2.3637,2.8359,0.028
07/01/2014,GLP,CENTRO OESTE,4628,R$/13kg,45.546,5.344,38,65,0.117,8.714,36.832,4.206,28.73,47,0.114
07/01/2014,GLP,NORDESTE,6265,R$/13kg,41.038,4.533,28,58,0.11,11.691,29.347,2.878,21.93,38,0.098
07/01/2014,GLP,NORTE,3529,R$/13kg,46.19,4.308,38,65,0.093,11.104,35.086,4.701,20,55,0.134
07/01/2014,GLP,SUDESTE,16831,R$/13kg,42.677,4.56,28.99,55,0.107,13.763,28.914,4.188,14.66,45.5,0.145
07/01/2014,GLP,SUL,7418,R$/13kg,42.043,3.521,30,55,0.084,11.005,31.038,4.399,17.367,44,0.142
07/01/2014,GNV,CENTRO OESTE,35,R$/m3,2.183,0.062,2.099,2.299,0.028,0.572,1.611,0.099,1.4,1.7405,0.061
07/01/2014,GNV,NORDESTE,588,R$/m3,1.928,0.085,1.69,2.29,0.044,0.522,1.406,0.141,1.1665,1.7092,0.1
07/01/2014,GNV,NORTE,4,R$/m3,2.11,0.023,2.09,2.13,0.011,0.332,1.778,0,1.778,1.778,0
07/01/2014,GNV,SUDESTE,1558,R$/m3,1.764,0.154,1.399,2.799,0.087,0.394,1.37,0.152,1.0729,1.927,0.111
07/01/2014,GNV,SUL,361,R$/m3,2.157,0.125,1.799,2.629,0.058,0.475,1.682,0.197,1.3194,2.0423,0.117
08/01/2014,ÓLEO DIESEL,CENTRO OESTE,2024,R$/l,2.637,0.127,2.33,3.11,0.048,0.302,2.335,0.068,2.199,2.59,0.029
08/01/2014,ÓLEO DIESEL,NORDESTE,4240,R$/l,2.451,0.09,2.21,2.87,0.037,0.253,2.198,0.064,2.003,2.4224,0.029
08/01/2014,ÓLEO DIESEL,NORTE,1819,R$/l,2.656,0.191,2.299,3.31,0.072,0.323,2.333,0.099,2.0789,2.7691,0.042
08/01/2014,ÓLEO DIESEL,SUDESTE,11321,R$/l,2.462,0.092,2.15,2.999,0.037,0.294,2.168,0.073,1.9925,2.5427,0.034
08/01/2014,ÓLEO DIESEL,SUL,3861,R$/l,2.464,0.092,2.258,2.879,0.037,0.321,2.143,0.066,1.991,2.434,0.031
08/01/2014,ÓLEO DIESEL S10,CENTRO OESTE,1071,R$/l,2.811,0.107,2.499,3.15,0.038,0.285,2.526,0.064,2.29,2.7031,0.025
08/01/2014,ÓLEO DIESEL S10,NORDESTE,3639,R$/l,2.562,0.093,2.216,3.099,0.036,0.253,2.309,0.061,2.112,2.582,0.026
08/01/2014,ÓLEO DIESEL S10,NORTE,1319,R$/l,2.727,0.199,2.399,3.4,0.073,0.312,2.415,0.117,2.149,2.8829,0.048
08/01/2014,ÓLEO DIESEL S10,SUDESTE,7394,R$/l,2.627,0.089,2.349,2.999,0.034,0.316,2.311,0.072,2.103,2.5766,0.031
08/01/2014,ÓLEO DIESEL S10,SUL,3336,R$/l,2.616,0.095,2.359,2.999,0.036,0.31,2.306,0.062,2.1253,2.689,0.027
08/01/2014,ETANOL HIDRATADO,CENTRO OESTE,2416,R$/l,2.104,0.218,1.64,2.66,0.104,0.311,1.793,0.184,1.36,2.2732,0.103
08/01/2014,ETANOL HIDRATADO,NORDESTE,5470,R$/l,2.402,0.17,1.9,2.999,0.071,0.307,2.095,0.168,1.6085,2.5682,0.08
08/01/2014,ETANOL HIDRATADO,NORTE,1203,R$/l,2.593,0.211,2.159,3.2,0.081,0.343,2.25,0.145,1.704,2.6625,0.064
08/01/2014,ETANOL HIDRATADO,SUDESTE,16744,R$/l,1.952,0.28,1.559,2.99,0.143,0.322,1.63,0.226,1.38,2.4525,0.139
08/01/2014,ETANOL HIDRATADO,SUL,5461,R$/l,2.121,0.271,1.759,3.05,0.128,0.303,1.818,0.188,1.4771,2.3839,0.103
08/01/2014,GASOLINA COMUM,CENTRO OESTE,2426,R$/l,3.096,0.142,2.699,3.4,0.046,0.406,2.69,0.098,2.2671,2.899,0.036
08/01/2014,GASOLINA COMUM,NORDESTE,6403,R$/l,2.928,0.151,2.488,3.559,0.052,0.381,2.547,0.078,2.24,2.819,0.031
08/01/2014,GASOLINA COMUM,NORTE,2303,R$/l,3.156,0.195,2.779,3.82,0.062,0.463,2.693,0.095,2.4552,3.1534,0.035
08/01/2014,GASOLINA COMUM,SUDESTE,17061,R$/l,2.929,0.16,2.499,4.169,0.055,0.399,2.53,0.121,2.24,3.0009,0.048
08/01/2014,GASOLINA COMUM,SUL,6255,R$/l,2.933,0.127,2.53,3.297,0.043,0.39,2.543,0.068,2.314,2.8121,0.027
08/01/2014,GLP,CENTRO OESTE,3701,R$/13kg,45.537,5.435,36,60,0.119,8.554,36.983,4.34,22.222,54,0.117
08/01/2014,GLP,NORDESTE,5092,R$/13kg,41.125,4.31,28,58,0.105,11.644,29.481,3.063,22.3,38.5,0.104
08/01/2014,GLP,NORTE,2830,R$/13kg,46.309,4.314,38,65,0.093,10.978,35.331,4.482,23.84,55,0.127
08/01/2014,GLP,SUDESTE,13677,R$/13kg,42.584,4.564,28.99,55,0.107,13.549,29.035,4.249,14.66,45.5,0.146
08/01/2014,GLP,SUL,6435,R$/13kg,42.005,3.554,30,55,0.085,11.022,30.983,4.49,17.9669,44,0.145
08/01/2014,GNV,CENTRO OESTE,31,R$/m3,2.185,0.099,1.989,2.4,0.045,0.587,1.598,0.035,1.5809,1.7034,0.022
08/01/2014,GNV,NORDESTE,504,R$/m3,1.934,0.089,1.55,2.29,0.046,0.532,1.402,0.145,1.1665,1.6373,0.103
08/01/2014,GNV,NORTE,4,R$/m3,2.11,0.023,2.09,2.13,0.011,0.333,1.777,0.001,1.776,1.778,0.001
08/01/2014,GNV,SUDESTE,1207,R$/m3,1.795,0.154,1.399,2.799,0.086,0.421,1.374,0.167,1.0853,1.927,0.122
08/01/2014,GNV,SUDESTE,48,R$/m3,1.839,0.154,1.557,2.38,0.084,0.455,1.384,0.167,1.1678,1.5696,0.121
08/01/2014,GNV,SUL,2,R$/m3,2.28,0.138,2.28,2.28,0.061,0.503,1.777,0.207,1.7766,1.7766,0.116
08/01/2014,GNV,SUL,338,R$/m3,2.094,0.138,1.799,2.64,0.066,0.477,1.617,0.207,1.3194,2.048,0.128
09/01/2014,ÓLEO DIESEL,CENTRO OESTE,2167,R$/l,2.637,0.126,2.33,3.069,0.048,0.295,2.342,0.064,2.1896,2.569,0.027
09/01/2014,ÓLEO DIESEL,NORDESTE,4880,R$/l,2.447,0.086,2.209,2.89,0.035,0.252,2.195,0.066,1.9098,2.44,0.03
09/01/2014,ÓLEO DIESEL,NORTE,2145,R$/l,2.667,0.192,2.27,3.31,0.072,0.329,2.338,0.109,2.0838,2.891,0.047
09/01/2014,ÓLEO DIESEL,SUDESTE,12992,R$/l,2.463,0.092,2.19,2.899,0.037,0.293,2.17,0.074,1.9925,2.496,0.034
09/01/2014,ÓLEO DIESEL,SUL,4445,R$/l,2.463,0.094,2.25,2.9,0.038,0.319,2.144,0.066,1.9898,2.3915,0.031
09/01/2014,ÓLEO DIESEL S10,CENTRO OESTE,1169,R$/l,2.818,0.109,2.499,3.2,0.039,0.287,2.531,0.066,2.3875,2.7031,0.026
09/01/2014,ÓLEO DIESEL S10,NORDESTE,4337,R$/l,2.574,0.09,2.32,3.099,0.035,0.261,2.313,0.06,2.073,2.611,0.026
09/01/2014,ÓLEO DIESEL S10,NORTE,1524,R$/l,2.744,0.198,2.399,3.4,0.072,0.32,2.424,0.122,2.12,2.9809,0.05
09/01/2014,ÓLEO DIESEL S10,SUDESTE,8920,R$/l,2.623,0.091,2.199,2.999,0.035,0.312,2.311,0.072,2.074,2.5866,0.031
09/01/2014,ÓLEO DIESEL S10,SUL,3863,R$/l,2.623,0.093,2.36,2.999,0.035,0.326,2.297,0.058,2.16,2.4926,0.025
09/01/2014,ETANOL HIDRATADO,CENTRO OESTE,2569,R$/l,2.033,0.216,1.639,2.599,0.106,0.31,1.723,0.18,1.43,2.2732,0.104
09/01/2014,ETANOL HIDRATADO,NORDESTE,6277,R$/l,2.461,0.141,1.99,2.95,0.057,0.374,2.087,0.164,1.6085,2.5015,0.079
09/01/2014,ETANOL HIDRATADO,NORTE,1369,R$/l,2.59,0.213,2.099,3.2,0.082,0.341,2.249,0.146,1.695,2.4844,0.065
09/01/2014,ETANOL HIDRATADO,SUDESTE,19382,R$/l,1.946,0.281,1.499,2.999,0.144,0.308,1.638,0.241,1.3396,2.4619,0.147
09/01/2014,ETANOL HIDRATADO,SUL,6140,R$/l,2.066,0.271,1.749,3.05,0.131,0.272,1.794,0.185,1.4771,2.3029,0.103
09/01/2014,GASOLINA COMUM,CENTRO OESTE,2574,R$/l,3.065,0.147,2.633,3.4,0.048,0.387,2.678,0.094,2.4036,2.9078,0.035
09/01/2014,GASOLINA COMUM,NORDESTE,7401,R$/l,2.977,0.122,2.56,3.559,0.041,0.424,2.553,0.075,2.351,2.7725,0.029
09/01/2014,GASOLINA COMUM,NORTE,2624,R$/l,3.157,0.192,2.759,3.82,0.061,0.465,2.692,0.096,2.43,3.1361,0.036
09/01/2014,GASOLINA COMUM,SUDESTE,19781,R$/l,2.925,0.161,2.499,4.169,0.055,0.399,2.526,0.127,2.22,2.984,0.05
09/01/2014,GASOLINA COMUM,SUL,7139,R$/l,2.927,0.128,2.539,3.326,0.044,0.384,2.543,0.068,2.371,2.7804,0.027
09/01/2014,GLP,CENTRO OESTE,4007,R$/13kg,46.237,5.647,33,67,0.122,8.838,37.399,4.131,28,54,0.11
09/01/2014,GLP,NORDESTE,5916,R$/13kg,42.853,5.234,28,58,0.122,13.053,29.8,3.241,22.3,38,0.109
09/01/2014,GLP,NORTE,3145,R$/13kg,46.981,4.63,38,69,0.099,11.29,35.691,4.478,19,55,0.125
09/01/2014,GLP,SUDESTE,15379,R$/13kg,43.463,4.752,29.99,60,0.109,14.081,29.382,4.615,14.66,51.5,0.157
09/01/2014,GLP,SUL,6983,R$/13kg,42.906,4.285,30,58,0.1,11.947,30.959,4.607,17.967,44,0.149
09/01/2014,GNV,CENTRO OESTE,27,R$/m3,2.209,0.112,1.989,2.45,0.051,0.622,1.587,0,1.5873,1.5873,0
09/01/2014,GNV,NORDESTE,587,R$/m3,1.945,0.09,1.69,2.29,0.046,0.513,1.432,0.142,1.1543,1.7092,0.099
09/01/2014,GNV,NORTE,3,R$/m3,2.117,0.023,2.09,2.13,0.011,0.339,1.778,0,1.778,1.778,0
09/01/2014,GNV,SUDESTE,1405,R$/m3,1.794,0.147,1.399,2.799,0.082,0.416,1.378,0.139,1.0853,1.927,0.101
09/01/2014,GNV,SUL,390,R$/m3,2.102,0.131,1.799,2.64,0.062,0.468,1.634,0.194,1.3346,2.1451,0.119
10/01/2014,ÓLEO DIESEL,CENTRO OESTE,2408,R$/l,2.632,0.125,2.33,3.069,0.047,0.289,2.343,0.069,2.2091,2.785,0.029
10/01/2014,ÓLEO DIESEL,NORDESTE,4680,R$/l,2.448,0.086,2.209,2.859,0.035,0.253,2.195,0.067,1.9393,2.44,0.031
10/01/2014,ÓLEO DIESEL,NORTE,1969,R$/l,2.667,0.194,2.299,3.31,0.073,0.324,2.343,0.113,2.089,2.891,0.048
10/01/2014,ÓLEO DIESEL,SUDESTE,12088,R$/l,2.462,0.091,2.19,2.9,0.037,0.29,2.172,0.072,2,2.496,0.033
10/01/2014,ÓLEO DIESEL,SUL,4279,R$/l,2.463,0.096,2.2,2.89,0.039,0.321,2.142,0.066,1.9815,2.4143,0.031
10/01/2014,ÓLEO DIESEL S10,CENTRO OESTE,1373,R$/l,2.818,0.109,2.499,3.15,0.039,0.306,2.512,0.066,2.1837,2.7224,0.026
10/01/2014,ÓLEO DIESEL S10,NORDESTE,4105,R$/l,2.573,0.09,2.359,3.099,0.035,0.258,2.315,0.061,2.1694,2.611,0.026
10/01/2014,ÓLEO DIESEL S10,NORTE,1503,R$/l,2.749,0.198,2.45,3.4,0.072,0.326,2.423,0.133,2.12,2.9809,0.055
10/01/2014,ÓLEO DIESEL S10,SUDESTE,8475,R$/l,2.623,0.09,2.329,2.999,0.034,0.314,2.309,0.071,2.0323,2.5886,0.031
10/01/2014,ÓLEO DIESEL S10,SUL,3791,R$/l,2.623,0.092,2.36,2.985,0.035,0.321,2.302,0.058,2.1269,2.5867,0.025
10/01/2014,ETANOL HIDRATADO,CENTRO OESTE,2875,R$/l,2.068,0.198,1.67,2.599,0.096,0.322,1.746,0.178,1.36,2.278,0.102
10/01/2014,ETANOL HIDRATADO,NORDESTE,5919,R$/l,2.469,0.145,1.99,2.98,0.059,0.407,2.062,0.16,1.5794,2.5316,0.078
10/01/2014,ETANOL HIDRATADO,NORTE,1310,R$/l,2.588,0.209,2.09,3.17,0.081,0.336,2.252,0.149,1.6599,2.6726,0.066
10/01/2014,ETANOL HIDRATADO,SUDESTE,18213,R$/l,1.934,0.288,1.47,3.11,0.149,0.333,1.601,0.262,1.2747,2.5751,0.164
10/01/2014,ETANOL HIDRATADO,SUL,5988,R$/l,2.051,0.275,1.699,3.05,0.134,0.277,1.774,0.191,1.4499,2.3228,0.108
10/01/2014,GASOLINA COMUM,CENTRO OESTE,2882,R$/l,3.08,0.126,2.67,3.4,0.041,0.39,2.69,0.089,2.43,2.845,0.033
10/01/2014,GASOLINA COMUM,NORDESTE,6995,R$/l,2.975,0.128,2.589,3.559,0.043,0.423,2.552,0.076,2.34,2.918,0.03
10/01/2014,GASOLINA COMUM,NORTE,2517,R$/l,3.157,0.191,2.8,3.83,0.061,0.47,2.687,0.098,2.43,3.1361,0.036
10/01/2014,GASOLINA COMUM,SUDESTE,18576,R$/l,2.918,0.163,2.45,4.159,0.056,0.396,2.522,0.123,2.22,3.298,0.049
10/01/2014,GASOLINA COMUM,SUL,6913,R$/l,2.925,0.127,2.539,3.297,0.043,0.383,2.542,0.068,2.345,2.9294,0.027
10/01/2014,GLP,CENTRO OESTE,4326,R$/13kg,46.592,5.517,36,67,0.118,9.152,37.44,4.036,22.75,44.5,0.108
10/01/2014,GLP,NORDESTE,5525,R$/13kg,43.864,5.468,29,60,0.125,13.855,30.009,3.294,22.3,38.1,0.11
10/01/2014,GLP,NORTE,3216,R$/13kg,47.662,5.027,38,69,0.105,11.642,36.02,5.271,17.39,55,0.146
10/01/2014,GLP,SUDESTE,15342,R$/13kg,44.127,4.778,30,60,0.108,14.196,29.931,4.712,14.66,51.5,0.157
10/01/2014,GLP,SUL,7453,R$/13kg,43.624,4.39,33,58,0.101,12.305,31.319,4.687,17.967,54.64,0.15
10/01/2014,GNV,CENTRO OESTE,29,R$/m3,2.227,0.087,2.149,2.49,0.039,0.633,1.594,0.039,1.5873,1.6733,0.024
10/01/2014,GNV,NORDESTE,587,R$/m3,1.955,0.087,1.69,2.29,0.045,0.519,1.436,0.15,1.1543,1.7092,0.104
10/01/2014,GNV,NORTE,3,R$/m3,2.117,0.023,2.09,2.13,0.011,0.339,1.778,0,1.778,1.778,0
10/01/2014,GNV,SUDESTE,1339,R$/m3,1.795,0.147,1.379,2.799,0.082,0.412,1.383,0.142,1.1176,1.927,0.103
10/01/2014,GNV,SUL,412,R$/m3,2.098,0.131,1.799,2.64,0.062,0.492,1.606,0.179,1.322,2.048,0.111
11/01/2014,ÓLEO DIESEL,CENTRO OESTE,2026,R$/l,2.691,0.136,2.33,3.149,0.051,0.302,2.389,0.085,2.23,2.6538,0.036
11/01/2014,ÓLEO DIESEL,NORDESTE,4213,R$/l,2.519,0.108,2.209,2.95,0.043,0.282,2.237,0.078,2.061,2.514,0.035
11/01/2014,ÓLEO DIESEL,NORTE,1805,R$/l,2.739,0.2,2.299,3.44,0.073,0.359,2.38,0.119,2.1375,2.9758,0.05
11/01/2014,ÓLEO DIESEL,SUDESTE,11087,R$/l,2.529,0.105,2.199,2.999,0.042,0.308,2.221,0.086,2,2.5304,0.039
11/01/2014,ÓLEO DIESEL,SUL,3829,R$/l,2.515,0.11,2.25,2.97,0.044,0.331,2.184,0.079,1.9815,2.5183,0.036
11/01/2014,ÓLEO DIESEL S10,CENTRO OESTE,1153,R$/l,2.877,0.124,2.499,3.3,0.043,0.335,2.542,0.079,2.2513,2.8125,0.031
11/01/2014,ÓLEO DIESEL S10,NORDESTE,3863,R$/l,2.67,0.117,2.359,3.179,0.044,0.301,2.369,0.081,2.0463,2.6779,0.034
11/01/2014,ÓLEO DIESEL S10,NORTE,1394,R$/l,2.817,0.208,2.45,3.56,0.074,0.351,2.466,0.143,2.12,2.8997,0.058
11/01/2014,ÓLEO DIESEL S10,SUDESTE,8023,R$/l,2.688,0.105,2.349,3.1,0.039,0.326,2.362,0.085,2.101,2.6833,0.036
11/01/2014,ÓLEO DIESEL S10,SUL,3538,R$/l,2.677,0.111,2.39,3.15,0.041,0.335,2.342,0.077,2.1211,2.5902,0.033
11/01/2014,ETANOL HIDRATADO,CENTRO OESTE,2418,R$/l,2.113,0.181,1.739,2.599,0.086,0.32,1.793,0.177,1.36,2.2975,0.099
11/01/2014,ETANOL HIDRATADO,NORDESTE,5370,R$/l,2.478,0.152,1.999,2.99,0.061,0.448,2.03,0.149,1.5909,2.5091,0.073
11/01/2014,ETANOL HIDRATADO,NORTE,1186,R$/l,2.594,0.222,2.059,3.43,0.086,0.344,2.25,0.136,1.6599,2.6726,0.06
11/01/2014,ETANOL HIDRATADO,SUDESTE,16690,R$/l,1.948,0.28,1.47,3.11,0.144,0.35,1.598,0.254,1.3149,2.5845,0.159
11/01/2014,ETANOL HIDRATADO,SUL,5368,R$/l,2.06,0.269,1.599,3.05,0.131,0.314,1.746,0.186,1.4704,2.3228,0.107
11/01/2014,GASOLINA COMUM,CENTRO OESTE,2425,R$/l,3.137,0.118,2.729,3.42,0.038,0.402,2.735,0.094,2.44,2.897,0.034
11/01/2014,GASOLINA COMUM,NORDESTE,6388,R$/l,3.043,0.143,2.629,3.59,0.047,0.471,2.572,0.076,2.25,2.9715,0.03
11/01/2014,GASOLINA COMUM,NORTE,2254,R$/l,3.203,0.198,2.8,3.88,0.062,0.495,2.708,0.105,2.43,3.1714,0.039
11/01/2014,GASOLINA COMUM,SUDESTE,17012,R$/l,2.961,0.165,2.45,4.369,0.056,0.42,2.541,0.126,2.24,3.031,0.05
11/01/2014,GASOLINA COMUM,SUL,6237,R$/l,2.97,0.132,2.539,3.408,0.044,0.409,2.561,0.072,2.345,2.8556,0.028
11/01/2014,GLP,CENTRO OESTE,3684,R$/13kg,46.745,5.764,36,67,0.123,9.2,37.545,3.933,23.8,44.5,0.105
11/01/2014,GLP,NORDESTE,5059,R$/13kg,44.024,5.446,30,58,0.124,14.031,29.993,3.328,23,40,0.111
11/01/2014,GLP,NORTE,2803,R$/13kg,48.092,4.864,38,69,0.101,11.786,36.306,4.844,20,55,0.133
11/01/2014,GLP,SUDESTE,13642,R$/13kg,44.246,4.803,30,60,0.109,14.016,30.23,4.777,14.66,55,0.158
11/01/2014,GLP,SUL,6407,R$/13kg,43.835,4.411,32,58,0.101,11.904,31.931,4.736,17.3036,44.5,0.148
11/01/2014,GNV,CENTRO OESTE,23,R$/m3,2.226,0.101,2.099,2.49,0.045,0.651,1.575,0.025,1.5373,1.5873,0.016
11/01/2014,GNV,NORDESTE,469,R$/m3,1.96,0.103,1.4,2.29,0.053,0.502,1.458,0.144,1.181,1.7091,0.099
11/01/2014,GNV,NORTE,3,R$/m3,2.28,0.017,2.27,2.3,0.007,0.502,1.778,0,1.778,1.778,0
11/01/2014,GNV,SUDESTE,1260,R$/m3,1.8,0.153,1.379,2.889,0.085,0.435,1.365,0.142,1.1126,1.927,0.104
11/01/2014,GNV,SUL,347,R$/m3,2.086,0.134,1.799,2.59,0.064,0.474,1.612,0.185,1.3346,2.048,0.115
12/01/2014,ÓLEO DIESEL,CENTRO OESTE,2502,R$/l,2.734,0.13,2.35,3.149,0.048,0.296,2.438,0.074,2.2356,2.64,0.03
12/01/2014,ÓLEO DIESEL,NORDESTE,5178,R$/l,2.568,0.096,2.29,2.95,0.037,0.269,2.299,0.062,2.0158,2.5268,0.027
12/01/2014,ÓLEO DIESEL,NORTE,2235,R$/l,2.789,0.194,2.39,3.46,0.07,0.356,2.433,0.115,2.2375,2.9133,0.047
12/01/2014,ÓLEO DIESEL,SUDESTE,13705,R$/l,2.567,0.096,2.199,2.999,0.037,0.299,2.268,0.075,2.02,2.5915,0.033
12/01/2014,ÓLEO DIESEL,SUL,4720,R$/l,2.557,0.101,2.259,2.97,0.039,0.318,2.239,0.064,2.0185,2.536,0.029
12/01/2014,ÓLEO DIESEL S10,CENTRO OESTE,1457,R$/l,2.912,0.122,2.65,3.29,0.042,0.297,2.615,0.059,2.451,2.8,0.023
12/01/2014,ÓLEO DIESEL S10,NORDESTE,4927,R$/l,2.723,0.106,2.37,3.179,0.039,0.312,2.411,0.069,2.2296,2.6821,0.029
12/01/2014,ÓLEO DIESEL S10,NORTE,1779,R$/l,2.864,0.21,2.44,3.59,0.073,0.334,2.53,0.144,2.2831,3.1184,0.057
12/01/2014,ÓLEO DIESEL S10,SUDESTE,10159,R$/l,2.724,0.096,2.429,3.098,0.035,0.317,2.407,0.078,2.0491,2.733,0.032
12/01/2014,ÓLEO DIESEL S10,SUL,4527,R$/l,2.724,0.102,2.399,3.22,0.037,0.336,2.388,0.066,2.06,2.6696,0.028
12/01/2014,ETANOL HIDRATADO,CENTRO OESTE,3023,R$/l,2.159,0.165,1.79,2.579,0.076,0.336,1.823,0.17,1.36,2.2979,0.093
12/01/2014,ETANOL HIDRATADO,NORDESTE,6647,R$/l,2.459,0.166,1.999,2.9,0.068,0.444,2.015,0.137,1.5788,2.5091,0.068
12/01/2014,ETANOL HIDRATADO,NORTE,1456,R$/l,2.599,0.221,2.09,3.328,0.085,0.338,2.261,0.162,1.6484,2.7856,0.072
12/01/2014,ETANOL HIDRATADO,SUDESTE,20865,R$/l,1.975,0.273,1.599,3.11,0.138,0.307,1.668,0.24,1.3499,2.6504,0.144
12/01/2014,ETANOL HIDRATADO,SUL,6679,R$/l,2.076,0.258,1.699,3.05,0.124,0.28,1.796,0.178,1.4153,2.4643,0.099
12/01/2014,GASOLINA COMUM,CENTRO OESTE,3030,R$/l,3.17,0.106,2.88,3.42,0.033,0.395,2.775,0.1,2.4829,2.897,0.036
12/01/2014,GASOLINA COMUM,NORDESTE,7894,R$/l,3.048,0.149,2.59,3.59,0.049,0.46,2.588,0.078,2.245,2.95,0.03
12/01/2014,GASOLINA COMUM,NORTE,2774,R$/l,3.231,0.207,2.8,3.91,0.064,0.487,2.744,0.109,2.4542,3.2181,0.04
12/01/2014,GASOLINA COMUM,SUDESTE,21249,R$/l,2.983,0.165,2.499,4.299,0.055,0.415,2.568,0.129,2.223,3.0686,0.05
12/01/2014,GASOLINA COMUM,SUL,7798,R$/l,3.001,0.123,2.67,3.408,0.041,0.401,2.6,0.065,2.3054,2.89,0.025
12/01/2014,GLP,CENTRO OESTE,4577,R$/13kg,46.866,5.604,38,67,0.12,9.09,37.776,3.885,28.75,47,0.103
12/01/2014,GLP,NORDESTE,6249,R$/13kg,44.023,5.376,30,58,0.122,14.094,29.929,3.195,23,40,0.107
12/01/2014,GLP,NORTE,3360,R$/13kg,48.448,4.546,39,69,0.094,12.072,36.376,4.464,26.06,48.8,0.123
12/01/2014,GLP,SUDESTE,16937,R$/13kg,44.4,4.807,29.99,60,0.108,14.188,30.212,4.698,14.66,51.5,0.156
12/01/2014,GLP,SUL,8022,R$/13kg,43.821,4.369,32,58,0.1,11.612,32.209,4.649,17.967,45.66,0.144
12/01/2014,GNV,CENTRO OESTE,34,R$/m3,2.215,0.067,2.169,2.4,0.03,0.622,1.593,0.035,1.5873,1.67,0.022
12/01/2014,GNV,NORDESTE,629,R$/m3,1.973,0.088,1.74,2.315,0.045,0.506,1.467,0.166,1.1556,1.83,0.113
12/01/2014,GNV,NORTE,4,R$/m3,2.2,0.081,2.13,2.27,0.037,0.416,1.784,0.011,1.778,1.7973,0.006
12/01/2014,GNV,SUDESTE,1562,R$/m3,1.805,0.151,1.379,2.889,0.084,0.422,1.383,0.137,1.1126,1.927,0.099
12/01/2014,GNV,SUL,413,R$/m3,2.093,0.141,1.799,2.64,0.067,0.445,1.648,0.187,1.3234,2.048,0.113
01/01/2015,ÓLEO DIESEL,CENTRO OESTE,2018,R$/l,2.748,0.13,2.39,3.149,0.047,0.297,2.451,0.082,2.2145,2.6755,0.033
01/01/2015,ÓLEO DIESEL,NORDESTE,4295,R$/l,2.57,0.096,2.2,2.899,0.037,0.259,2.311,0.065,1.9405,2.6673,0.028
01/01/2015,ÓLEO DIESEL,NORTE,1834,R$/l,2.796,0.191,2.39,3.46,0.068,0.34,2.456,0.121,2.1465,3.0338,0.049
01/01/2015,ÓLEO DIESEL,SUDESTE,10999,R$/l,2.57,0.097,2.13,2.999,0.038,0.288,2.282,0.073,2.0598,2.5756,0.032
01/01/2015,ÓLEO DIESEL,SUL,3768,R$/l,2.559,0.099,2.299,2.99,0.039,0.314,2.245,0.066,2.0325,2.6475,0.029
01/01/2015,ÓLEO DIESEL S10,CENTRO OESTE,1132,R$/l,2.923,0.12,2.67,3.299,0.041,0.265,2.658,0.063,2.471,2.844,0.024
01/01/2015,ÓLEO DIESEL S10,NORDESTE,4013,R$/l,2.733,0.107,2.45,3.179,0.039,0.301,2.432,0.07,2.219,2.6981,0.029
01/01/2015,ÓLEO DIESEL S10,NORTE,1470,R$/l,2.871,0.205,2.47,3.59,0.071,0.317,2.554,0.139,2.1917,3.1184,0.054
01/01/2015,ÓLEO DIESEL S10,SUDESTE,8265,R$/l,2.729,0.098,2.099,3.159,0.036,0.311,2.418,0.077,2.1244,2.7475,0.032
01/01/2015,ÓLEO DIESEL S10,SUL,3618,R$/l,2.724,0.1,2.419,3.22,0.037,0.327,2.397,0.066,2.1254,2.8867,0.028
01/01/2015,ETANOL HIDRATADO,CENTRO OESTE,2419,R$/l,2.136,0.176,1.829,2.579,0.082,0.279,1.857,0.146,1.415,2.2974,0.079
01/01/2015,ETANOL HIDRATADO,NORDESTE,5406,R$/l,2.448,0.168,1.95,2.92,0.069,0.422,2.026,0.132,1.64,2.48,0.065
01/01/2015,ETANOL HIDRATADO,NORTE,1206,R$/l,2.617,0.221,2.159,3.32,0.084,0.334,2.283,0.14,1.6484,2.7856,0.061
01/01/2015,ETANOL HIDRATADO,SUDESTE,16696,R$/l,2.006,0.268,1.599,3.23,0.134,0.293,1.713,0.231,1.395,2.6041,0.135
01/01/2015,ETANOL HIDRATADO,SUL,5305,R$/l,2.085,0.257,1.749,3.05,0.123,0.25,1.835,0.187,1.5592,2.4641,0.102
01/01/2015,GASOLINA COMUM,CENTRO OESTE,2425,R$/l,3.163,0.118,2.84,3.42,0.037,0.374,2.789,0.093,2.49,2.899,0.033
01/01/2015,GASOLINA COMUM,NORDESTE,6467,R$/l,3.032,0.157,2.58,3.59,0.052,0.432,2.6,0.078,2.4316,2.841,0.03
01/01/2015,GASOLINA COMUM,NORTE,2278,R$/l,3.234,0.204,2.8,3.91,0.063,0.479,2.755,0.113,2.296,3.2181,0.041
01/01/2015,GASOLINA COMUM,SUDESTE,17007,R$/l,2.992,0.163,2.499,4.299,0.054,0.404,2.588,0.129,2.21,3.0644,0.05
01/01/2015,GASOLINA COMUM,SUL,6237,R$/l,2.996,0.124,2.599,3.408,0.041,0.381,2.615,0.064,2.35,2.994,0.024
01/01/2015,GLP,CENTRO OESTE,3688,R$/13kg,46.912,5.623,38,67,0.12,8.968,37.944,3.902,25,47,0.103
01/01/2015,GLP,NORDESTE,5169,R$/13kg,43.913,5.334,30,58,0.121,13.751,30.162,3.257,23,38,0.108
01/01/2015,GLP,NORTE,2883,R$/13kg,48.722,4.563,39,69,0.094,12.236,36.486,4.683,21.08,48,0.128
01/01/2015,GLP,SUDESTE,13761,R$/13kg,44.333,4.864,30,60,0.11,14.278,30.055,4.656,14.66,51.5,0.155
01/01/2015,GLP,SUL,6466,R$/13kg,43.882,4.362,32,66,0.099,11.839,32.043,4.73,17.9669,48,0.148
01/01/2015,GNV,CENTRO OESTE,30,R$/m3,2.22,0.102,1.99,2.49,0.046,0.606,1.614,0.125,1.5873,1.9408,0.077
01/01/2015,GNV,NORDESTE,503,R$/m3,1.99,0.099,1.74,2.315,0.05,0.506,1.484,0.152,1.1811,1.7443,0.102
01/01/2015,GNV,NORTE,3,R$/m3,2.29,0.017,2.27,2.3,0.007,0.493,1.797,0,1.7973,1.7973,0
01/01/2015,GNV,SUDESTE,1229,R$/m3,1.819,0.158,1.379,2.889,0.087,0.437,1.382,0.155,1.0958,1.9465,0.112
01/01/2015,GNV,SUL,334,R$/m3,2.091,0.145,1.799,2.65,0.069,0.593,1.498,0.244,1.2298,2.048,0.163
02/01/2015,ÓLEO DIESEL,CENTRO OESTE,2020,R$/l,2.953,0.14,2.39,3.339,0.047,0.42,2.533,0.102,2.3145,3.017,0.04
02/01/2015,ÓLEO DIESEL,NORDESTE,4179,R$/l,2.753,0.115,2.36,3.199,0.042,0.344,2.409,0.099,2.1132,2.7303,0.041
02/01/2015,ÓLEO DIESEL,NORTE,1816,R$/l,2.977,0.204,2.499,3.74,0.069,0.422,2.555,0.145,2.2363,3.0918,0.057
02/01/2015,ÓLEO DIESEL,SUDESTE,10840,R$/l,2.738,0.116,2.199,3.199,0.042,0.36,2.378,0.103,2.04,2.7417,0.043
02/01/2015,ÓLEO DIESEL,SUL,3699,R$/l,2.733,0.111,2.385,3.289,0.041,0.379,2.354,0.104,2.0905,2.6475,0.044
02/01/2015,ÓLEO DIESEL S10,CENTRO OESTE,1153,R$/l,3.108,0.138,2.69,3.75,0.044,0.36,2.748,0.099,2.4999,2.9607,0.036
02/01/2015,ÓLEO DIESEL S10,NORDESTE,4065,R$/l,2.91,0.123,2.427,3.429,0.042,0.375,2.535,0.105,2.1913,2.8911,0.041
02/01/2015,ÓLEO DIESEL S10,NORTE,1424,R$/l,3.084,0.185,2.65,3.75,0.06,0.447,2.637,0.157,2.3556,3.2848,0.06
02/01/2015,ÓLEO DIESEL S10,SUDESTE,8519,R$/l,2.89,0.114,2.099,3.399,0.039,0.376,2.514,0.104,2.12,2.8308,0.041
02/01/2015,ÓLEO DIESEL S10,SUL,3663,R$/l,2.895,0.116,2.499,3.528,0.04,0.389,2.506,0.101,2.1986,2.8867,0.04
02/01/2015,ETANOL HIDRATADO,CENTRO OESTE,2423,R$/l,2.294,0.17,1.87,2.899,0.074,0.326,1.968,0.176,1.62,2.4884,0.089
02/01/2015,ETANOL HIDRATADO,NORDESTE,5306,R$/l,2.519,0.158,2.06,3.069,0.063,0.435,2.084,0.123,1.6103,2.6225,0.059
02/01/2015,ETANOL HIDRATADO,NORTE,1178,R$/l,2.701,0.222,2.19,3.61,0.082,0.347,2.354,0.129,1.8499,2.6176,0.055
02/01/2015,ETANOL HIDRATADO,SUDESTE,16633,R$/l,2.172,0.264,1.63,3.21,0.122,0.353,1.819,0.227,1.338,2.7568,0.125
02/01/2015,ETANOL HIDRATADO,SUL,5230,R$/l,2.29,0.238,1.855,3.299,0.104,0.348,1.942,0.197,1.5726,2.5253,0.101
02/01/2015,GASOLINA COMUM,CENTRO OESTE,2417,R$/l,3.44,0.137,2.35,3.79,0.04,0.483,2.957,0.129,2.54,3.1786,0.044
02/01/2015,GASOLINA COMUM,NORDESTE,6374,R$/l,3.333,0.163,2.82,3.92,0.049,0.576,2.757,0.134,2.2425,3.08,0.049
02/01/2015,GASOLINA COMUM,NORTE,2214,R$/l,3.477,0.226,2.79,4.14,0.065,0.549,2.928,0.153,2.52,3.4366,0.052
02/01/2015,GASOLINA COMUM,SUDESTE,16932,R$/l,3.239,0.184,2.66,4.52,0.057,0.488,2.751,0.163,2.2367,3.254,0.059
02/01/2015,GASOLINA COMUM,SUL,6141,R$/l,3.306,0.133,2.799,3.87,0.04,0.489,2.817,0.137,2.35,3.1634,0.049
02/01/2015,GLP,CENTRO OESTE,3679,R$/13kg,46.828,5.68,40,67,0.121,8.754,38.074,3.878,30.35,47,0.102
02/01/2015,GLP,NORDESTE,5067,R$/13kg,44.345,5.79,32,58,0.131,14.354,29.991,3.242,22.43,38.5,0.108
02/01/2015,GLP,NORTE,2763,R$/13kg,49.606,4.631,39,69,0.093,12.866,36.74,4.698,26.08,47.95,0.128
02/01/2015,GLP,SUDESTE,13621,R$/13kg,44.449,4.847,30,60,0.109,14.26,30.189,4.814,14.66,51.5,0.159
02/01/2015,GLP,SUL,6447,R$/13kg,43.933,4.429,31,66,0.101,11.209,32.724,4.716,23.205,44.5,0.144
02/01/2015,GNV,CENTRO OESTE,30,R$/m3,2.222,0.116,1.99,2.42,0.052,0.608,1.614,0.183,1.5873,1.9413,0.113
02/01/2015,GNV,NORDESTE,540,R$/m3,2.021,0.097,1.799,2.315,0.048,0.544,1.477,0.149,1.1811,1.7443,0.101
02/01/2015,GNV,NORTE,5,R$/m3,2.285,0.016,2.27,2.3,0.007,0.488,1.797,0,1.7973,1.7973,0
02/01/2015,GNV,SUDESTE,1233,R$/m3,1.835,0.153,1.379,2.889,0.083,0.461,1.374,0.152,1.0958,1.9465,0.111
02/01/2015,GNV,SUL,348,R$/m3,2.093,0.129,1.799,2.64,0.062,0.491,1.602,0.202,1.3234,2.048,0.126
03/01/2015,ÓLEO DIESEL,CENTRO OESTE,2183,R$/l,2.979,0.142,2.45,3.339,0.048,0.377,2.602,0.104,2.3745,2.896,0.04
03/01/2015,ÓLEO DIESEL,NORDESTE,4774,R$/l,2.777,0.102,2.346,3.19,0.037,0.3,2.477,0.072,2.0411,2.7789,0.029
03/01/2015,ÓLEO DIESEL,NORTE,2010,R$/l,3.006,0.199,2.59,3.7,0.066,0.389,2.617,0.127,2.29,3.2128,0.049
03/01/2015,ÓLEO DIESEL,SUDESTE,12741,R$/l,2.76,0.102,2.299,3.297,0.037,0.321,2.439,0.079,2.13,2.736,0.032
03/01/2015,ÓLEO DIESEL,SUL,4115,R$/l,2.749,0.1,2.449,3.198,0.036,0.342,2.407,0.067,2.1217,2.6153,0.028
03/01/2015,ÓLEO DIESEL S10,CENTRO OESTE,1448,R$/l,3.138,0.136,2.85,3.5,0.043,0.354,2.784,0.065,2.497,2.9671,0.023
03/01/2015,ÓLEO DIESEL S10,NORDESTE,4776,R$/l,2.932,0.111,2.57,3.429,0.038,0.332,2.6,0.075,2.22,2.9998,0.029
03/01/2015,ÓLEO DIESEL S10,NORTE,1611,R$/l,3.093,0.189,2.749,3.75,0.061,0.381,2.712,0.137,2.39,3.3824,0.051
03/01/2015,ÓLEO DIESEL S10,SUDESTE,10219,R$/l,2.913,0.104,2.499,3.499,0.036,0.338,2.575,0.081,2.122,2.9459,0.031
03/01/2015,ÓLEO DIESEL S10,SUL,4090,R$/l,2.905,0.104,2.539,3.4,0.036,0.348,2.557,0.066,2.2037,2.9377,0.026
03/01/2015,ETANOL HIDRATADO,CENTRO OESTE,2775,R$/l,2.317,0.197,1.89,2.826,0.085,0.362,1.955,0.158,1.6,2.549,0.081
03/01/2015,ETANOL HIDRATADO,NORDESTE,6198,R$/l,2.518,0.159,2.09,3.069,0.063,0.407,2.111,0.121,1.795,2.6189,0.057
03/01/2015,ETANOL HIDRATADO,NORTE,1350,R$/l,2.74,0.212,2.229,3.61,0.077,0.353,2.387,0.146,1.91,2.687,0.061
03/01/2015,ETANOL HIDRATADO,SUDESTE,19537,R$/l,2.167,0.274,1.65,3.299,0.126,0.386,1.781,0.242,1.3813,2.7568,0.136
03/01/2015,ETANOL HIDRATADO,SUL,5681,R$/l,2.315,0.23,1.99,3.099,0.099,0.35,1.965,0.192,1.4912,2.6059,0.098
03/01/2015,GASOLINA COMUM,CENTRO OESTE,2775,R$/l,3.458,0.142,2.959,3.859,0.041,0.463,2.995,0.082,2.668,3.1749,0.027
03/01/2015,GASOLINA COMUM,NORDESTE,7346,R$/l,3.341,0.153,2.849,3.948,0.046,0.491,2.85,0.091,2.2425,3.218,0.032
03/01/2015,GASOLINA COMUM,NORTE,2451,R$/l,3.533,0.206,2.79,4.18,0.058,0.527,3.006,0.114,2.52,3.4506,0.038
03/01/2015,GASOLINA COMUM,SUDESTE,19847,R$/l,3.273,0.184,2.749,4.529,0.056,0.431,2.842,0.138,2.36,3.3162,0.049
03/01/2015,GASOLINA COMUM,SUL,6654,R$/l,3.295,0.133,2.899,3.69,0.04,0.41,2.885,0.07,2.5,3.1634,0.024
03/01/2015,GLP,CENTRO OESTE,3842,R$/13kg,47.808,6.766,37,68,0.142,9.512,38.296,3.956,30.35,54,0.103
03/01/2015,GLP,NORDESTE,5294,R$/13kg,44.941,5.655,30,60,0.126,14.205,30.736,3.691,22.43,41,0.12
03/01/2015,GLP,NORTE,2859,R$/13kg,50.9,4.498,40,69,0.088,12.592,38.308,4.613,26.08,57,0.12
03/01/2015,GLP,SUDESTE,15229,R$/13kg,44.422,4.871,29.99,60,0.11,14.378,30.044,4.977,14,55,0.166
03/01/2015,GLP,SUL,6877,R$/13kg,44.217,4.552,28,66,0.103,11.523,32.694,4.634,17.697,51.87,0.142
03/01/2015,GNV,CENTRO OESTE,36,R$/m3,2.22,0.12,2.099,2.59,0.054,0.633,1.587,0,1.5873,1.5873,0
03/01/2015,GNV,NORDESTE,649,R$/m3,2.031,0.083,1.77,2.315,0.041,0.555,1.476,0.144,1.1556,1.6748,0.098
03/01/2015,GNV,NORTE,5,R$/m3,2.288,0.016,2.27,2.3,0.007,0.529,1.759,0.076,1.6453,1.7973,0.043
03/01/2015,GNV,SUDESTE,1446,R$/m3,1.845,0.164,1.399,2.889,0.089,0.442,1.403,0.141,1.1695,1.9465,0.1
03/01/2015,GNV,SUL,354,R$/m3,2.111,0.133,1.79,2.649,0.063,0.554,1.557,0.199,1.3224,2.1579,0.128
04/01/2015,ÓLEO DIESEL,CENTRO OESTE,2095,R$/l,2.971,0.138,2.659,3.339,0.046,0.35,2.621,0.098,2.4185,2.9,0.037
04/01/2015,ÓLEO DIESEL,NORDESTE,4420,R$/l,2.771,0.104,2.49,3.249,0.038,0.295,2.476,0.068,2.1788,2.6932,0.027
04/01/2015,ÓLEO DIESEL,NORTE,1916,R$/l,3.017,0.189,2.659,3.7,0.063,0.404,2.613,0.114,2.3308,3.0558,0.044
04/01/2015,ÓLEO DIESEL,SUDESTE,11597,R$/l,2.759,0.103,2.349,3.29,0.037,0.321,2.438,0.079,2.1265,2.7383,0.032
04/01/2015,ÓLEO DIESEL,SUL,4345,R$/l,2.748,0.099,2.39,3.198,0.036,0.346,2.402,0.065,2.2235,2.59,0.027
04/01/2015,ÓLEO DIESEL S10,CENTRO OESTE,1383,R$/l,3.136,0.137,2.85,3.49,0.044,0.357,2.779,0.075,2.4914,2.9603,0.027
04/01/2015,ÓLEO DIESEL S10,NORDESTE,4451,R$/l,2.927,0.108,2.59,3.529,0.037,0.322,2.605,0.07,2.379,2.957,0.027
04/01/2015,ÓLEO DIESEL S10,NORTE,1619,R$/l,3.103,0.183,2.81,3.75,0.059,0.407,2.696,0.118,2.3,3.211,0.044
04/01/2015,ÓLEO DIESEL S10,SUDESTE,9240,R$/l,2.913,0.106,2.359,3.499,0.036,0.337,2.576,0.077,2.1745,2.8879,0.03
04/01/2015,ÓLEO DIESEL S10,SUL,4445,R$/l,2.904,0.101,2.47,3.4,0.035,0.356,2.548,0.061,2.263,2.793,0.024
04/01/2015,ETANOL HIDRATADO,CENTRO OESTE,2652,R$/l,2.281,0.219,1.86,2.749,0.096,0.348,1.933,0.147,1.685,2.5496,0.076
04/01/2015,ETANOL HIDRATADO,NORDESTE,5786,R$/l,2.513,0.162,2.09,3.069,0.064,0.399,2.114,0.125,1.7384,2.572,0.059
04/01/2015,ETANOL HIDRATADO,NORTE,1319,R$/l,2.783,0.204,2.3,3.61,0.073,0.429,2.354,0.126,1.8789,2.7058,0.054
04/01/2015,ETANOL HIDRATADO,SUDESTE,17872,R$/l,2.115,0.292,1.649,3.199,0.138,0.399,1.716,0.232,1.3685,2.6977,0.135
04/01/2015,ETANOL HIDRATADO,SUL,6161,R$/l,2.262,0.246,1.899,3.099,0.109,0.37,1.892,0.181,1.5201,2.6059,0.096
04/01/2015,GASOLINA COMUM,CENTRO OESTE,2661,R$/l,3.445,0.136,3.06,3.75,0.039,0.446,2.999,0.082,2.755,3.1404,0.027
04/01/2015,GASOLINA COMUM,NORDESTE,6856,R$/l,3.332,0.169,2.83,3.99,0.051,0.471,2.861,0.087,2.515,3.2037,0.03
04/01/2015,GASOLINA COMUM,NORTE,2417,R$/l,3.557,0.193,3.1,4.18,0.054,0.557,3,0.096,2.605,3.3827,0.032
04/01/2015,GASOLINA COMUM,SUDESTE,18140,R$/l,3.265,0.2,2.749,4.529,0.061,0.422,2.843,0.148,2.361,3.34,0.052
04/01/2015,GASOLINA COMUM,SUL,7195,R$/l,3.235,0.162,2.869,3.69,0.05,0.38,2.855,0.078,2.271,3.19,0.027
04/01/2015,GLP,CENTRO OESTE,3811,R$/13kg,48.461,6.802,37,70,0.14,10.154,38.307,3.745,30.35,52,0.098
04/01/2015,GLP,NORDESTE,4792,R$/13kg,45.411,5.301,29.9,60,0.117,14.787,30.624,3.812,22.3,40,0.124
04/01/2015,GLP,NORTE,2630,R$/13kg,51.47,4.819,41,69,0.094,12.785,38.685,4.482,23,52,0.116
04/01/2015,GLP,SUDESTE,13510,R$/13kg,44.668,4.914,30,60,0.11,15.103,29.565,4.174,14.66,51.5,0.141
04/01/2015,GLP,SUL,6952,R$/13kg,45.816,4.844,28,65,0.106,12.243,33.573,4.681,17.967,51.87,0.139
04/01/2015,GNV,CENTRO OESTE,22,R$/m3,2.224,0.118,2.1,2.4,0.053,0.569,1.655,0.235,1.5198,2.1309,0.142
04/01/2015,GNV,NORDESTE,545,R$/m3,2.067,0.081,1.77,2.29,0.039,0.603,1.464,0.155,1.1811,1.6822,0.106
04/01/2015,GNV,NORTE,8,R$/m3,2.296,0.011,2.27,2.3,0.005,0.499,1.797,0,1.7973,1.7973,0
04/01/2015,GNV,SUDESTE,1328,R$/m3,1.868,0.168,1.459,2.889,0.09,0.471,1.397,0.143,1.1206,1.9465,0.102
04/01/2015,GNV,SUL,380,R$/m3,2.168,0.145,1.849,2.65,0.067,0.494,1.674,0.268,1.3801,2.2579,0.16
05/01/2015,ÓLEO DIESEL,CENTRO OESTE,1870,R$/l,2.969,0.143,2.639,3.41,0.048,0.332,2.637,0.094,2.461,2.9387,0.036
05/01/2015,ÓLEO DIESEL,NORDESTE,4074,R$/l,2.769,0.102,2.419,3.249,0.037,0.294,2.475,0.069,2.35,2.6902,0.028
05/01/2015,ÓLEO DIESEL,NORTE,1715,R$/l,3.016,0.189,2.699,3.7,0.063,0.39,2.626,0.104,2.41,3.0661,0.04
05/01/2015,ÓLEO DIESEL,SUDESTE,10702,R$/l,2.759,0.103,2.45,3.297,0.037,0.317,2.442,0.077,2.111,2.67,0.032
05/01/2015,ÓLEO DIESEL,SUL,3796,R$/l,2.746,0.1,2.45,3.198,0.036,0.342,2.404,0.064,2.2425,2.6253,0.027
05/01/2015,ÓLEO DIESEL S10,CENTRO OESTE,1286,R$/l,3.132,0.138,2.74,3.49,0.044,0.332,2.8,0.079,2.4914,3.0053,0.028
05/01/2015,ÓLEO DIESEL S10,NORDESTE,4140,R$/l,2.926,0.105,2.629,3.529,0.036,0.321,2.605,0.069,2.4347,2.8445,0.026
05/01/2015,ÓLEO DIESEL S10,NORTE,1455,R$/l,3.102,0.183,2.7,3.75,0.059,0.394,2.708,0.112,2.3,3.04,0.041
05/01/2015,ÓLEO DIESEL S10,SUDESTE,8802,R$/l,2.914,0.104,2.569,3.499,0.036,0.338,2.576,0.075,2.2996,2.8911,0.029
05/01/2015,ÓLEO DIESEL S10,SUL,3868,R$/l,2.902,0.101,2.59,3.4,0.035,0.354,2.548,0.066,2.37,2.814,0.026
05/01/2015,ETANOL HIDRATADO,CENTRO OESTE,2414,R$/l,2.193,0.248,1.849,2.74,0.113,0.297,1.896,0.142,1.61,2.549,0.075
05/01/2015,ETANOL HIDRATADO,NORDESTE,5352,R$/l,2.512,0.157,2.09,3.069,0.063,0.361,2.151,0.123,1.7581,2.5299,0.057
05/01/2015,ETANOL HIDRATADO,NORTE,1190,R$/l,2.779,0.209,2.379,3.61,0.075,0.438,2.341,0.129,1.84,2.7058,0.055
05/01/2015,ETANOL HIDRATADO,SUDESTE,16602,R$/l,2.078,0.3,1.579,3.15,0.144,0.38,1.698,0.234,1.3633,2.6978,0.138
05/01/2015,ETANOL HIDRATADO,SUL,5318,R$/l,2.248,0.246,1.79,3.099,0.109,0.383,1.865,0.183,1.537,2.5694,0.098
05/01/2015,GASOLINA COMUM,CENTRO OESTE,2411,R$/l,3.393,0.171,2.979,3.75,0.05,0.408,2.985,0.083,2.72,3.1391,0.028
05/01/2015,GASOLINA COMUM,NORDESTE,6270,R$/l,3.345,0.165,2.799,3.99,0.049,0.492,2.853,0.085,2.669,3.2039,0.03
05/01/2015,GASOLINA COMUM,NORTE,2146,R$/l,3.554,0.195,3.149,4.18,0.055,0.553,3.001,0.098,2.4949,3.389,0.033
05/01/2015,GASOLINA COMUM,SUDESTE,16825,R$/l,3.251,0.206,2.749,4.519,0.063,0.41,2.841,0.15,2.441,3.302,0.053
05/01/2015,GASOLINA COMUM,SUL,6219,R$/l,3.238,0.166,2.879,3.69,0.051,0.394,2.844,0.075,2.55,3.156,0.026
05/01/2015,GLP,CENTRO OESTE,3408,R$/13kg,48.526,7.145,37,70,0.147,9.944,38.582,3.736,30.35,54,0.097
05/01/2015,GLP,NORDESTE,4497,R$/13kg,45.015,5.058,30,60,0.112,14.151,30.864,3.872,22.43,42,0.125
05/01/2015,GLP,NORTE,2454,R$/13kg,51.363,4.737,41,69,0.092,12.629,38.734,4.341,26.08,52,0.112
05/01/2015,GLP,SUDESTE,12776,R$/13kg,45.113,4.958,29.99,60,0.11,15.166,29.947,3.952,14.66,46,0.132
05/01/2015,GLP,SUL,6171,R$/13kg,46.338,5.018,32,65,0.108,12.747,33.591,4.684,17.967,51.87,0.139
05/01/2015,GNV,CENTRO OESTE,28,R$/m3,2.261,0.177,2.099,2.69,0.078,0.636,1.625,0.077,1.5873,1.7893,0.047
05/01/2015,GNV,NORDESTE,490,R$/m3,2.083,0.085,1.59,2.29,0.041,0.599,1.484,0.143,1.1811,1.685,0.096
05/01/2015,GNV,NORTE,7,R$/m3,2.249,0.111,2,2.3,0.049,0.528,1.721,0.107,1.6453,1.7973,0.062
05/01/2015,GNV,SUDESTE,1231,R$/m3,1.877,0.174,1.479,2.889,0.093,0.471,1.406,0.143,1.162,1.9465,0.102
05/01/2015,GNV,SUL,325,R$/m3,2.228,0.165,1.96,3.09,0.074,0.543,1.685,0.191,1.3308,2.233,0.113
06/01/2015,ÓLEO DIESEL,CENTRO OESTE,2245,R$/l,2.966,0.141,2.59,3.339,0.048,0.318,2.648,0.099,2.469,2.8885,0.037
06/01/2015,ÓLEO DIESEL,NORDESTE,4717,R$/l,2.77,0.103,2.49,3.159,0.037,0.288,2.482,0.073,2.1159,2.68,0.029
06/01/2015,ÓLEO DIESEL,NORTE,2048,R$/l,3.016,0.189,2.659,3.7,0.063,0.38,2.636,0.111,2.5066,3.1264,0.042
06/01/2015,ÓLEO DIESEL,SUDESTE,12670,R$/l,2.758,0.103,2.45,3.297,0.037,0.314,2.444,0.078,2.1127,2.6854,0.032
06/01/2015,ÓLEO DIESEL,SUL,4284,R$/l,2.744,0.099,2.49,3.198,0.036,0.344,2.4,0.065,2.239,2.627,0.027
06/01/2015,ÓLEO DIESEL S10,CENTRO OESTE,1478,R$/l,3.133,0.138,2.849,3.51,0.044,0.328,2.805,0.094,2.4947,3.05,0.034
06/01/2015,ÓLEO DIESEL S10,NORDESTE,4907,R$/l,2.929,0.106,2.609,3.429,0.036,0.319,2.61,0.071,2.34,2.845,0.027
06/01/2015,ÓLEO DIESEL S10,NORTE,1687,R$/l,3.1,0.177,2.7,3.75,0.057,0.38,2.72,0.11,2.54,3.2409,0.04
06/01/2015,ÓLEO DIESEL S10,SUDESTE,10625,R$/l,2.913,0.104,2.569,3.399,0.036,0.337,2.576,0.076,2.1426,2.8687,0.03
06/01/2015,ÓLEO DIESEL S10,SUL,4335,R$/l,2.901,0.101,2.649,3.4,0.035,0.349,2.552,0.065,2.368,2.814,0.025
06/01/2015,ETANOL HIDRATADO,CENTRO OESTE,2838,R$/l,2.125,0.274,1.759,2.74,0.129,0.274,1.851,0.197,1.4702,2.5479,0.106
06/01/2015,ETANOL HIDRATADO,NORDESTE,6185,R$/l,2.528,0.144,2.09,3.069,0.057,0.374,2.154,0.128,1.7666,2.6909,0.059
06/01/2015,ETANOL HIDRATADO,NORTE,1403,R$/l,2.773,0.217,2.29,3.61,0.078,0.424,2.349,0.158,1.8,2.6737,0.067
06/01/2015,ETANOL HIDRATADO,SUDESTE,19669,R$/l,2.05,0.304,1.579,3.099,0.148,0.384,1.666,0.233,1.336,2.6461,0.14
06/01/2015,ETANOL HIDRATADO,SUL,5978,R$/l,2.223,0.248,1.89,3.05,0.112,0.375,1.848,0.182,1.5119,2.368,0.098
06/01/2015,GASOLINA COMUM,CENTRO OESTE,2836,R$/l,3.364,0.192,2.888,3.75,0.057,0.382,2.982,0.106,2.56,3.285,0.036
06/01/2015,GASOLINA COMUM,NORDESTE,7297,R$/l,3.371,0.143,2.89,3.98,0.042,0.511,2.86,0.079,2.68,3.24,0.028
06/01/2015,GASOLINA COMUM,NORTE,2509,R$/l,3.552,0.198,3.1,4.18,0.056,0.534,3.018,0.106,2.72,3.47,0.035
06/01/2015,GASOLINA COMUM,SUDESTE,19909,R$/l,3.248,0.206,2.719,4.519,0.063,0.419,2.829,0.149,2.45,3.2686,0.053
06/01/2015,GASOLINA COMUM,SUL,6988,R$/l,3.246,0.156,2.839,3.69,0.048,0.399,2.847,0.074,2.6779,3.16,0.026
06/01/2015,GLP,CENTRO OESTE,3824,R$/13kg,48.474,7.147,37,70,0.147,10.472,38.002,3.803,26.4524,47,0.1
06/01/2015,GLP,NORDESTE,5211,R$/13kg,44.785,4.953,30,60,0.111,13.777,31.008,4.019,22.43,42,0.13
06/01/2015,GLP,NORTE,2826,R$/13kg,51.376,4.837,40,69,0.094,12.797,38.579,4.287,26.08,55,0.111
06/01/2015,GLP,SUDESTE,15237,R$/13kg,45.146,5.016,29.99,60,0.111,15.095,30.051,3.944,14.66,47,0.131
06/01/2015,GLP,SUL,6899,R$/13kg,46.44,5.151,32,65,0.111,13.439,33.001,4.545,17.967,51.8762,0.138
06/01/2015,GNV,CENTRO OESTE,30,R$/m3,2.27,0.156,2.099,2.69,0.069,0.697,1.573,0.121,1.4,1.79,0.077
06/01/2015,GNV,NORDESTE,560,R$/m3,2.103,0.086,1.76,2.499,0.041,0.631,1.472,0.145,1.1566,1.7453,0.099
06/01/2015,GNV,NORTE,8,R$/m3,2.296,0.011,2.27,2.3,0.005,0.602,1.694,0.072,1.6453,1.7973,0.043
06/01/2015,GNV,SUDESTE,1381,R$/m3,1.897,0.179,1.479,2.999,0.094,0.522,1.375,0.152,1.1653,1.8039,0.111
06/01/2015,GNV,SUL,374,R$/m3,2.23,0.168,1.399,2.849,0.075,0.523,1.707,0.25,1.399,2.3145,0.146
07/01/2015,ÓLEO DIESEL,CENTRO OESTE,1993,R$/l,2.947,0.133,2.59,3.4,0.045,0.305,2.642,0.092,2.469,2.898,0.035
07/01/2015,ÓLEO DIESEL,NORDESTE,4383,R$/l,2.773,0.101,2.49,3.249,0.036,0.279,2.494,0.071,2.34,2.6904,0.028
07/01/2015,ÓLEO DIESEL,NORTE,1773,R$/l,3.02,0.19,2.679,3.7,0.063,0.374,2.646,0.112,2.4735,3.1264,0.042
07/01/2015,ÓLEO DIESEL,SUDESTE,11091,R$/l,2.759,0.103,2.45,3.199,0.037,0.301,2.458,0.078,2.1044,2.7411,0.032
07/01/2015,ÓLEO DIESEL,SUL,4252,R$/l,2.743,0.101,2.44,3.198,0.037,0.326,2.417,0.067,2.2669,2.6421,0.028
07/01/2015,ÓLEO DIESEL S10,CENTRO OESTE,1380,R$/l,3.111,0.139,2.79,3.49,0.045,0.319,2.792,0.107,2.4947,3.07,0.038
07/01/2015,ÓLEO DIESEL S10,NORDESTE,4534,R$/l,2.927,0.105,2.609,3.529,0.036,0.311,2.616,0.07,2.26,2.8651,0.027
07/01/2015,ÓLEO DIESEL S10,NORTE,1566,R$/l,3.104,0.181,2.7,3.75,0.058,0.36,2.744,0.115,2.5702,3.2443,0.042
07/01/2015,ÓLEO DIESEL S10,SUDESTE,9662,R$/l,2.913,0.105,2.469,3.499,0.036,0.328,2.585,0.078,2.3435,2.854,0.03
07/01/2015,ÓLEO DIESEL S10,SUL,4369,R$/l,2.903,0.102,2.566,3.4,0.035,0.333,2.57,0.065,2.368,2.8898,0.025
07/01/2015,ETANOL HIDRATADO,CENTRO OESTE,2584,R$/l,2.144,0.289,1.74,2.74,0.135,0.296,1.848,0.223,1.568,2.5481,0.121
07/01/2015,ETANOL HIDRATADO,NORDESTE,5830,R$/l,2.53,0.139,2.148,3.069,0.055,0.364,2.166,0.137,1.643,2.593,0.063
07/01/2015,ETANOL HIDRATADO,NORTE,1273,R$/l,2.765,0.211,2.29,3.61,0.076,0.426,2.339,0.119,1.78,2.6737,0.051
07/01/2015,ETANOL HIDRATADO,SUDESTE,17666,R$/l,2.01,0.326,1.479,3.099,0.162,0.367,1.643,0.241,1.3383,2.6461,0.147
07/01/2015,ETANOL HIDRATADO,SUL,5991,R$/l,2.183,0.26,1.762,3.05,0.119,0.366,1.817,0.184,1.4809,2.3565,0.101
07/01/2015,GASOLINA COMUM,CENTRO OESTE,2582,R$/l,3.368,0.208,2.858,3.9,0.062,0.385,2.983,0.123,2.715,3.285,0.041
07/01/2015,GASOLINA COMUM,NORDESTE,6785,R$/l,3.37,0.144,2.899,3.99,0.043,0.502,2.868,0.076,2.7087,3.198,0.026
07/01/2015,GASOLINA COMUM,NORTE,2266,R$/l,3.547,0.201,3.02,4.18,0.057,0.545,3.002,0.105,2.757,3.3915,0.035
07/01/2015,GASOLINA COMUM,SUDESTE,17861,R$/l,3.237,0.216,2.719,4.519,0.067,0.412,2.825,0.15,2.39,3.2751,0.053
07/01/2015,GASOLINA COMUM,SUL,6969,R$/l,3.251,0.148,2.839,3.731,0.046,0.396,2.855,0.07,2.625,3.133,0.025
07/01/2015,GLP,CENTRO OESTE,3848,R$/13kg,48.532,7.095,37,70,0.146,10.293,38.239,3.727,30.05,48.87,0.097
07/01/2015,GLP,NORDESTE,4891,R$/13kg,44.771,4.606,30,56,0.103,14.193,30.578,3.785,22.34,42,0.124
07/01/2015,GLP,NORTE,2686,R$/13kg,51.493,4.735,41,69,0.092,12.891,38.602,4.414,26.08,55,0.114
07/01/2015,GLP,SUDESTE,13495,R$/13kg,45.205,5.004,29.99,60,0.111,15.055,30.15,4.035,13.9838,53.21,0.134
07/01/2015,GLP,SUL,6983,R$/13kg,46.449,4.908,32,65,0.106,13.264,33.185,4.666,17.967,51.87,0.141
07/01/2015,GNV,CENTRO OESTE,27,R$/m3,2.274,0.174,1.999,2.69,0.077,0.675,1.599,0.068,1.5873,1.79,0.043
07/01/2015,GNV,NORDESTE,543,R$/m3,2.142,0.107,1.899,2.51,0.05,0.619,1.523,0.153,1.1765,1.803,0.1
07/01/2015,GNV,NORTE,8,R$/m3,2.29,0.135,2,2.3,0.059,0.543,1.747,0.088,1.6453,1.7973,0.05
07/01/2015,GNV,SUDESTE,1418,R$/m3,1.942,0.16,1.479,2.987,0.082,0.522,1.42,0.158,1.1653,1.8032,0.111
07/01/2015,GNV,SUL,356,R$/m3,2.228,0.172,1.93,2.849,0.077,0.517,1.711,0.236,1.308,2.3144,0.138
08/01/2015,ÓLEO DIESEL,CENTRO OESTE,1173,R$/l,2.94,0.13,2.59,3.47,0.044,0.29,2.65,0.097,2.4086,2.898,0.037
08/01/2015,ÓLEO DIESEL,NORDESTE,2446,R$/l,2.775,0.101,2.528,3.249,0.036,0.268,2.507,0.072,2.19,2.7588,0.029
08/01/2015,ÓLEO DIESEL,NORTE,1076,R$/l,3.022,0.195,2.659,3.7,0.065,0.358,2.664,0.123,2.4316,3.1314,0.046
08/01/2015,ÓLEO DIESEL,SUDESTE,6306,R$/l,2.761,0.102,2.45,3.198,0.037,0.286,2.475,0.076,2.1357,2.7,0.031
08/01/2015,ÓLEO DIESEL,SUL,2156,R$/l,2.74,0.103,2.499,3.198,0.038,0.309,2.431,0.067,2.2781,2.66,0.028
08/01/2015,ÓLEO DIESEL S10,CENTRO OESTE,839,R$/l,3.105,0.138,2.79,3.5,0.044,0.324,2.781,0.111,2.4948,3.07,0.04
08/01/2015,ÓLEO DIESEL S10,NORDESTE,2704,R$/l,2.928,0.106,2.609,3.529,0.036,0.31,2.618,0.07,2.432,2.8651,0.027
08/01/2015,ÓLEO DIESEL S10,NORTE,933,R$/l,3.102,0.186,2.699,3.75,0.06,0.37,2.732,0.122,2.5279,3.2687,0.045
08/01/2015,ÓLEO DIESEL S10,SUDESTE,5676,R$/l,2.914,0.103,2.499,3.399,0.035,0.32,2.594,0.077,2.1116,2.862,0.03
08/01/2015,ÓLEO DIESEL S10,SUL,2358,R$/l,2.9,0.102,2.57,3.329,0.035,0.33,2.57,0.068,2.3942,2.881,0.026
08/01/2015,ETANOL HIDRATADO,CENTRO OESTE,1541,R$/l,2.139,0.291,1.699,2.74,0.136,0.341,1.798,0.231,1.55,2.5481,0.128
08/01/2015,ETANOL HIDRATADO,NORDESTE,3388,R$/l,2.54,0.135,2.148,3.069,0.053,0.366,2.174,0.15,1.643,2.5933,0.069
08/01/2015,ETANOL HIDRATADO,NORTE,773,R$/l,2.761,0.223,2.29,3.61,0.081,0.427,2.334,0.139,1.76,2.699,0.06
08/01/2015,ETANOL HIDRATADO,SUDESTE,10164,R$/l,1.983,0.327,1.467,3.099,0.165,0.36,1.623,0.237,1.299,2.6527,0.146
08/01/2015,ETANOL HIDRATADO,SUL,3188,R$/l,2.174,0.252,1.79,3.05,0.116,0.388,1.786,0.194,1.1714,2.4065,0.109
08/01/2015,GASOLINA COMUM,CENTRO OESTE,1539,R$/l,3.391,0.173,2.889,3.75,0.051,0.418,2.973,0.118,2.7025,3.1099,0.04
08/01/2015,GASOLINA COMUM,NORDESTE,3909,R$/l,3.37,0.147,2.949,3.99,0.044,0.491,2.879,0.076,2.6556,3.198,0.026
08/01/2015,GASOLINA COMUM,NORTE,1311,R$/l,3.55,0.204,3.02,4.18,0.057,0.539,3.011,0.112,2.757,3.4028,0.037
08/01/2015,GASOLINA COMUM,SUDESTE,10253,R$/l,3.229,0.218,2.749,4.519,0.068,0.408,2.821,0.153,2.374,3.3104,0.054
08/01/2015,GASOLINA COMUM,SUL,3686,R$/l,3.258,0.141,2.889,3.731,0.043,0.406,2.852,0.068,2.6709,3.13,0.024
08/01/2015,GLP,CENTRO OESTE,2211,R$/13kg,48.569,7.274,37,70,0.15,10.351,38.218,3.791,30.5,48.87,0.099
08/01/2015,GLP,NORDESTE,3134,R$/13kg,44.715,4.827,30,56,0.108,13.692,31.023,4.051,22.43,40,0.131
08/01/2015,GLP,NORTE,1699,R$/13kg,51.505,4.795,41,69,0.093,12.759,38.746,3.983,26.08,48.4,0.103
08/01/2015,GLP,SUDESTE,7944,R$/13kg,45.325,5.027,29.99,65,0.111,15.007,30.318,3.973,13.9838,53.21,0.131
08/01/2015,GLP,SUL,3882,R$/13kg,46.518,5.185,32,65,0.111,14.136,32.382,4.465,17.967,44,0.138
08/01/2015,GNV,CENTRO OESTE,20,R$/m3,2.272,0.218,1.999,2.69,0.096,0.15,2.122,0.065,2.0015,2.1319,0.031
08/01/2015,GNV,NORDESTE,316,R$/m3,2.193,0.125,1.899,2.63,0.057,0.599,1.594,0.164,1.1765,2.12,0.103
08/01/2015,GNV,NORTE,5,R$/m3,2.294,0.013,2.27,2.3,0.006,0.472,1.822,0.042,1.7973,1.87,0.023
08/01/2015,GNV,SUDESTE,743,R$/m3,1.991,0.159,1.579,2.829,0.08,0.529,1.462,0.168,1.2131,2.0672,0.115
08/01/2015,GNV,SUL,208,R$/m3,2.241,0.164,1.93,3.09,0.073,0.524,1.717,0.215,1.4016,2.3468,0.125
09/01/2015,ÓLEO DIESEL,CENTRO OESTE,1056,R$/l,2.942,0.126,2.649,3.45,0.043,0.275,2.667,0.093,2.4634,2.8948,0.035
09/01/2015,ÓLEO DIESEL,NORDESTE,1630,R$/l,2.777,0.094,2.529,3.099,0.034,0.253,2.524,0.069,2.3703,2.6837,0.027
09/01/2015,ÓLEO DIESEL,NORTE,693,R$/l,3.007,0.197,2.7,3.64,0.066,0.313,2.694,0.116,2.4785,3.1104,0.043
09/01/2015,ÓLEO DIESEL,SUDESTE,3515,R$/l,2.768,0.101,2.48,3.209,0.036,0.269,2.499,0.076,2.104,2.7328,0.03
09/01/2015,ÓLEO DIESEL,SUL,1021,R$/l,2.748,0.106,2.499,3.099,0.039,0.312,2.436,0.08,2.283,2.748,0.033
09/01/2015,ÓLEO DIESEL S10,CENTRO OESTE,822,R$/l,3.105,0.133,2.699,3.55,0.043,0.313,2.792,0.119,2.505,3.041,0.043
09/01/2015,ÓLEO DIESEL S10,NORDESTE,2249,R$/l,2.926,0.102,2.64,3.249,0.035,0.309,2.617,0.069,2.256,2.8809,0.026
09/01/2015,ÓLEO DIESEL S10,NORTE,592,R$/l,3.099,0.19,2.71,3.7,0.061,0.366,2.733,0.112,2.5555,3.2447,0.041
09/01/2015,ÓLEO DIESEL S10,SUDESTE,3321,R$/l,2.927,0.107,2.599,3.599,0.037,0.311,2.616,0.073,2.3629,2.8624,0.028
09/01/2015,ÓLEO DIESEL S10,SUL,1263,R$/l,2.9,0.1,2.599,3.199,0.034,0.335,2.565,0.077,2.2759,2.83,0.03
09/01/2015,ETANOL HIDRATADO,CENTRO OESTE,1434,R$/l,2.125,0.285,1.629,2.74,0.134,0.36,1.765,0.223,1.5,2.534,0.126
09/01/2015,ETANOL HIDRATADO,NORDESTE,2679,R$/l,2.528,0.131,2.04,2.92,0.052,0.376,2.152,0.148,1.6348,2.539,0.069
09/01/2015,ETANOL HIDRATADO,NORTE,480,R$/l,2.755,0.236,2.35,3.61,0.086,0.427,2.328,0.168,1.7576,2.699,0.072
09/01/2015,ETANOL HIDRATADO,SUDESTE,6109,R$/l,2.003,0.324,1.39,3.099,0.162,0.328,1.675,0.24,1.2196,2.6461,0.143
09/01/2015,ETANOL HIDRATADO,SUL,1773,R$/l,2.182,0.21,1.859,2.899,0.096,0.355,1.827,0.192,1.4956,2.6678,0.105
09/01/2015,GASOLINA COMUM,CENTRO OESTE,1427,R$/l,3.383,0.162,2.928,3.69,0.048,0.448,2.935,0.09,2.5731,3.1099,0.031
09/01/2015,GASOLINA COMUM,NORDESTE,3127,R$/l,3.356,0.146,2.899,3.98,0.044,0.476,2.88,0.074,2.733,3.235,0.026
09/01/2015,GASOLINA COMUM,NORTE,835,R$/l,3.51,0.209,3,4.16,0.06,0.494,3.016,0.105,2.7899,3.3949,0.035
09/01/2015,GASOLINA COMUM,SUDESTE,6159,R$/l,3.207,0.209,2.749,3.999,0.065,0.383,2.824,0.158,2.4709,3.373,0.056
09/01/2015,GASOLINA COMUM,SUL,1927,R$/l,3.249,0.129,2.889,3.829,0.04,0.396,2.853,0.075,2.5871,3.0828,0.026
09/01/2015,GLP,CENTRO OESTE,2229,R$/13kg,57.767,7.835,40,80,0.136,13.51,44.257,3.714,34.29,52.61,0.084
09/01/2015,GLP,NORDESTE,3033,R$/13kg,51.075,6.206,35,68,0.122,18.003,33.072,4.471,22.43,48,0.135
09/01/2015,GLP,NORTE,1820,R$/13kg,57.073,6.635,42,75,0.116,15.042,42.031,5.223,20.8,58.9,0.124
09/01/2015,GLP,SUDESTE,5307,R$/13kg,52.168,5.991,35,70,0.115,18.352,33.816,5.225,19,52,0.155
09/01/2015,GLP,SUL,2400,R$/13kg,53.886,6.714,37,70,0.125,18.695,35.191,5.675,20.2199,50,0.161
09/01/2015,GNV,CENTRO OESTE,32,R$/m3,2.282,0.28,1.999,2.799,0.123,0.663,1.619,0.214,1.5873,2.0015,0.132
09/01/2015,GNV,NORDESTE,298,R$/m3,2.264,0.138,1.99,2.899,0.061,0.643,1.621,0.171,1.3382,1.868,0.105
09/01/2015,GNV,NORTE,2,R$/m3,2.3,0,2.3,2.3,0,0.51,1.79,0,1.79,1.79,0
09/01/2015,GNV,SUDESTE,526,R$/m3,2.033,0.154,1.599,2.599,0.076,0.509,1.524,0.134,1.2712,2.0672,0.088
09/01/2015,GNV,SUL,151,R$/m3,2.263,0.146,1.93,2.919,0.065,0.553,1.71,0.098,1.3995,1.8224,0.057
10/01/2015,ÓLEO DIESEL,CENTRO OESTE,1053,R$/l,3.061,0.131,2.65,3.49,0.043,0.317,2.744,0.106,2.4907,3.0023,0.039
10/01/2015,ÓLEO DIESEL,NORDESTE,1861,R$/l,2.889,0.108,2.58,3.23,0.037,0.289,2.6,0.074,2.4035,2.7617,0.028
10/01/2015,ÓLEO DIESEL,NORTE,769,R$/l,3.131,0.228,2.74,3.99,0.073,0.38,2.751,0.14,2.5111,3.1804,0.051
10/01/2015,ÓLEO DIESEL,SUDESTE,3753,R$/l,2.888,0.103,2.59,3.299,0.036,0.319,2.569,0.084,2.29,2.88,0.033
10/01/2015,ÓLEO DIESEL,SUL,1197,R$/l,2.853,0.114,2.51,3.219,0.04,0.335,2.518,0.072,2.328,2.7046,0.029
10/01/2015,ÓLEO DIESEL S10,CENTRO OESTE,891,R$/l,3.227,0.129,2.85,3.559,0.04,0.356,2.871,0.113,2.6169,3.099,0.039
10/01/2015,ÓLEO DIESEL S10,NORDESTE,2323,R$/l,3.061,0.134,2.659,3.51,0.044,0.362,2.699,0.073,2.4,2.905,0.027
10/01/2015,ÓLEO DIESEL S10,NORTE,668,R$/l,3.218,0.213,2.81,4.02,0.066,0.416,2.802,0.141,2.6098,3.3655,0.05
10/01/2015,ÓLEO DIESEL S10,SUDESTE,3666,R$/l,3.033,0.112,2.649,3.599,0.037,0.358,2.675,0.087,2.314,2.927,0.033
10/01/2015,ÓLEO DIESEL S10,SUL,1446,R$/l,2.998,0.106,2.699,3.379,0.035,0.376,2.622,0.079,2.3855,2.8712,0.03
10/01/2015,ETANOL HIDRATADO,CENTRO OESTE,1470,R$/l,2.348,0.315,1.67,3.039,0.134,0.423,1.925,0.251,1.5,2.5355,0.13
10/01/2015,ETANOL HIDRATADO,NORDESTE,2758,R$/l,2.659,0.137,2.25,3.179,0.052,0.419,2.24,0.156,1.7383,2.5978,0.07
10/01/2015,ETANOL HIDRATADO,NORTE,525,R$/l,2.869,0.221,2.4,3.79,0.077,0.465,2.404,0.187,1.8299,2.8616,0.078
10/01/2015,ETANOL HIDRATADO,SUDESTE,6334,R$/l,2.324,0.257,1.899,3.399,0.111,0.361,1.963,0.236,1.4454,2.7733,0.12
10/01/2015,ETANOL HIDRATADO,SUL,1999,R$/l,2.445,0.204,2.079,3.42,0.083,0.319,2.126,0.212,1.817,2.754,0.1
10/01/2015,GASOLINA COMUM,CENTRO OESTE,1453,R$/l,3.562,0.149,3.059,3.85,0.042,0.521,3.041,0.082,2.7737,3.19,0.027
10/01/2015,GASOLINA COMUM,NORDESTE,3228,R$/l,3.546,0.174,2.979,4.09,0.049,0.541,3.005,0.103,2.72,3.3657,0.034
10/01/2015,GASOLINA COMUM,NORTE,944,R$/l,3.719,0.231,3.25,4.55,0.062,0.561,3.158,0.141,2.82,3.6143,0.045
10/01/2015,GASOLINA COMUM,SUDESTE,6405,R$/l,3.417,0.201,2.899,3.999,0.059,0.434,2.983,0.168,2.459,3.4329,0.056
10/01/2015,GASOLINA COMUM,SUL,2196,R$/l,3.458,0.134,3.119,3.799,0.039,0.415,3.043,0.101,2.685,3.3054,0.033
10/01/2015,GLP,CENTRO OESTE,2146,R$/13kg,59.496,7.753,46,80,0.13,13.379,46.117,2.945,36,53.74,0.064
10/01/2015,GLP,NORDESTE,3098,R$/13kg,51.437,6.368,36,68,0.124,16.768,34.669,4.438,26.06,48,0.128
10/01/2015,GLP,NORTE,1785,R$/13kg,58.503,6.361,45,75,0.109,16.543,41.96,5.643,26,58.7,0.134
10/01/2015,GLP,SUDESTE,5510,R$/13kg,53.284,5.789,38,70,0.109,18.273,35.011,5.034,16.79,60,0.144
10/01/2015,GLP,SUL,2573,R$/13kg,54.59,6.025,40,70,0.11,17.455,37.135,5.265,21.09,51,0.142
10/01/2015,GNV,CENTRO OESTE,19,R$/m3,2.325,0.266,2.179,2.799,0.114,0.706,1.619,0.256,1.5873,2.1486,0.158
10/01/2015,GNV,NORDESTE,259,R$/m3,2.324,0.154,2.022,2.763,0.066,0.649,1.675,0.185,1.2828,1.9092,0.11
10/01/2015,GNV,NORTE,3,R$/m3,2.3,0,2.3,2.3,0,0.558,1.742,0.078,1.6871,1.7973,0.045
10/01/2015,GNV,SUDESTE,544,R$/m3,2.062,0.157,1.769,2.599,0.076,0.523,1.539,0.139,1.3,2.1602,0.09
10/01/2015,GNV,SUL,187,R$/m3,2.285,0.084,2.09,2.419,0.037,0.62,1.665,0.15,1.3995,1.7507,0.09
11/01/2015,ÓLEO DIESEL,CENTRO OESTE,1225,R$/l,3.091,0.137,2.77,3.499,0.044,0.306,2.785,0.101,2.5892,3.085,0.036
11/01/2015,ÓLEO DIESEL,NORDESTE,2410,R$/l,2.956,0.118,2.59,3.489,0.04,0.288,2.668,0.073,2.4391,2.903,0.027
11/01/2015,ÓLEO DIESEL,NORTE,1031,R$/l,3.164,0.221,2.72,3.98,0.07,0.37,2.794,0.141,2.567,3.2582,0.05
11/01/2015,ÓLEO DIESEL,SUDESTE,5014,R$/l,2.928,0.106,2.599,3.492,0.036,0.317,2.611,0.081,2.1599,2.968,0.031
11/01/2015,ÓLEO DIESEL,SUL,1513,R$/l,2.876,0.112,2.499,3.507,0.039,0.325,2.551,0.068,2.3062,2.7076,0.027
11/01/2015,ÓLEO DIESEL S10,CENTRO OESTE,974,R$/l,3.257,0.136,2.89,3.659,0.042,0.381,2.876,0.108,2.6878,3.2,0.038
11/01/2015,ÓLEO DIESEL S10,NORDESTE,2935,R$/l,3.106,0.141,2.759,3.799,0.045,0.354,2.752,0.079,2.4733,3.07,0.029
11/01/2015,ÓLEO DIESEL S10,NORTE,902,R$/l,3.255,0.205,2.89,4.02,0.063,0.391,2.864,0.152,2.62,3.4184,0.053
11/01/2015,ÓLEO DIESEL S10,SUDESTE,4829,R$/l,3.073,0.109,2.649,3.599,0.035,0.353,2.72,0.081,2.39,2.9654,0.03
11/01/2015,ÓLEO DIESEL S10,SUL,1833,R$/l,3.021,0.11,2.59,3.589,0.036,0.361,2.66,0.073,2.444,2.881,0.027
11/01/2015,ETANOL HIDRATADO,CENTRO OESTE,1675,R$/l,2.521,0.259,1.89,3.13,0.103,0.397,2.124,0.227,1.577,2.645,0.107
11/01/2015,ETANOL HIDRATADO,NORDESTE,3372,R$/l,2.792,0.178,2.3,3.56,0.064,0.381,2.411,0.148,1.9099,2.887,0.061
11/01/2015,ETANOL HIDRATADO,NORTE,697,R$/l,3.03,0.245,2.5,3.8,0.081,0.41,2.62,0.193,2.12,3.2515,0.074
11/01/2015,ETANOL HIDRATADO,SUDESTE,8153,R$/l,2.551,0.268,2.01,3.749,0.105,0.362,2.189,0.24,1.6123,3.1391,0.11
11/01/2015,ETANOL HIDRATADO,SUL,2441,R$/l,2.653,0.244,2.259,3.78,0.092,0.309,2.344,0.223,1.9236,3.1175,0.095
11/01/2015,GASOLINA COMUM,CENTRO OESTE,1644,R$/l,3.639,0.143,3.159,3.899,0.039,0.506,3.133,0.076,2.89,3.39,0.024
11/01/2015,GASOLINA COMUM,NORDESTE,3995,R$/l,3.607,0.189,3.079,4.299,0.052,0.494,3.113,0.113,2.7283,3.5773,0.036
11/01/2015,GASOLINA COMUM,NORTE,1265,R$/l,3.783,0.229,3.2,4.8,0.061,0.527,3.256,0.125,2.9112,3.7021,0.038
11/01/2015,GASOLINA COMUM,SUDESTE,8187,R$/l,3.536,0.192,2.959,4.319,0.054,0.45,3.086,0.158,2.59,3.5926,0.051
11/01/2015,GASOLINA COMUM,SUL,2752,R$/l,3.545,0.15,3.12,3.967,0.042,0.416,3.129,0.101,2.797,3.462,0.032
11/01/2015,GLP,CENTRO OESTE,2442,R$/13kg,59.714,7.873,48,82,0.132,13.354,46.36,2.962,30.67,53.74,0.064
11/01/2015,GLP,NORDESTE,3688,R$/13kg,52.167,5.995,35,68,0.115,16.28,35.887,4.532,26.06,48,0.126
11/01/2015,GLP,NORTE,1998,R$/13kg,58.358,6.369,44,76,0.109,15.472,42.886,5.41,20.17,59.5,0.126
11/01/2015,GLP,SUDESTE,6963,R$/13kg,53.509,5.47,38.99,70,0.102,17.776,35.733,4.955,21.5319,60,0.139
11/01/2015,GLP,SUL,3329,R$/13kg,54.939,5.93,40,74.9,0.108,17.465,37.474,5.519,21.0309,55,0.147
11/01/2015,GNV,CENTRO OESTE,23,R$/m3,2.429,0.242,1.999,2.799,0.1,0.762,1.667,0.044,1.5876,1.6863,0.026
11/01/2015,GNV,NORDESTE,316,R$/m3,2.351,0.156,1.999,2.699,0.066,0.677,1.674,0.203,1.293,1.9093,0.121
11/01/2015,GNV,NORTE,5,R$/m3,2.51,0.192,2.3,2.65,0.076,0.606,1.904,0.193,1.6871,2.09,0.101
11/01/2015,GNV,SUDESTE,613,R$/m3,2.078,0.161,1.769,2.599,0.077,0.547,1.531,0.141,1.3235,2.1602,0.092
11/01/2015,GNV,SUL,221,R$/m3,2.313,0.124,2.099,2.849,0.054,0.554,1.759,0.273,1.4069,2.3308,0.155
12/01/2015,ÓLEO DIESEL,CENTRO OESTE,1688,R$/l,3.108,0.153,2.78,3.59,0.049,0.319,2.789,0.113,2.584,3.14,0.041
12/01/2015,ÓLEO DIESEL,NORDESTE,3165,R$/l,2.992,0.115,2.66,3.489,0.038,0.303,2.689,0.071,2.357,2.969,0.026
12/01/2015,ÓLEO DIESEL,NORTE,1218,R$/l,3.194,0.209,2.8,3.95,0.065,0.375,2.819,0.127,2.504,3.2595,0.045
12/01/2015,ÓLEO DIESEL,SUDESTE,7171,R$/l,2.944,0.105,2.489,3.492,0.036,0.316,2.628,0.081,2.29,2.9903,0.031
12/01/2015,ÓLEO DIESEL,SUL,2501,R$/l,2.889,0.114,2.599,3.399,0.039,0.336,2.553,0.066,2.39,2.769,0.026
12/01/2015,ÓLEO DIESEL S10,CENTRO OESTE,1341,R$/l,3.271,0.16,2.919,3.72,0.049,0.362,2.909,0.12,2.6842,3.2,0.041
12/01/2015,ÓLEO DIESEL S10,NORDESTE,3800,R$/l,3.133,0.13,2.698,3.799,0.041,0.351,2.782,0.075,2.49,3.0794,0.027
12/01/2015,ÓLEO DIESEL S10,NORTE,1066,R$/l,3.276,0.21,2.959,4.02,0.064,0.376,2.9,0.135,2.69,3.4395,0.047
12/01/2015,ÓLEO DIESEL S10,SUDESTE,6893,R$/l,3.085,0.109,2.649,3.959,0.035,0.341,2.744,0.075,2.1976,2.9903,0.027
12/01/2015,ÓLEO DIESEL S10,SUL,2771,R$/l,3.025,0.113,2.689,3.589,0.037,0.363,2.662,0.069,2.5035,2.918,0.026
12/01/2015,ETANOL HIDRATADO,CENTRO OESTE,2270,R$/l,2.655,0.201,2.249,3.27,0.076,0.379,2.276,0.135,1.85,2.6942,0.059
12/01/2015,ETANOL HIDRATADO,NORDESTE,4350,R$/l,2.903,0.173,2.429,3.499,0.06,0.339,2.564,0.146,2.1011,3.0488,0.057
12/01/2015,ETANOL HIDRATADO,NORTE,740,R$/l,3.147,0.236,2.58,3.85,0.075,0.381,2.766,0.224,2.27,3.2544,0.081
12/01/2015,ETANOL HIDRATADO,SUDESTE,11407,R$/l,2.623,0.277,2.13,3.749,0.106,0.371,2.252,0.26,1.7519,3.2383,0.115
12/01/2015,ETANOL HIDRATADO,SUL,3642,R$/l,2.721,0.26,2.299,3.78,0.096,0.296,2.425,0.242,2.116,3.1984,0.1
12/01/2015,GASOLINA COMUM,CENTRO OESTE,2228,R$/l,3.684,0.139,3.189,4.1,0.038,0.519,3.165,0.079,2.9549,3.4131,0.025
12/01/2015,GASOLINA COMUM,NORDESTE,5120,R$/l,3.697,0.168,3.199,4.299,0.045,0.489,3.208,0.097,2.9134,3.6879,0.03
12/01/2015,GASOLINA COMUM,NORTE,1472,R$/l,3.792,0.238,3.2,4.65,0.063,0.474,3.318,0.113,3.0305,3.7337,0.034
12/01/2015,GASOLINA COMUM,SUDESTE,11463,R$/l,3.597,0.189,3.079,4.719,0.053,0.449,3.148,0.147,2.6626,3.5811,0.047
12/01/2015,GASOLINA COMUM,SUL,4224,R$/l,3.58,0.148,3.149,4.05,0.041,0.417,3.163,0.095,2.8216,3.4306,0.03
12/01/2015,GLP,CENTRO OESTE,3104,R$/13kg,60.094,7.738,45,83,0.129,12.209,47.885,2.538,40.16,59,0.053
12/01/2015,GLP,NORDESTE,4646,R$/13kg,52.097,6.268,35,65,0.12,15.963,36.134,4.37,26.06,52.9,0.121
12/01/2015,GLP,NORTE,2523,R$/13kg,59.44,6.538,45,76,0.11,15.541,43.899,5.479,26.08,59.5,0.125
12/01/2015,GLP,SUDESTE,9585,R$/13kg,52.982,5.426,38,69.9,0.102,17.199,35.783,4.652,16.79,60,0.13
12/01/2015,GLP,SUL,4694,R$/13kg,55.157,5.771,39.99,74.9,0.105,18.466,36.691,5.627,21.0909,53.9,0.153
12/01/2015,GNV,CENTRO OESTE,25,R$/m3,2.447,0.205,2.35,2.799,0.084,0.76,1.687,0,1.6872,1.6872,0
12/01/2015,GNV,NORDESTE,403,R$/m3,2.395,0.172,1.999,2.95,0.072,0.733,1.662,0.18,1.365,1.9223,0.108
12/01/2015,GNV,NORTE,2,R$/m3,2.65,0,2.65,2.65,0,0.51,2.14,0,2.14,2.14,0
12/01/2015,GNV,SUDESTE,761,R$/m3,2.083,0.174,1.599,2.899,0.084,0.526,1.557,0.137,1.3235,1.998,0.088
12/01/2015,GNV,SUL,283,R$/m3,2.308,0.163,1.937,3.09,0.071,0.601,1.707,0.291,1.3995,2.3322,0.17
01/01/2016,ÓLEO DIESEL,CENTRO OESTE,1391,R$/l,3.151,0.17,2.79,3.59,0.054,0.309,2.842,0.107,2.5941,3.07,0.038
01/01/2016,ÓLEO DIESEL,NORDESTE,2900,R$/l,3.017,0.113,2.689,3.39,0.037,0.307,2.71,0.077,2.3213,2.9313,0.028
01/01/2016,ÓLEO DIESEL,NORTE,1147,R$/l,3.218,0.2,2.8,3.95,0.062,0.377,2.841,0.113,2.5927,3.2596,0.04
01/01/2016,ÓLEO DIESEL,SUDESTE,7085,R$/l,2.954,0.107,2.46,3.492,0.036,0.313,2.641,0.082,2.2575,2.8715,0.031
01/01/2016,ÓLEO DIESEL,SUL,2438,R$/l,2.899,0.113,2.649,3.39,0.039,0.326,2.573,0.068,2.1789,2.8751,0.026
01/01/2016,ÓLEO DIESEL S10,CENTRO OESTE,1130,R$/l,3.327,0.165,2.98,3.77,0.05,0.355,2.972,0.112,2.6939,3.244,0.038
01/01/2016,ÓLEO DIESEL S10,NORDESTE,3387,R$/l,3.152,0.126,2.78,3.699,0.04,0.342,2.81,0.076,2.56,3.162,0.027
01/01/2016,ÓLEO DIESEL S10,NORTE,991,R$/l,3.296,0.198,2.969,4.02,0.06,0.366,2.93,0.129,2.7123,3.4395,0.044
01/01/2016,ÓLEO DIESEL S10,SUDESTE,6757,R$/l,3.095,0.11,2.649,3.599,0.036,0.341,2.754,0.077,2.33,3.1217,0.028
01/01/2016,ÓLEO DIESEL S10,SUL,2593,R$/l,3.039,0.118,2.789,3.61,0.039,0.358,2.681,0.066,2.4347,2.89,0.025
01/01/2016,ETANOL HIDRATADO,CENTRO OESTE,1888,R$/l,2.764,0.216,2.35,3.399,0.078,0.343,2.421,0.126,2.1044,2.8344,0.052
01/01/2016,ETANOL HIDRATADO,NORDESTE,3920,R$/l,2.952,0.174,2.488,3.6,0.059,0.335,2.617,0.148,2.2046,3.17,0.057
01/01/2016,ETANOL HIDRATADO,NORTE,679,R$/l,3.234,0.233,2.81,3.955,0.072,0.359,2.875,0.211,2.31,3.3011,0.073
01/01/2016,ETANOL HIDRATADO,SUDESTE,11023,R$/l,2.672,0.281,2.179,3.799,0.105,0.357,2.315,0.249,1.9166,3.4618,0.108
01/01/2016,ETANOL HIDRATADO,SUL,3332,R$/l,2.795,0.352,2.299,3.94,0.126,0.295,2.5,0.278,2.1505,3.4042,0.111
01/01/2016,GASOLINA COMUM,CENTRO OESTE,1851,R$/l,3.761,0.155,3.259,4.14,0.041,0.516,3.245,0.081,3.0172,3.47,0.025
01/01/2016,GASOLINA COMUM,NORDESTE,4590,R$/l,3.737,0.148,3.24,4.28,0.04,0.473,3.264,0.077,2.9935,3.6252,0.024
01/01/2016,GASOLINA COMUM,NORTE,1368,R$/l,3.805,0.25,3.37,4.59,0.066,0.46,3.345,0.115,3.02,3.7268,0.034
01/01/2016,GASOLINA COMUM,SUDESTE,11034,R$/l,3.621,0.191,3.149,4.799,0.053,0.441,3.18,0.147,2.86,3.7009,0.046
01/01/2016,GASOLINA COMUM,SUL,3918,R$/l,3.679,0.22,3.179,4.299,0.06,0.412,3.267,0.121,2.998,3.6385,0.037
01/01/2016,GLP,CENTRO OESTE,2582,R$/13kg,60.051,7.747,48,83,0.129,11.9,48.151,2.41,40.16,58.5,0.05
01/01/2016,GLP,NORDESTE,4004,R$/13kg,51.698,6.583,35,66,0.127,15.195,36.503,4.239,26.06,52,0.116
01/01/2016,GLP,NORTE,2146,R$/13kg,59.578,6.618,45,76,0.111,16.435,43.143,5.558,26.08,59.9,0.129
01/01/2016,GLP,SUDESTE,9020,R$/13kg,52.882,5.466,38,69.9,0.103,17.02,35.862,4.635,23.75,60,0.129
01/01/2016,GLP,SUL,4300,R$/13kg,55.267,5.748,39.95,74.9,0.104,18.868,36.399,5.454,21.09,51,0.15
01/01/2016,GNV,CENTRO OESTE,19,R$/m3,2.428,0.271,1.999,2.799,0.112,0.739,1.689,0.004,1.6863,1.6936,0.002
01/01/2016,GNV,NORDESTE,332,R$/m3,2.397,0.177,1.999,2.989,0.074,0.697,1.7,0.187,1.3291,2.0008,0.11
01/01/2016,GNV,NORTE,3,R$/m3,2.783,0.115,2.65,2.85,0.041,0.689,2.094,0.193,1.9571,2.23,0.092
01/01/2016,GNV,SUDESTE,667,R$/m3,2.103,0.188,1.695,3,0.089,0.577,1.526,0.138,1.2822,1.864,0.09
01/01/2016,GNV,SUL,241,R$/m3,2.36,0.187,1.93,3.299,0.079,0.512,1.848,0.182,1.6084,2.3308,0.098
02/01/2016,ÓLEO DIESEL,CENTRO OESTE,1480,R$/l,3.17,0.177,2.81,3.59,0.056,0.303,2.867,0.094,2.7208,3.088,0.033
02/01/2016,ÓLEO DIESEL,NORDESTE,3044,R$/l,3.032,0.111,2.699,3.399,0.037,0.301,2.731,0.078,2.4663,2.9304,0.029
02/01/2016,ÓLEO DIESEL,NORTE,1218,R$/l,3.249,0.198,2.859,3.9,0.061,0.397,2.852,0.136,2.6073,3.326,0.048
02/01/2016,ÓLEO DIESEL,SUDESTE,8024,R$/l,2.964,0.108,2.499,3.522,0.036,0.316,2.648,0.084,2.3203,2.9036,0.032
02/01/2016,ÓLEO DIESEL,SUL,2559,R$/l,2.909,0.113,2.649,3.428,0.039,0.328,2.581,0.071,2.402,2.886,0.028
02/01/2016,ÓLEO DIESEL S10,CENTRO OESTE,1204,R$/l,3.352,0.169,2.98,3.77,0.05,0.348,3.004,0.075,2.7939,3.225,0.025
02/01/2016,ÓLEO DIESEL S10,NORDESTE,3625,R$/l,3.16,0.127,2.849,3.699,0.04,0.34,2.82,0.075,2.6,3.1092,0.027
02/01/2016,ÓLEO DIESEL S10,NORTE,1092,R$/l,3.326,0.214,2.989,4.02,0.064,0.39,2.936,0.165,2.6986,3.5956,0.056
02/01/2016,ÓLEO DIESEL S10,SUDESTE,7749,R$/l,3.102,0.11,2.649,3.899,0.035,0.343,2.759,0.079,2.49,3.1217,0.029
02/01/2016,ÓLEO DIESEL S10,SUL,2760,R$/l,3.041,0.116,2.789,3.61,0.038,0.362,2.679,0.064,2.5,2.8856,0.024
02/01/2016,ETANOL HIDRATADO,CENTRO OESTE,1993,R$/l,2.871,0.215,2.499,3.499,0.075,0.364,2.507,0.124,2.2825,2.9,0.049
02/01/2016,ETANOL HIDRATADO,NORDESTE,4075,R$/l,3.078,0.176,2.49,4.1,0.057,0.317,2.761,0.143,2.2799,3.2004,0.052
02/01/2016,ETANOL HIDRATADO,NORTE,740,R$/l,3.357,0.21,2.9,4.1,0.063,0.329,3.028,0.193,2.5004,3.3603,0.064
02/01/2016,ETANOL HIDRATADO,SUDESTE,12406,R$/l,2.759,0.284,2.199,3.899,0.103,0.33,2.429,0.245,1.95,3.39,0.101
02/01/2016,ETANOL HIDRATADO,SUL,3475,R$/l,2.871,0.371,2.379,4.296,0.129,0.272,2.599,0.295,2.14,3.59,0.114
02/01/2016,GASOLINA COMUM,CENTRO OESTE,1958,R$/l,3.832,0.17,3.219,4.14,0.044,0.535,3.297,0.098,3.0177,3.5158,0.03
02/01/2016,GASOLINA COMUM,NORDESTE,4872,R$/l,3.759,0.154,3.249,4.25,0.041,0.46,3.299,0.078,3.0075,3.632,0.024
02/01/2016,GASOLINA COMUM,NORTE,1445,R$/l,3.898,0.22,3.42,4.59,0.056,0.522,3.376,0.117,3.115,3.7713,0.035
02/01/2016,GASOLINA COMUM,SUDESTE,12396,R$/l,3.648,0.193,3.109,4.799,0.053,0.435,3.213,0.154,2.89,3.7216,0.048
02/01/2016,GASOLINA COMUM,SUL,4085,R$/l,3.703,0.218,3.179,4.48,0.059,0.409,3.294,0.115,2.9607,3.6695,0.035
02/01/2016,GLP,CENTRO OESTE,2634,R$/13kg,59.989,7.732,40,82,0.129,11.452,48.537,2.475,35.1,60,0.051
02/01/2016,GLP,NORDESTE,4214,R$/13kg,51.886,6.267,35,65,0.121,14.677,37.209,4.355,26.06,49,0.117
02/01/2016,GLP,NORTE,2199,R$/13kg,59.583,6.611,45,77,0.111,16.292,43.291,5.496,26.08,59.95,0.127
02/01/2016,GLP,SUDESTE,9766,R$/13kg,52.814,5.439,35,69.9,0.103,16.784,36.03,4.625,26,60,0.128
02/01/2016,GLP,SUL,4412,R$/13kg,55.16,5.617,39.95,74.9,0.102,17.977,37.183,5.458,21.09,55.555,0.147
02/01/2016,GNV,CENTRO OESTE,22,R$/m3,2.423,0.297,1.99,2.799,0.123,0.737,1.686,0,1.6857,1.6863,0
02/01/2016,GNV,NORDESTE,358,R$/m3,2.406,0.192,1.97,3.06,0.08,0.721,1.685,0.207,1.365,1.991,0.123
02/01/2016,GNV,NORTE,1,R$/m3,2.85,0,2.85,2.85,0,-,-,-,-,-,-
02/01/2016,GNV,SUDESTE,700,R$/m3,2.101,0.193,1.499,3.399,0.092,0.541,1.56,0.142,1.2992,1.9506,0.091
02/01/2016,GNV,SUL,235,R$/m3,2.388,0.208,1.93,3.029,0.087,0.557,1.831,0.197,1.6516,2.3308,0.108
03/01/2016,ÓLEO DIESEL,CENTRO OESTE,1677,R$/l,3.172,0.172,2.81,3.82,0.054,0.31,2.862,0.1,2.4107,3.15,0.035
03/01/2016,ÓLEO DIESEL,NORDESTE,3421,R$/l,3.038,0.117,2.77,3.489,0.039,0.315,2.723,0.079,2.528,2.93,0.029
03/01/2016,ÓLEO DIESEL,NORTE,1327,R$/l,3.256,0.197,2.88,3.98,0.061,0.393,2.863,0.157,2.6,3.3497,0.055
03/01/2016,ÓLEO DIESEL,SUDESTE,7861,R$/l,2.965,0.109,2.499,3.628,0.037,0.316,2.649,0.081,2.31,2.939,0.031
03/01/2016,ÓLEO DIESEL,SUL,2933,R$/l,2.916,0.115,2.649,3.43,0.039,0.342,2.574,0.073,2.0615,2.886,0.028
03/01/2016,ÓLEO DIESEL S10,CENTRO OESTE,1354,R$/l,3.357,0.168,2.88,3.77,0.05,0.36,2.997,0.09,2.75,3.23,0.03
03/01/2016,ÓLEO DIESEL S10,NORDESTE,4044,R$/l,3.163,0.127,2.799,3.799,0.04,0.338,2.825,0.079,2.6,3.1092,0.028
03/01/2016,ÓLEO DIESEL S10,NORTE,1179,R$/l,3.334,0.218,2.99,4.25,0.065,0.403,2.931,0.193,2.6986,3.6442,0.066
03/01/2016,ÓLEO DIESEL S10,SUDESTE,7760,R$/l,3.107,0.115,2.649,3.959,0.037,0.349,2.758,0.078,2.49,3.0182,0.028
03/01/2016,ÓLEO DIESEL S10,SUL,3224,R$/l,3.051,0.12,2.77,3.65,0.039,0.382,2.669,0.067,2.509,2.88,0.025
03/01/2016,ETANOL HIDRATADO,CENTRO OESTE,2256,R$/l,2.925,0.243,2.379,3.569,0.083,0.371,2.554,0.194,2.21,3.1898,0.076
03/01/2016,ETANOL HIDRATADO,NORDESTE,4600,R$/l,3.184,0.168,2.689,3.95,0.053,0.328,2.856,0.14,2.3957,3.46,0.049
03/01/2016,ETANOL HIDRATADO,NORTE,815,R$/l,3.436,0.19,2.9,4.1,0.055,0.317,3.119,0.149,2.7071,3.4055,0.048
03/01/2016,ETANOL HIDRATADO,SUDESTE,12356,R$/l,2.813,0.3,2.259,3.98,0.107,0.324,2.489,0.256,2.0496,3.4239,0.103
03/01/2016,ETANOL HIDRATADO,SUL,4002,R$/l,2.959,0.384,2.379,4.296,0.13,0.273,2.686,0.339,2.2656,3.68,0.126
03/01/2016,GASOLINA COMUM,CENTRO OESTE,2208,R$/l,3.847,0.173,3.219,4.17,0.045,0.515,3.332,0.106,3.055,3.514,0.032
03/01/2016,GASOLINA COMUM,NORDESTE,5466,R$/l,3.782,0.162,3.249,4.629,0.043,0.455,3.327,0.083,2.7821,3.6371,0.025
03/01/2016,GASOLINA COMUM,NORTE,1646,R$/l,3.915,0.222,3.409,4.65,0.057,0.511,3.404,0.104,3.1009,3.7915,0.031
03/01/2016,GASOLINA COMUM,SUDESTE,12384,R$/l,3.667,0.2,3.19,4.84,0.055,0.436,3.231,0.157,2.7339,3.7216,0.049
03/01/2016,GASOLINA COMUM,SUL,4730,R$/l,3.725,0.223,3.179,4.4,0.06,0.416,3.309,0.124,3.002,3.65,0.037
03/01/2016,GLP,CENTRO OESTE,3166,R$/13kg,59.947,7.619,40,83,0.127,11.617,48.33,2.475,40.16,57.5,0.051
03/01/2016,GLP,NORDESTE,4793,R$/13kg,52.119,6.487,35,68,0.124,13.956,38.163,3.998,27,48,0.105
03/01/2016,GLP,NORTE,2612,R$/13kg,59.341,6.594,45,76,0.111,15.481,43.86,5.636,26.08,59.99,0.128
03/01/2016,GLP,SUDESTE,10516,R$/13kg,52.584,5.456,35,69.9,0.104,16.795,35.789,4.473,21.23,53,0.125
03/01/2016,GLP,SUL,5279,R$/13kg,55.173,5.57,39,70,0.101,17.056,38.117,5.509,21.5289,55,0.145
03/01/2016,GNV,CENTRO OESTE,30,R$/m3,2.463,0.309,1.99,2.99,0.125,0.777,1.686,0,1.6853,1.6863,0
03/01/2016,GNV,NORDESTE,372,R$/m3,2.397,0.188,1.99,2.94,0.078,0.743,1.654,0.211,1.273,1.9908,0.128
03/01/2016,GNV,NORTE,4,R$/m3,2.85,0.585,2.85,4.02,0.205,0.756,2.094,0.193,1.9571,2.23,0.092
03/01/2016,GNV,SUDESTE,779,R$/m3,2.101,0.185,1.789,2.999,0.088,0.557,1.544,0.139,1.2949,1.9121,0.09
03/01/2016,GNV,SUL,277,R$/m3,2.409,0.234,1.93,3.09,0.097,0.585,1.824,0.176,1.5482,2.3308,0.096
04/01/2016,ÓLEO DIESEL,CENTRO OESTE,1354,R$/l,3.172,0.179,2.79,3.599,0.056,0.317,2.855,0.097,2.66,3.0935,0.034
04/01/2016,ÓLEO DIESEL,NORDESTE,2904,R$/l,3.039,0.122,2.69,3.489,0.04,0.319,2.72,0.082,2.39,2.9835,0.03
04/01/2016,ÓLEO DIESEL,NORTE,1135,R$/l,3.258,0.202,2.859,3.98,0.062,0.386,2.872,0.155,2.6547,3.3727,0.054
04/01/2016,ÓLEO DIESEL,SUDESTE,7049,R$/l,2.969,0.116,2.64,3.628,0.039,0.313,2.656,0.086,2.32,2.957,0.032
04/01/2016,ÓLEO DIESEL,SUL,2428,R$/l,2.911,0.117,2.649,3.43,0.04,0.331,2.58,0.068,2.4,2.869,0.026
04/01/2016,ÓLEO DIESEL S10,CENTRO OESTE,1143,R$/l,3.355,0.166,2.99,3.77,0.049,0.36,2.995,0.101,2.7026,3.31,0.034
04/01/2016,ÓLEO DIESEL S10,NORDESTE,3396,R$/l,3.168,0.128,2.82,3.799,0.04,0.339,2.829,0.08,2.6,3.0974,0.028
04/01/2016,ÓLEO DIESEL S10,NORTE,1052,R$/l,3.33,0.234,2.9,4.098,0.07,0.4,2.93,0.213,2.6684,3.6953,0.073
04/01/2016,ÓLEO DIESEL S10,SUDESTE,6974,R$/l,3.11,0.122,2.74,3.759,0.039,0.346,2.764,0.086,2.4344,3.1223,0.031
04/01/2016,ÓLEO DIESEL S10,SUL,2716,R$/l,3.047,0.12,2.77,3.65,0.039,0.37,2.677,0.066,2.509,2.893,0.025
04/01/2016,ETANOL HIDRATADO,CENTRO OESTE,1885,R$/l,2.876,0.269,2.35,3.56,0.094,0.401,2.475,0.28,1.968,3.2778,0.113
04/01/2016,ETANOL HIDRATADO,NORDESTE,3930,R$/l,3.189,0.179,2.659,3.95,0.056,0.366,2.823,0.171,2.2157,3.41,0.061
04/01/2016,ETANOL HIDRATADO,NORTE,701,R$/l,3.486,0.178,2.99,4.135,0.051,0.382,3.104,0.175,2.48,3.3965,0.056
04/01/2016,ETANOL HIDRATADO,SUDESTE,10982,R$/l,2.649,0.377,1.859,4.059,0.142,0.463,2.186,0.386,1.4991,3.47,0.177
04/01/2016,ETANOL HIDRATADO,SUL,3341,R$/l,2.904,0.419,2.38,4.296,0.144,0.402,2.502,0.414,1.88,3.83,0.165
04/01/2016,GASOLINA COMUM,CENTRO OESTE,1849,R$/l,3.802,0.177,3.279,4.17,0.047,0.492,3.31,0.126,3,3.612,0.038
04/01/2016,GASOLINA COMUM,NORDESTE,4578,R$/l,3.785,0.172,3.33,4.4,0.045,0.457,3.328,0.092,3.05,3.6371,0.028
04/01/2016,GASOLINA COMUM,NORTE,1381,R$/l,3.895,0.23,3.47,4.65,0.059,0.501,3.394,0.109,3.1284,3.7915,0.032
04/01/2016,GASOLINA COMUM,SUDESTE,11016,R$/l,3.651,0.209,3.059,4.89,0.057,0.449,3.202,0.17,2.83,3.7539,0.053
04/01/2016,GASOLINA COMUM,SUL,3919,R$/l,3.724,0.222,3.229,4.31,0.06,0.449,3.275,0.128,2.89,3.65,0.039
04/01/2016,GLP,CENTRO OESTE,2576,R$/13kg,60.403,7.231,48,83,0.12,13.392,47.011,3.384,35,58.5,0.072
04/01/2016,GLP,NORDESTE,4009,R$/13kg,52.166,6.645,35,68,0.127,13.332,38.834,4.063,27,49.9,0.105
04/01/2016,GLP,NORTE,2140,R$/13kg,58.945,6.376,45,75,0.108,16.981,41.964,4.692,26.08,57,0.112
04/01/2016,GLP,SUDESTE,9008,R$/13kg,52.132,5.465,35,69.9,0.105,16.19,35.942,4.281,24.65,53,0.119
04/01/2016,GLP,SUL,4309,R$/13kg,55.18,5.538,39.95,70,0.1,17.483,37.697,5.404,21.5289,53,0.143
04/01/2016,GNV,CENTRO OESTE,18,R$/m3,2.391,0.305,1.999,2.99,0.128,-,-,-,-,-,-
04/01/2016,GNV,NORDESTE,315,R$/m3,2.379,0.191,1.99,2.997,0.08,0.704,1.675,0.211,1.365,1.99,0.126
04/01/2016,GNV,NORTE,4,R$/m3,2.85,0,2.85,2.85,0,0.755,2.095,0.121,1.9436,2.23,0.058
04/01/2016,GNV,SUDESTE,648,R$/m3,2.107,0.183,1.749,2.899,0.087,0.614,1.493,0.169,1.2948,2.3,0.113
04/01/2016,GNV,SUL,234,R$/m3,2.427,0.235,1.93,3.09,0.097,0.567,1.86,0.165,1.5484,2.3507,0.089
05/01/2016,ÓLEO DIESEL,CENTRO OESTE,1599,R$/l,3.165,0.179,2.759,3.599,0.057,0.321,2.844,0.098,2.6233,3.0935,0.034
05/01/2016,ÓLEO DIESEL,NORDESTE,3470,R$/l,3.029,0.115,2.69,3.489,0.038,0.305,2.724,0.08,2.443,2.9835,0.029
05/01/2016,ÓLEO DIESEL,NORTE,1311,R$/l,3.258,0.203,2.859,3.98,0.062,0.388,2.87,0.153,2.6548,3.3693,0.053
05/01/2016,ÓLEO DIESEL,SUDESTE,8051,R$/l,2.967,0.119,2.46,3.67,0.04,0.317,2.65,0.09,2.059,2.957,0.034
05/01/2016,ÓLEO DIESEL,SUL,2904,R$/l,2.907,0.117,2.539,3.43,0.04,0.338,2.569,0.067,2.4,2.7464,0.026
05/01/2016,ÓLEO DIESEL S10,CENTRO OESTE,1351,R$/l,3.351,0.168,2.949,3.77,0.05,0.373,2.978,0.087,2.7233,3.233,0.029
05/01/2016,ÓLEO DIESEL S10,NORDESTE,4103,R$/l,3.157,0.123,2.79,3.799,0.039,0.343,2.814,0.086,2.3646,3.0974,0.031
05/01/2016,ÓLEO DIESEL S10,NORTE,1214,R$/l,3.333,0.231,2.9,4.25,0.069,0.406,2.927,0.207,2.6567,3.75,0.071
05/01/2016,ÓLEO DIESEL S10,SUDESTE,8145,R$/l,3.11,0.125,2.499,3.959,0.04,0.352,2.758,0.09,2.3355,3.0419,0.033
05/01/2016,ÓLEO DIESEL S10,SUL,3196,R$/l,3.042,0.123,2.69,3.65,0.04,0.371,2.671,0.07,2.4339,2.87,0.026
05/01/2016,ETANOL HIDRATADO,CENTRO OESTE,2201,R$/l,2.683,0.243,2.099,3.55,0.091,0.49,2.193,0.227,1.8182,3.1639,0.104
05/01/2016,ETANOL HIDRATADO,NORDESTE,4649,R$/l,3.103,0.211,2.34,3.799,0.068,0.472,2.631,0.226,1.964,3.3052,0.086
05/01/2016,ETANOL HIDRATADO,NORTE,850,R$/l,3.414,0.231,2.89,4.135,0.068,0.459,2.955,0.238,2.0284,3.3965,0.081
05/01/2016,ETANOL HIDRATADO,SUDESTE,12646,R$/l,2.347,0.401,1.597,3.89,0.171,0.418,1.929,0.322,1.42,3.2894,0.167
05/01/2016,ETANOL HIDRATADO,SUL,3807,R$/l,2.72,0.46,2.17,4.296,0.169,0.453,2.267,0.418,1.7299,3.6898,0.184
05/01/2016,GASOLINA COMUM,CENTRO OESTE,2152,R$/l,3.716,0.177,3.199,4.14,0.048,0.486,3.23,0.115,2.9036,3.4896,0.036
05/01/2016,GASOLINA COMUM,NORDESTE,5388,R$/l,3.785,0.159,3.25,4.4,0.042,0.502,3.283,0.104,2.715,3.633,0.032
05/01/2016,GASOLINA COMUM,NORTE,1608,R$/l,3.863,0.247,3.37,4.65,0.064,0.524,3.339,0.124,2.8835,3.66,0.037
05/01/2016,GASOLINA COMUM,SUDESTE,12701,R$/l,3.599,0.225,3.047,4.89,0.063,0.471,3.128,0.183,2.59,3.6805,0.059
05/01/2016,GASOLINA COMUM,SUL,4544,R$/l,3.685,0.228,3.12,4.425,0.062,0.47,3.215,0.124,2.855,3.61,0.039
05/01/2016,GLP,CENTRO OESTE,3022,R$/13kg,60.204,7.005,48,83,0.116,13.262,46.942,3.425,35,58.5,0.073
05/01/2016,GLP,NORDESTE,4636,R$/13kg,51.585,7.167,35,65.9,0.139,12.98,38.605,4.255,27,48,0.11
05/01/2016,GLP,NORTE,2422,R$/13kg,58.672,6.275,45,75,0.107,17.715,40.957,4.313,26.08,50.17,0.105
05/01/2016,GLP,SUDESTE,10532,R$/13kg,51.876,5.559,35,69.99,0.107,16.597,35.279,4.221,24.65,53,0.12
05/01/2016,GLP,SUL,5025,R$/13kg,55.196,5.617,39.9,72,0.102,17.23,37.966,5.545,21.529,51.5,0.146
05/01/2016,GNV,CENTRO OESTE,19,R$/m3,2.492,0.252,2.199,3.149,0.101,0.804,1.688,0,1.6874,1.6876,0
05/01/2016,GNV,NORDESTE,377,R$/m3,2.383,0.19,1.59,2.997,0.08,0.698,1.685,0.223,1.2995,2.1258,0.132
05/01/2016,GNV,NORTE,2,R$/m3,2.85,0,2.85,2.85,0,0.808,2.042,0.139,1.9436,2.14,0.068
05/01/2016,GNV,SUDESTE,763,R$/m3,2.084,0.193,1.699,3,0.093,0.577,1.507,0.135,1.2887,1.9506,0.09
05/01/2016,GNV,SUL,237,R$/m3,2.416,0.252,1.89,3.19,0.104,0.592,1.824,0.273,1.5782,2.365,0.15
06/01/2016,ÓLEO DIESEL,CENTRO OESTE,1419,R$/l,3.164,0.183,2.759,3.59,0.058,0.316,2.848,0.106,2.5909,3.1083,0.037
06/01/2016,ÓLEO DIESEL,NORDESTE,2967,R$/l,3.02,0.118,2.68,3.5,0.039,0.308,2.712,0.081,2.3561,2.9546,0.03
06/01/2016,ÓLEO DIESEL,NORTE,1206,R$/l,3.255,0.202,2.859,3.98,0.062,0.383,2.872,0.143,2.623,3.3534,0.05
06/01/2016,ÓLEO DIESEL,SUDESTE,7624,R$/l,2.968,0.119,2.64,3.622,0.04,0.322,2.646,0.089,2.0929,2.971,0.034
06/01/2016,ÓLEO DIESEL,SUL,2623,R$/l,2.901,0.118,2.539,3.43,0.041,0.334,2.567,0.071,2.41,2.8169,0.028
06/01/2016,ÓLEO DIESEL S10,CENTRO OESTE,1266,R$/l,3.347,0.175,2.939,3.776,0.052,0.365,2.982,0.107,2.682,3.348,0.036
06/01/2016,ÓLEO DIESEL S10,NORDESTE,3792,R$/l,3.156,0.127,2.74,3.799,0.04,0.345,2.811,0.09,2.5073,3.0974,0.032
06/01/2016,ÓLEO DIESEL S10,NORTE,1137,R$/l,3.334,0.24,2.9,4.09,0.072,0.395,2.939,0.179,2.6455,3.75,0.061
06/01/2016,ÓLEO DIESEL S10,SUDESTE,7855,R$/l,3.109,0.124,2.749,3.79,0.04,0.355,2.754,0.09,2.49,3.0829,0.033
06/01/2016,ÓLEO DIESEL S10,SUL,3075,R$/l,3.036,0.123,2.69,3.65,0.041,0.372,2.664,0.07,2.4041,2.9306,0.026
06/01/2016,ETANOL HIDRATADO,CENTRO OESTE,2034,R$/l,2.596,0.203,2.199,3.49,0.078,0.417,2.179,0.179,1.9139,2.849,0.082
06/01/2016,ETANOL HIDRATADO,NORDESTE,4234,R$/l,3.035,0.231,2.38,3.799,0.076,0.42,2.615,0.212,1.9881,3.2312,0.081
06/01/2016,ETANOL HIDRATADO,NORTE,777,R$/l,3.351,0.222,2.89,4.055,0.066,0.466,2.885,0.215,2.0056,3.416,0.075
06/01/2016,ETANOL HIDRATADO,SUDESTE,12015,R$/l,2.362,0.358,1.749,3.829,0.152,0.347,2.015,0.273,1.5838,3.2079,0.135
06/01/2016,ETANOL HIDRATADO,SUL,3635,R$/l,2.638,0.425,2.19,4.069,0.161,0.382,2.256,0.372,1.855,3.6898,0.165
06/01/2016,GASOLINA COMUM,CENTRO OESTE,2015,R$/l,3.659,0.176,3.188,4.19,0.048,0.45,3.209,0.117,2.9021,3.575,0.036
06/01/2016,GASOLINA COMUM,NORDESTE,4915,R$/l,3.751,0.183,3.26,4.299,0.049,0.496,3.255,0.117,2.715,3.5889,0.036
06/01/2016,GASOLINA COMUM,NORTE,1469,R$/l,3.823,0.263,3.29,4.65,0.069,0.496,3.327,0.13,2.9623,3.6768,0.039
06/01/2016,GASOLINA COMUM,SUDESTE,12069,R$/l,3.587,0.223,3.049,4.89,0.062,0.461,3.126,0.186,2.59,3.7176,0.06
06/01/2016,GASOLINA COMUM,SUL,4296,R$/l,3.635,0.241,3.08,4.29,0.066,0.424,3.211,0.144,2.8446,3.6146,0.045
06/01/2016,GLP,CENTRO OESTE,2774,R$/13kg,60.113,7.312,45,82,0.122,13.828,46.285,3.865,22.8,60,0.084
06/01/2016,GLP,NORDESTE,4354,R$/13kg,51.169,7.161,35,66.666,0.14,15.479,35.69,4.338,25.5,54.7398,0.122
06/01/2016,GLP,NORTE,2390,R$/13kg,58.528,6.213,44,75,0.106,15.827,42.701,5.048,26.08,68,0.118
06/01/2016,GLP,SUDESTE,9726,R$/13kg,51.586,5.527,34,69,0.107,16.429,35.157,4.381,21.84,53.5,0.125
06/01/2016,GLP,SUL,4660,R$/13kg,55.143,5.621,38,74.9,0.102,17.245,37.898,5.563,21.67,55,0.147
06/01/2016,GNV,CENTRO OESTE,14,R$/m3,2.374,0.153,2.199,2.599,0.064,0.697,1.677,0.015,1.6536,1.6872,0.009
06/01/2016,GNV,NORDESTE,360,R$/m3,2.334,0.23,1.74,2.824,0.099,0.692,1.642,0.227,1.2018,1.9852,0.138
06/01/2016,GNV,NORTE,2,R$/m3,2.85,0,2.85,2.85,0,0.701,2.149,0.115,2.0673,2.23,0.054
06/01/2016,GNV,SUDESTE,705,R$/m3,2.093,0.182,1.699,2.899,0.087,0.653,1.44,0.147,1.1297,1.9669,0.102
06/01/2016,GNV,SUL,242,R$/m3,2.43,0.255,1.89,3.03,0.105,0.623,1.807,0.215,1.574,2.3462,0.119
07/01/2016,ÓLEO DIESEL,CENTRO OESTE,1317,R$/l,3.164,0.183,2.729,3.599,0.058,0.329,2.835,0.103,2.5909,3.1785,0.036
07/01/2016,ÓLEO DIESEL,NORDESTE,2803,R$/l,3.017,0.118,2.68,3.489,0.039,0.303,2.714,0.088,2.4366,2.98,0.032
07/01/2016,ÓLEO DIESEL,NORTE,1092,R$/l,3.256,0.204,2.839,3.98,0.063,0.386,2.87,0.136,2.623,3.3393,0.047
07/01/2016,ÓLEO DIESEL,SUDESTE,6906,R$/l,2.966,0.12,2.64,3.622,0.04,0.325,2.641,0.092,2.32,2.971,0.035
07/01/2016,ÓLEO DIESEL,SUL,2419,R$/l,2.897,0.12,2.539,3.43,0.041,0.337,2.56,0.07,2.389,2.8169,0.027
07/01/2016,ÓLEO DIESEL S10,CENTRO OESTE,1184,R$/l,3.34,0.176,2.939,3.77,0.053,0.367,2.973,0.094,2.7253,3.2099,0.032
07/01/2016,ÓLEO DIESEL S10,NORDESTE,3610,R$/l,3.148,0.13,2.73,3.799,0.041,0.343,2.805,0.098,2.55,3.1,0.035
07/01/2016,ÓLEO DIESEL S10,NORTE,1086,R$/l,3.335,0.234,2.9,4.25,0.07,0.399,2.936,0.167,2.65,3.6877,0.057
07/01/2016,ÓLEO DIESEL S10,SUDESTE,7249,R$/l,3.11,0.127,2.749,3.799,0.041,0.361,2.749,0.095,2.07,3.1348,0.035
07/01/2016,ÓLEO DIESEL S10,SUL,2776,R$/l,3.036,0.123,2.77,3.65,0.041,0.371,2.665,0.073,2.425,2.8919,0.027
07/01/2016,ETANOL HIDRATADO,CENTRO OESTE,1884,R$/l,2.592,0.188,2.149,3.49,0.073,0.424,2.168,0.159,1.9368,2.6799,0.073
07/01/2016,ETANOL HIDRATADO,NORDESTE,3963,R$/l,3.049,0.211,2.38,3.799,0.069,0.432,2.617,0.193,1.9881,3.2838,0.074
07/01/2016,ETANOL HIDRATADO,NORTE,692,R$/l,3.327,0.234,2.89,3.995,0.07,0.479,2.848,0.194,2.3566,3.4453,0.068
07/01/2016,ETANOL HIDRATADO,SUDESTE,10920,R$/l,2.321,0.363,1.79,3.829,0.156,0.347,1.974,0.286,1.5741,3.1496,0.145
07/01/2016,ETANOL HIDRATADO,SUL,3288,R$/l,2.608,0.425,2.15,3.999,0.163,0.375,2.233,0.373,1.7315,3.5669,0.167
07/01/2016,GASOLINA COMUM,CENTRO OESTE,1859,R$/l,3.634,0.184,3.077,4.06,0.051,0.442,3.192,0.121,2.8761,3.4698,0.038
07/01/2016,GASOLINA COMUM,NORDESTE,4541,R$/l,3.743,0.194,3.19,4.299,0.052,0.505,3.238,0.117,2.3092,3.65,0.036
07/01/2016,GASOLINA COMUM,NORTE,1373,R$/l,3.878,0.243,3.289,4.65,0.063,0.551,3.327,0.136,2.9623,3.6495,0.041
07/01/2016,GASOLINA COMUM,SUDESTE,11005,R$/l,3.572,0.231,3.049,4.89,0.065,0.458,3.114,0.192,2.5818,3.7998,0.062
07/01/2016,GASOLINA COMUM,SUL,3908,R$/l,3.626,0.23,3.049,4.29,0.063,0.422,3.204,0.152,2.848,3.6156,0.047
07/01/2016,GLP,CENTRO OESTE,2576,R$/13kg,60.043,7.154,45,82,0.119,14.041,46.002,4.141,22.8,61.25,0.09
07/01/2016,GLP,NORDESTE,3983,R$/13kg,50.813,7.345,35,65,0.145,15.144,35.669,3.88,26.53,48,0.109
07/01/2016,GLP,NORTE,2136,R$/13kg,58.302,6.267,44,75,0.107,14.711,43.591,4.471,26.08,60,0.103
07/01/2016,GLP,SUDESTE,9006,R$/13kg,51.304,5.419,34,69.9,0.106,16.178,35.126,4.52,21.84,53.5,0.129
07/01/2016,GLP,SUL,4306,R$/13kg,55.118,5.619,38,74.9,0.102,17.364,37.754,5.36,21.6685,55,0.142
07/01/2016,GNV,CENTRO OESTE,10,R$/m3,2.399,0.103,2.37,2.599,0.043,0.72,1.679,0.013,1.6621,1.6876,0.008
07/01/2016,GNV,NORDESTE,348,R$/m3,2.358,0.221,1.799,2.829,0.094,0.761,1.597,0.208,1.2348,1.9852,0.13
07/01/2016,GNV,NORTE,6,R$/m3,2.67,0.213,2.55,3.049,0.08,0.618,2.052,0.098,1.9436,2.15,0.048
07/01/2016,GNV,SUDESTE,655,R$/m3,2.095,0.189,1.695,3,0.09,0.655,1.44,0.164,1.1246,1.8812,0.114
07/01/2016,GNV,SUL,203,R$/m3,2.414,0.272,1.89,3.29,0.113,0.688,1.726,0.341,1.322,2.3457,0.198
08/01/2016,ÓLEO DIESEL,CENTRO OESTE,1651,R$/l,3.168,0.18,2.729,3.599,0.057,0.335,2.833,0.104,2.625,3.0912,0.037
08/01/2016,ÓLEO DIESEL,NORDESTE,3380,R$/l,3.054,0.117,2.74,3.489,0.038,0.329,2.725,0.09,2.54,2.927,0.033
08/01/2016,ÓLEO DIESEL,NORTE,1332,R$/l,3.24,0.209,2.84,3.98,0.065,0.389,2.851,0.15,2.54,3.3393,0.053
08/01/2016,ÓLEO DIESEL,SUDESTE,8377,R$/l,2.954,0.121,2.6,3.622,0.041,0.331,2.623,0.095,2.311,2.987,0.036
08/01/2016,ÓLEO DIESEL,SUL,2959,R$/l,2.888,0.118,2.53,3.43,0.041,0.335,2.553,0.069,2.2956,2.734,0.027
08/01/2016,ÓLEO DIESEL S10,CENTRO OESTE,1499,R$/l,3.318,0.178,2.939,3.77,0.054,0.364,2.954,0.094,2.7456,3.248,0.032
08/01/2016,ÓLEO DIESEL S10,NORDESTE,4501,R$/l,3.132,0.13,2.79,3.799,0.042,0.337,2.795,0.104,2.55,3.1471,0.037
08/01/2016,ÓLEO DIESEL S10,NORTE,1305,R$/l,3.402,0.233,2.9,4.25,0.068,0.426,2.976,0.18,2.64,3.7136,0.06
08/01/2016,ÓLEO DIESEL S10,SUDESTE,9013,R$/l,3.106,0.127,2.699,3.659,0.041,0.355,2.751,0.098,2.455,3.1012,0.036
08/01/2016,ÓLEO DIESEL S10,SUL,3465,R$/l,3.036,0.123,2.69,3.657,0.041,0.383,2.653,0.074,2.3389,2.9229,0.028
08/01/2016,ETANOL HIDRATADO,CENTRO OESTE,2352,R$/l,2.613,0.186,2.17,3.49,0.071,0.423,2.19,0.163,1.9,2.7076,0.074
08/01/2016,ETANOL HIDRATADO,NORDESTE,4859,R$/l,3.03,0.208,2.549,3.699,0.069,0.391,2.639,0.185,1.943,3.2303,0.07
08/01/2016,ETANOL HIDRATADO,NORTE,844,R$/l,3.287,0.247,2.869,3.995,0.075,0.421,2.866,0.171,2.38,3.5701,0.06
08/01/2016,ETANOL HIDRATADO,SUDESTE,13472,R$/l,2.373,0.341,1.89,3.829,0.144,0.32,2.053,0.264,1.6257,3.2275,0.129
08/01/2016,ETANOL HIDRATADO,SUL,4002,R$/l,2.632,0.416,2.15,3.999,0.158,0.339,2.293,0.366,1.8539,3.5105,0.16
08/01/2016,GASOLINA COMUM,CENTRO OESTE,2317,R$/l,3.623,0.19,3.088,4.06,0.052,0.431,3.192,0.118,2.9031,3.4398,0.037
08/01/2016,GASOLINA COMUM,NORDESTE,5565,R$/l,3.729,0.192,3.09,4.39,0.051,0.49,3.239,0.12,2.7589,3.5703,0.037
08/01/2016,GASOLINA COMUM,NORTE,1663,R$/l,3.904,0.228,3.299,4.65,0.058,0.536,3.368,0.129,2.9985,3.731,0.038
08/01/2016,GASOLINA COMUM,SUDESTE,13512,R$/l,3.586,0.229,3.049,4.899,0.064,0.453,3.133,0.197,2.308,3.6979,0.063
08/01/2016,GASOLINA COMUM,SUL,4781,R$/l,3.657,0.215,2.999,4.296,0.059,0.435,3.222,0.141,2.88,3.6475,0.044
08/01/2016,GLP,CENTRO OESTE,3217,R$/13kg,59.823,7.023,45,82,0.117,14.313,45.51,4.371,26,72,0.096
08/01/2016,GLP,NORDESTE,4967,R$/13kg,50.622,7.069,33,65,0.14,15.394,35.228,3.907,27,50,0.111
08/01/2016,GLP,NORTE,2500,R$/13kg,58.469,6.245,44,75,0.107,14.811,43.658,4.546,26.08,62,0.104
08/01/2016,GLP,SUDESTE,11097,R$/13kg,51.235,5.463,35,69.9,0.107,16.336,34.899,4.582,21.84,56.72,0.131
08/01/2016,GLP,SUL,5216,R$/13kg,54.988,5.607,38,72,0.102,17.085,37.903,5.4,21.67,55,0.142
08/01/2016,GNV,CENTRO OESTE,18,R$/m3,2.376,0.172,2.199,2.699,0.072,0.676,1.7,0.061,1.6472,1.8333,0.036
08/01/2016,GNV,NORDESTE,409,R$/m3,2.341,0.207,1.799,2.8,0.088,0.774,1.567,0.233,1.19,1.9852,0.149
08/01/2016,GNV,NORTE,2,R$/m3,2.55,0,2.55,2.55,0,0.508,2.042,0.139,1.9436,2.14,0.068
08/01/2016,GNV,SUDESTE,790,R$/m3,2.068,0.199,1.688,2.899,0.096,0.606,1.462,0.174,1.231,1.8998,0.119
08/01/2016,GNV,SUL,241,R$/m3,2.421,0.281,1.95,3.09,0.116,0.523,1.898,0.301,1.3576,2.6159,0.159
09/01/2016,ÓLEO DIESEL,CENTRO OESTE,1316,R$/l,3.17,0.181,2.799,3.599,0.057,0.332,2.838,0.102,2.6489,3.1944,0.036
09/01/2016,ÓLEO DIESEL,NORDESTE,2810,R$/l,3.048,0.116,2.72,3.489,0.038,0.331,2.717,0.089,2.53,2.9144,0.033
09/01/2016,ÓLEO DIESEL,NORTE,1182,R$/l,3.244,0.208,2.84,3.98,0.064,0.393,2.851,0.149,2.56,3.3421,0.052
09/01/2016,ÓLEO DIESEL,SUDESTE,6976,R$/l,2.953,0.12,2.61,3.622,0.041,0.325,2.628,0.097,2.3604,3.02,0.037
09/01/2016,ÓLEO DIESEL,SUL,2493,R$/l,2.891,0.118,2.53,3.43,0.041,0.343,2.548,0.071,2.389,2.74,0.028
09/01/2016,ÓLEO DIESEL S10,CENTRO OESTE,1218,R$/l,3.315,0.179,2.939,3.89,0.054,0.345,2.97,0.09,2.787,3.25,0.03
09/01/2016,ÓLEO DIESEL S10,NORDESTE,3734,R$/l,3.129,0.13,2.72,3.799,0.042,0.341,2.788,0.111,2.525,3.036,0.04
09/01/2016,ÓLEO DIESEL S10,NORTE,1140,R$/l,3.405,0.241,2.9,4.25,0.071,0.435,2.97,0.175,2.61,3.7403,0.059
09/01/2016,ÓLEO DIESEL S10,SUDESTE,7500,R$/l,3.106,0.132,2.699,3.799,0.042,0.348,2.758,0.105,2.184,3.1984,0.038
09/01/2016,ÓLEO DIESEL S10,SUL,2927,R$/l,3.035,0.124,2.499,3.657,0.041,0.382,2.653,0.076,2.42,2.9108,0.029
09/01/2016,ETANOL HIDRATADO,CENTRO OESTE,1881,R$/l,2.621,0.181,2.199,3.1,0.069,0.397,2.224,0.157,1.905,2.7866,0.071
09/01/2016,ETANOL HIDRATADO,NORDESTE,4059,R$/l,3.012,0.21,2.549,3.699,0.07,0.377,2.635,0.181,2.059,3.303,0.069
09/01/2016,ETANOL HIDRATADO,NORTE,748,R$/l,3.303,0.241,2.8,3.995,0.073,0.427,2.876,0.162,2.3157,3.3642,0.056
09/01/2016,ETANOL HIDRATADO,SUDESTE,11190,R$/l,2.401,0.335,1.89,3.932,0.14,0.311,2.09,0.263,1.6964,3.4701,0.126
09/01/2016,ETANOL HIDRATADO,SUL,3358,R$/l,2.685,0.393,2.19,3.999,0.146,0.345,2.34,0.35,1.871,3.3169,0.15
09/01/2016,GASOLINA COMUM,CENTRO OESTE,1856,R$/l,3.614,0.186,3.089,4.3,0.051,0.421,3.193,0.122,2.9062,3.4448,0.038
09/01/2016,GASOLINA COMUM,NORDESTE,4630,R$/l,3.688,0.21,3.14,4.399,0.057,0.456,3.232,0.121,2.9824,3.635,0.037
09/01/2016,GASOLINA COMUM,NORTE,1452,R$/l,3.904,0.229,3.299,4.65,0.059,0.529,3.375,0.137,3.0398,3.952,0.041
09/01/2016,GASOLINA COMUM,SUDESTE,11258,R$/l,3.589,0.232,3.01,4.899,0.065,0.445,3.144,0.195,2.59,3.7549,0.062
09/01/2016,GASOLINA COMUM,SUL,4025,R$/l,3.681,0.204,3.099,4.299,0.055,0.447,3.234,0.135,2.88,3.6256,0.042
09/01/2016,GLP,CENTRO OESTE,2578,R$/13kg,60.372,7.61,45,90,0.126,14.48,45.892,4.503,26,72,0.098
09/01/2016,GLP,NORDESTE,3955,R$/13kg,53.292,7.1,37,75,0.133,16.93,36.362,4.758,28,53,0.131
09/01/2016,GLP,NORTE,2285,R$/13kg,59.749,7.065,45,80,0.118,15.778,43.971,4.388,26.08,61,0.1
09/01/2016,GLP,SUDESTE,9141,R$/13kg,53.343,5.838,35,79.9,0.109,17.564,35.779,4.802,21.84,56.6,0.134
09/01/2016,GLP,SUL,4458,R$/13kg,55.989,6.385,38,80,0.114,17.256,38.733,5.818,21.523,60,0.15
09/01/2016,GNV,CENTRO OESTE,14,R$/m3,2.367,0.187,2.199,2.699,0.079,0.669,1.698,0.017,1.6831,1.7126,0.01
09/01/2016,GNV,NORDESTE,316,R$/m3,2.308,0.208,1.99,2.8,0.09,0.66,1.648,0.23,1.19,1.9852,0.14
09/01/2016,GNV,NORTE,4,R$/m3,2.75,0.142,2.55,2.85,0.052,0.793,1.957,0,1.9571,1.9571,0
09/01/2016,GNV,SUDESTE,684,R$/m3,2.105,0.189,1.699,2.899,0.09,0.654,1.451,0.162,1.1498,1.7853,0.112
09/01/2016,GNV,SUL,204,R$/m3,2.431,0.291,1.959,3.099,0.12,0.658,1.773,0.319,1.3611,2.6027,0.18
10/01/2016,ÓLEO DIESEL,CENTRO OESTE,1361,R$/l,3.174,0.181,2.759,3.59,0.057,0.349,2.825,0.103,2.6,3.1785,0.036
10/01/2016,ÓLEO DIESEL,NORDESTE,2826,R$/l,3.042,0.113,2.75,3.489,0.037,0.337,2.705,0.091,2.5,2.9342,0.034
10/01/2016,ÓLEO DIESEL,NORTE,1168,R$/l,3.248,0.204,2.839,3.98,0.063,0.402,2.846,0.157,2.55,3.3721,0.055
10/01/2016,ÓLEO DIESEL,SUDESTE,7365,R$/l,2.954,0.121,2.61,3.622,0.041,0.337,2.617,0.098,2.374,3.028,0.037
10/01/2016,ÓLEO DIESEL,SUL,2644,R$/l,2.892,0.119,2.53,3.448,0.041,0.358,2.534,0.071,2.37,2.8,0.028
10/01/2016,ÓLEO DIESEL S10,CENTRO OESTE,1304,R$/l,3.317,0.173,2.939,3.77,0.052,0.38,2.937,0.091,2.67,3.22,0.031
10/01/2016,ÓLEO DIESEL S10,NORDESTE,3954,R$/l,3.127,0.129,2.77,3.799,0.041,0.35,2.777,0.118,2.344,3.0419,0.042
10/01/2016,ÓLEO DIESEL S10,NORTE,1202,R$/l,3.409,0.233,2.9,4.25,0.068,0.443,2.966,0.177,2.61,3.7412,0.06
10/01/2016,ÓLEO DIESEL S10,SUDESTE,8117,R$/l,3.102,0.132,2.699,3.79,0.043,0.351,2.751,0.106,2.422,3.1157,0.039
10/01/2016,ÓLEO DIESEL S10,SUL,3197,R$/l,3.033,0.126,2.49,3.657,0.042,0.392,2.641,0.079,2.4,2.8979,0.03
10/01/2016,ETANOL HIDRATADO,CENTRO OESTE,1956,R$/l,2.732,0.213,2.25,3.299,0.078,0.392,2.34,0.192,1.98,2.9679,0.082
10/01/2016,ETANOL HIDRATADO,NORDESTE,4152,R$/l,3.03,0.192,2.59,3.699,0.063,0.387,2.643,0.17,2.059,3.303,0.064
10/01/2016,ETANOL HIDRATADO,NORTE,777,R$/l,3.308,0.252,2.79,3.995,0.076,0.393,2.915,0.164,2.4491,3.3373,0.056
10/01/2016,ETANOL HIDRATADO,SUDESTE,11912,R$/l,2.597,0.304,1.979,3.899,0.117,0.318,2.279,0.262,1.77,3.4987,0.115
10/01/2016,ETANOL HIDRATADO,SUL,3605,R$/l,2.831,0.374,2.26,4.2,0.132,0.32,2.511,0.336,2,3.5912,0.134
10/01/2016,GASOLINA COMUM,CENTRO OESTE,1923,R$/l,3.628,0.201,3.159,4.3,0.055,0.414,3.214,0.119,2.93,3.4609,0.037
10/01/2016,GASOLINA COMUM,NORDESTE,4786,R$/l,3.714,0.183,3.199,4.399,0.049,0.49,3.224,0.116,2.9873,3.5689,0.036
10/01/2016,GASOLINA COMUM,NORTE,1482,R$/l,3.861,0.255,3.35,4.65,0.066,0.486,3.375,0.148,3.0398,3.952,0.044
10/01/2016,GASOLINA COMUM,SUDESTE,11939,R$/l,3.609,0.223,3.049,4.899,0.062,0.438,3.171,0.189,2.59,3.7584,0.06
10/01/2016,GASOLINA COMUM,SUL,4348,R$/l,3.686,0.199,3.119,4.339,0.054,0.427,3.259,0.129,2.754,3.6272,0.04
10/01/2016,GLP,CENTRO OESTE,2696,R$/13kg,61.548,8.598,45,90,0.14,14.413,47.135,4.621,27.76,79.2,0.098
10/01/2016,GLP,NORDESTE,4293,R$/13kg,53.925,7.19,35,75,0.133,16.644,37.281,4.855,28,53,0.13
10/01/2016,GLP,NORTE,2294,R$/13kg,61.068,7.364,41,82,0.121,15.612,45.456,4.813,26.08,61,0.106
10/01/2016,GLP,SUDESTE,10259,R$/13kg,53.748,5.723,35,79.9,0.106,17.075,36.673,4.853,21.641,56.6,0.132
10/01/2016,GLP,SUL,5029,R$/13kg,56.908,6.47,40,80,0.114,18.103,38.805,5.788,22,56,0.149
10/01/2016,GNV,CENTRO OESTE,19,R$/m3,2.387,0.122,2.199,2.599,0.051,0.691,1.696,0.02,1.6546,1.7126,0.012
10/01/2016,GNV,NORDESTE,325,R$/m3,2.298,0.199,1.99,2.829,0.087,0.681,1.617,0.257,1.1991,2.07,0.159
10/01/2016,GNV,NORTE,9,R$/m3,2.67,0.122,2.55,2.85,0.046,0.618,2.052,0.098,1.9436,2.15,0.048
10/01/2016,GNV,SUDESTE,738,R$/m3,2.072,0.209,1.688,3.015,0.101,0.627,1.445,0.193,1.2306,2.0303,0.134
10/01/2016,GNV,SUL,217,R$/m3,2.416,0.285,1.99,3.09,0.118,0.695,1.721,0.344,1.2291,2.6027,0.2
11/01/2016,ÓLEO DIESEL,CENTRO OESTE,1575,R$/l,3.168,0.182,2.769,3.599,0.057,0.365,2.803,0.109,2.569,3.2,0.039
11/01/2016,ÓLEO DIESEL,NORDESTE,3285,R$/l,3.019,0.118,2.64,3.489,0.039,0.354,2.665,0.111,2.3754,2.9551,0.042
11/01/2016,ÓLEO DIESEL,NORTE,1263,R$/l,3.231,0.214,2.6,3.98,0.066,0.424,2.807,0.173,2.429,3.3461,0.062
11/01/2016,ÓLEO DIESEL,SUDESTE,7721,R$/l,2.942,0.133,2.459,3.622,0.045,0.374,2.568,0.119,2.19,3.028,0.046
11/01/2016,ÓLEO DIESEL,SUL,2688,R$/l,2.87,0.126,2.477,3.43,0.044,0.384,2.486,0.091,2.24,2.7288,0.037
11/01/2016,ÓLEO DIESEL S10,CENTRO OESTE,1437,R$/l,3.313,0.178,2.939,3.797,0.054,0.396,2.917,0.094,2.6755,3.24,0.032
11/01/2016,ÓLEO DIESEL S10,NORDESTE,4427,R$/l,3.11,0.137,2.69,3.799,0.044,0.374,2.736,0.133,2.344,3.07,0.049
11/01/2016,ÓLEO DIESEL S10,NORTE,1277,R$/l,3.391,0.242,2.82,4.25,0.071,0.46,2.931,0.195,2.489,3.7416,0.067
11/01/2016,ÓLEO DIESEL S10,SUDESTE,8525,R$/l,3.094,0.143,2.599,3.729,0.046,0.385,2.709,0.125,2.29,3.121,0.046
11/01/2016,ÓLEO DIESEL S10,SUL,3192,R$/l,3.014,0.128,2.67,3.657,0.042,0.41,2.604,0.1,2.33,2.8928,0.038
11/01/2016,ETANOL HIDRATADO,CENTRO OESTE,2201,R$/l,2.847,0.189,2.299,3.399,0.066,0.38,2.467,0.202,2.04,3.147,0.082
11/01/2016,ETANOL HIDRATADO,NORDESTE,4639,R$/l,3.034,0.188,2.569,3.699,0.062,0.338,2.696,0.155,2.1524,3.3918,0.057
11/01/2016,ETANOL HIDRATADO,NORTE,788,R$/l,3.368,0.236,2.94,4.03,0.07,0.368,3,0.166,2.55,3.4,0.055
11/01/2016,ETANOL HIDRATADO,SUDESTE,12504,R$/l,2.753,0.304,2.259,3.999,0.11,0.314,2.439,0.273,1.7656,3.4945,0.112
11/01/2016,ETANOL HIDRATADO,SUL,3571,R$/l,2.96,0.385,2.49,4.479,0.13,0.297,2.663,0.34,2.2378,3.8232,0.128
11/01/2016,GASOLINA COMUM,CENTRO OESTE,2166,R$/l,3.655,0.189,3.169,4.22,0.052,0.421,3.234,0.117,2.97,3.4959,0.036
11/01/2016,GASOLINA COMUM,NORDESTE,5392,R$/l,3.694,0.178,3.089,4.35,0.048,0.482,3.212,0.116,2.9563,3.611,0.036
11/01/2016,GASOLINA COMUM,NORTE,1572,R$/l,3.825,0.264,3.28,4.65,0.069,0.476,3.349,0.158,3.05,3.76,0.047
11/01/2016,GASOLINA COMUM,SUDESTE,12621,R$/l,3.638,0.221,2.999,4.899,0.061,0.44,3.198,0.186,2.59,3.9585,0.058
11/01/2016,GASOLINA COMUM,SUL,4342,R$/l,3.684,0.2,3.149,4.33,0.054,0.416,3.268,0.134,2.9741,3.647,0.041
11/01/2016,GLP,CENTRO OESTE,3078,R$/13kg,62.252,8.257,48,90,0.133,14.53,47.722,4.022,31.05,79.2,0.084
11/01/2016,GLP,NORDESTE,4538,R$/13kg,53.799,7.04,35,75,0.131,15.808,37.991,4.902,25,53,0.129
11/01/2016,GLP,NORTE,2224,R$/13kg,61.209,7.057,45,78,0.115,14.886,46.323,4.871,26.08,60,0.105
11/01/2016,GLP,SUDESTE,9550,R$/13kg,54.168,5.712,35,74.9,0.105,17.16,37.008,4.936,21.641,58,0.133
11/01/2016,GLP,SUL,4516,R$/13kg,57.136,6.625,40,79.9,0.116,17.863,39.273,5.727,21.623,56,0.146
11/01/2016,GNV,CENTRO OESTE,16,R$/m3,2.392,0.173,2.199,2.699,0.072,0.684,1.708,0.012,1.6826,1.7126,0.007
11/01/2016,GNV,NORDESTE,362,R$/m3,2.303,0.211,1.99,2.999,0.092,0.689,1.614,0.25,1.1991,2.1,0.155
11/01/2016,GNV,NORTE,2,R$/m3,2.739,0,2.739,2.739,0,-,-,-,-,-,-
11/01/2016,GNV,SUDESTE,766,R$/m3,2.106,0.195,1.709,2.899,0.093,0.651,1.455,0.169,1.1502,2.03,0.116
11/01/2016,GNV,SUL,215,R$/m3,2.413,0.29,1.94,3.099,0.12,0.722,1.691,0.25,1.2291,2.3412,0.148
12/01/2016,ÓLEO DIESEL,CENTRO OESTE,1401,R$/l,3.201,0.195,2.769,3.699,0.061,0.414,2.787,0.112,2.5752,3.1949,0.04
12/01/2016,ÓLEO DIESEL,NORDESTE,2735,R$/l,3.051,0.13,2.63,3.649,0.043,0.393,2.658,0.128,2.37,2.9329,0.048
12/01/2016,ÓLEO DIESEL,NORTE,1164,R$/l,3.279,0.228,2.6,4.07,0.07,0.471,2.808,0.176,2.429,3.3893,0.063
12/01/2016,ÓLEO DIESEL,SUDESTE,6775,R$/l,2.969,0.141,2.459,3.599,0.047,0.4,2.569,0.128,2.19,3.12,0.05
12/01/2016,ÓLEO DIESEL,SUL,2453,R$/l,2.904,0.142,2.499,3.88,0.049,0.41,2.494,0.109,2.18,2.814,0.044
12/01/2016,ÓLEO DIESEL S10,CENTRO OESTE,1298,R$/l,3.337,0.183,2.939,3.88,0.055,0.403,2.934,0.115,2.6755,3.2954,0.039
12/01/2016,ÓLEO DIESEL S10,NORDESTE,3784,R$/l,3.138,0.153,2.68,3.899,0.049,0.401,2.737,0.146,2.377,3.0847,0.053
12/01/2016,ÓLEO DIESEL S10,NORTE,1199,R$/l,3.437,0.249,2.82,4.25,0.072,0.508,2.929,0.188,2.489,3.627,0.064
12/01/2016,ÓLEO DIESEL S10,SUDESTE,7677,R$/l,3.129,0.153,2.599,3.999,0.049,0.415,2.714,0.135,2.229,3.1256,0.05
12/01/2016,ÓLEO DIESEL S10,SUL,2978,R$/l,3.051,0.145,2.6,3.677,0.048,0.446,2.605,0.118,2.2776,2.94,0.045
12/01/2016,ETANOL HIDRATADO,CENTRO OESTE,1961,R$/l,2.886,0.214,2.399,3.499,0.074,0.368,2.518,0.195,2.19,3.1201,0.077
12/01/2016,ETANOL HIDRATADO,NORDESTE,3892,R$/l,3.066,0.188,2.599,3.99,0.061,0.373,2.693,0.16,2.151,3.3177,0.059
12/01/2016,ETANOL HIDRATADO,NORTE,724,R$/l,3.43,0.225,2.79,4.03,0.066,0.362,3.068,0.195,2.4665,3.4895,0.064
12/01/2016,ETANOL HIDRATADO,SUDESTE,11042,R$/l,2.765,0.306,2.299,3.999,0.111,0.341,2.424,0.271,1.9841,3.4184,0.112
12/01/2016,ETANOL HIDRATADO,SUL,3246,R$/l,2.983,0.403,2.49,4.479,0.135,0.317,2.666,0.365,2.2195,3.7909,0.137
12/01/2016,GASOLINA COMUM,CENTRO OESTE,1933,R$/l,3.725,0.179,3.22,4.28,0.048,0.447,3.278,0.105,2.9741,3.578,0.032
12/01/2016,GASOLINA COMUM,NORDESTE,4567,R$/l,3.758,0.191,3.189,4.399,0.051,0.504,3.254,0.131,2.96,3.649,0.04
12/01/2016,GASOLINA COMUM,NORTE,1474,R$/l,3.91,0.279,3.19,4.77,0.071,0.522,3.388,0.162,3.0355,3.7926,0.048
12/01/2016,GASOLINA COMUM,SUDESTE,11211,R$/l,3.696,0.219,3.099,4.899,0.059,0.443,3.253,0.183,2.59,3.7717,0.056
12/01/2016,GASOLINA COMUM,SUL,4036,R$/l,3.742,0.218,3.189,4.439,0.058,0.424,3.318,0.145,2.969,3.7556,0.044
12/01/2016,GLP,CENTRO OESTE,2604,R$/13kg,62.162,8.368,45,90,0.135,14.604,47.558,4.182,31.05,79.2,0.088
12/01/2016,GLP,NORDESTE,4062,R$/13kg,53.603,7.125,35,70,0.133,15.606,37.997,4.784,28.2,53,0.126
12/01/2016,GLP,NORTE,2422,R$/13kg,61.345,7.043,43,78,0.115,15.253,46.092,4.696,26.08,60,0.102
12/01/2016,GLP,SUDESTE,9368,R$/13kg,54.22,5.543,37,78.9,0.102,16.89,37.33,4.542,26.69,58,0.122
12/01/2016,GLP,SUL,4399,R$/13kg,57.254,6.451,35.9,79.9,0.113,17.526,39.728,5.568,21.6745,60,0.14
12/01/2016,GNV,CENTRO OESTE,15,R$/m3,2.389,0.196,2.199,2.699,0.082,0.616,1.773,0.115,1.7126,1.9463,0.065
12/01/2016,GNV,NORDESTE,302,R$/m3,2.319,0.221,1.79,2.829,0.095,0.686,1.633,0.241,1.1629,2.0018,0.148
12/01/2016,GNV,NORTE,10,R$/m3,2.85,0.143,2.85,3.22,0.05,0.67,2.18,0.251,2.07,2.72,0.115
12/01/2016,GNV,SUDESTE,641,R$/m3,2.082,0.199,1.749,2.899,0.096,0.602,1.48,0.186,1.1782,2.0303,0.126
12/01/2016,GNV,SUL,188,R$/m3,2.412,0.285,1.949,3.099,0.118,0.739,1.673,0.218,1.37,2.2462,0.13
01/01/2017,ÓLEO DIESEL,CENTRO OESTE,1561,R$/l,3.28,0.192,2.668,3.78,0.059,0.372,2.908,0.109,2.6365,3.2937,0.037
01/01/2017,ÓLEO DIESEL,NORDESTE,3177,R$/l,3.099,0.133,2.73,3.749,0.043,0.357,2.742,0.112,2.482,3.1043,0.041
01/01/2017,ÓLEO DIESEL,NORTE,1238,R$/l,3.364,0.233,2.8,4.22,0.069,0.462,2.902,0.17,2.52,3.4421,0.059
01/01/2017,ÓLEO DIESEL,SUDESTE,7718,R$/l,3.041,0.14,2.459,3.65,0.046,0.369,2.672,0.121,2.19,3.237,0.045
01/01/2017,ÓLEO DIESEL,SUL,2843,R$/l,2.971,0.148,2.599,3.629,0.05,0.387,2.584,0.101,2.275,2.9258,0.039
01/01/2017,ÓLEO DIESEL S10,CENTRO OESTE,1448,R$/l,3.42,0.179,2.989,3.98,0.052,0.392,3.028,0.112,2.499,3.36,0.037
01/01/2017,ÓLEO DIESEL S10,NORDESTE,4416,R$/l,3.179,0.159,2.749,3.999,0.05,0.361,2.818,0.132,2.417,3.3827,0.047
01/01/2017,ÓLEO DIESEL S10,NORTE,1285,R$/l,3.52,0.248,2.95,4.299,0.07,0.479,3.041,0.178,2.5866,3.75,0.059
01/01/2017,ÓLEO DIESEL S10,SUDESTE,8842,R$/l,3.202,0.153,2.699,3.899,0.048,0.392,2.81,0.129,2.299,3.3585,0.046
01/01/2017,ÓLEO DIESEL S10,SUL,3371,R$/l,3.115,0.151,2.59,3.827,0.048,0.414,2.701,0.107,2.3429,3.0683,0.04
01/01/2017,ETANOL HIDRATADO,CENTRO OESTE,2155,R$/l,2.964,0.223,2.522,3.699,0.075,0.341,2.623,0.193,2.2,3.217,0.074
01/01/2017,ETANOL HIDRATADO,NORDESTE,4547,R$/l,3.07,0.208,2.579,3.99,0.068,0.343,2.727,0.179,2,3.4191,0.066
01/01/2017,ETANOL HIDRATADO,NORTE,809,R$/l,3.522,0.226,3.1,4.209,0.064,0.383,3.139,0.183,2.59,3.5749,0.058
01/01/2017,ETANOL HIDRATADO,SUDESTE,12651,R$/l,2.852,0.313,2.259,4.05,0.11,0.35,2.502,0.272,1.9833,3.6793,0.109
01/01/2017,ETANOL HIDRATADO,SUL,3589,R$/l,3.06,0.408,2.59,4.489,0.133,0.331,2.729,0.365,2.319,3.9153,0.134
01/01/2017,GASOLINA COMUM,CENTRO OESTE,2117,R$/l,3.794,0.172,3.379,4.4,0.045,0.413,3.381,0.113,3.09,3.6898,0.033
01/01/2017,GASOLINA COMUM,NORDESTE,5322,R$/l,3.708,0.227,3.139,4.399,0.061,0.424,3.284,0.145,2.9904,3.6987,0.044
01/01/2017,GASOLINA COMUM,NORTE,1589,R$/l,3.964,0.274,3.469,4.77,0.069,0.484,3.48,0.153,2.908,3.8743,0.044
01/01/2017,GASOLINA COMUM,SUDESTE,12784,R$/l,3.754,0.215,3.149,4.949,0.057,0.443,3.311,0.179,2.59,3.9214,0.054
01/01/2017,GASOLINA COMUM,SUL,4561,R$/l,3.773,0.205,3.19,4.439,0.054,0.408,3.365,0.131,2.34,3.7218,0.039
01/01/2017,GLP,CENTRO OESTE,2831,R$/13kg,62.062,8.43,45,95,0.136,13.998,48.064,4.291,31,79.2,0.089
01/01/2017,GLP,NORDESTE,4547,R$/13kg,53.196,7.299,37.99,75,0.137,14.912,38.284,4.944,28.12,51,0.129
01/01/2017,GLP,NORTE,2377,R$/13kg,61.211,7.176,41,78,0.117,14.92,46.291,4.546,26.08,60,0.098
01/01/2017,GLP,SUDESTE,10153,R$/13kg,54.513,5.919,37.99,79.9,0.109,16.775,37.738,4.954,26,60.9,0.131
01/01/2017,GLP,SUL,4964,R$/13kg,57.17,6.332,35.9,75,0.111,17.32,39.85,5.764,21.6745,62,0.145
01/01/2017,GNV,CENTRO OESTE,17,R$/m3,2.39,0.146,2.299,2.699,0.061,0.685,1.705,0.013,1.6821,1.7127,0.008
01/01/2017,GNV,NORDESTE,359,R$/m3,2.314,0.23,1.79,2.84,0.099,0.677,1.637,0.283,1.2243,2.287,0.173
01/01/2017,GNV,NORTE,7,R$/m3,2.917,0.155,2.85,3.2,0.053,0.619,2.298,0.215,2.2964,2.69,0.094
01/01/2017,GNV,SUDESTE,724,R$/m3,2.092,0.203,1.729,2.899,0.097,0.633,1.459,0.176,1.1782,1.9878,0.121
01/01/2017,GNV,SUL,193,R$/m3,2.412,0.322,1.8,2.999,0.133,0.637,1.775,0.31,1.37,2.3457,0.175
02/01/2017,ÓLEO DIESEL,CENTRO OESTE,1150,R$/l,3.303,0.172,2.668,3.78,0.052,0.374,2.929,0.086,2.67,3.2937,0.029
02/01/2017,ÓLEO DIESEL,NORDESTE,2110,R$/l,3.089,0.131,2.749,3.749,0.042,0.371,2.718,0.113,2.47,3.0151,0.042
02/01/2017,ÓLEO DIESEL,NORTE,970,R$/l,3.361,0.237,2.8,4.22,0.071,0.532,2.829,0.178,2.53,3.4421,0.063
02/01/2017,ÓLEO DIESEL,SUDESTE,6093,R$/l,3.051,0.137,2.577,3.65,0.045,0.386,2.665,0.115,2.19,3.237,0.043
02/01/2017,ÓLEO DIESEL,SUL,2235,R$/l,2.977,0.146,2.55,3.599,0.049,0.399,2.578,0.098,2.3352,2.99,0.038
02/01/2017,ÓLEO DIESEL S10,CENTRO OESTE,1040,R$/l,3.437,0.162,3.079,3.98,0.047,0.408,3.029,0.095,2.83,3.5055,0.031
02/01/2017,ÓLEO DIESEL S10,NORDESTE,3141,R$/l,3.171,0.157,2.739,3.999,0.05,0.382,2.789,0.135,2.52,3.1664,0.048
02/01/2017,ÓLEO DIESEL S10,NORTE,968,R$/l,3.51,0.255,2.909,4.26,0.073,0.537,2.973,0.199,2.582,3.7029,0.067
02/01/2017,ÓLEO DIESEL S10,SUDESTE,7026,R$/l,3.207,0.15,2.739,3.896,0.047,0.406,2.801,0.123,2.39,3.2571,0.044
02/01/2017,ÓLEO DIESEL S10,SUL,2722,R$/l,3.114,0.154,2.69,3.699,0.049,0.42,2.694,0.105,2.374,3.0683,0.039
02/01/2017,ETANOL HIDRATADO,CENTRO OESTE,1617,R$/l,2.895,0.247,2.479,3.639,0.085,0.3,2.595,0.208,2.24,3.217,0.08
02/01/2017,ETANOL HIDRATADO,NORDESTE,3184,R$/l,3.123,0.202,2.589,3.84,0.065,0.375,2.748,0.167,2,3.4191,0.061
02/01/2017,ETANOL HIDRATADO,NORTE,616,R$/l,3.547,0.235,3.1,4.299,0.066,0.389,3.158,0.16,2.818,3.5749,0.051
02/01/2017,ETANOL HIDRATADO,SUDESTE,10036,R$/l,2.822,0.332,2.239,4.05,0.118,0.378,2.444,0.281,2,3.5575,0.115
02/01/2017,ETANOL HIDRATADO,SUL,2921,R$/l,3.053,0.419,2.45,4.489,0.137,0.352,2.701,0.375,2.2349,3.9282,0.139
02/01/2017,GASOLINA COMUM,CENTRO OESTE,1592,R$/l,3.747,0.17,3.319,4.3,0.045,0.38,3.367,0.116,3,3.6898,0.034
02/01/2017,GASOLINA COMUM,NORDESTE,3773,R$/l,3.725,0.235,3.139,4.399,0.063,0.453,3.272,0.149,3,3.725,0.046
02/01/2017,GASOLINA COMUM,NORTE,1212,R$/l,3.954,0.28,3.34,4.77,0.071,0.523,3.431,0.156,3.16,3.8743,0.045
02/01/2017,GASOLINA COMUM,SUDESTE,10167,R$/l,3.738,0.214,3.09,4.799,0.057,0.455,3.283,0.181,2.59,3.818,0.055
02/01/2017,GASOLINA COMUM,SUL,3660,R$/l,3.755,0.205,3.17,4.439,0.055,0.421,3.334,0.122,3.03,3.75,0.037
02/01/2017,GLP,CENTRO OESTE,2489,R$/13kg,61.921,8.027,45,95,0.13,13.894,48.027,3.525,31,79.2,0.073
02/01/2017,GLP,NORDESTE,3453,R$/13kg,52.865,7.031,36,75,0.133,15.032,37.833,4.696,28,51,0.124
02/01/2017,GLP,NORTE,1923,R$/13kg,61.29,7.038,41,78,0.115,15.118,46.172,4.66,26.08,60,0.101
02/01/2017,GLP,SUDESTE,8446,R$/13kg,54.564,6.155,38,75,0.113,16.851,37.713,4.89,25,60.9,0.13
02/01/2017,GLP,SUL,4135,R$/13kg,56.73,6.32,35.9,75,0.111,17.186,39.544,5.651,21.6745,62,0.143
02/01/2017,GNV,CENTRO OESTE,14,R$/m3,2.39,0.164,2.299,2.699,0.069,0.664,1.726,0.059,1.6871,1.8581,0.034
02/01/2017,GNV,NORDESTE,267,R$/m3,2.372,0.222,1.98,2.97,0.094,0.77,1.602,0.273,1.2243,2.29,0.17
02/01/2017,GNV,NORTE,2,R$/m3,2.85,0,2.85,2.85,0,0.561,2.289,0,2.2894,2.2894,0
02/01/2017,GNV,SUDESTE,547,R$/m3,2.19,0.226,1.749,3.05,0.103,0.673,1.517,0.208,1.1722,2.0936,0.137
02/01/2017,GNV,SUL,171,R$/m3,2.393,0.358,1.799,3.099,0.15,0.683,1.71,0.261,1.4266,2.3456,0.153
03/01/2017,ÓLEO DIESEL,CENTRO OESTE,1686,R$/l,3.276,0.178,2.868,3.76,0.054,0.406,2.87,0.105,2.59,3.1882,0.037
03/01/2017,ÓLEO DIESEL,NORDESTE,3218,R$/l,3.046,0.139,2.57,3.749,0.046,0.406,2.64,0.12,2.385,2.9569,0.045
03/01/2017,ÓLEO DIESEL,NORTE,1396,R$/l,3.29,0.268,2.53,4.22,0.081,0.565,2.725,0.169,2.41,3.2814,0.062
03/01/2017,ÓLEO DIESEL,SUDESTE,7792,R$/l,3.004,0.148,2.459,3.69,0.049,0.417,2.587,0.116,2.24,3.187,0.045
03/01/2017,ÓLEO DIESEL,SUL,2745,R$/l,2.92,0.15,2.55,3.599,0.051,0.448,2.472,0.098,2.233,2.9258,0.04
03/01/2017,ÓLEO DIESEL S10,CENTRO OESTE,1558,R$/l,3.404,0.171,2.98,3.89,0.05,0.439,2.965,0.112,2.66,3.275,0.038
03/01/2017,ÓLEO DIESEL S10,NORDESTE,4728,R$/l,3.129,0.164,2.589,3.999,0.052,0.41,2.719,0.154,2.4,3.06,0.057
03/01/2017,ÓLEO DIESEL S10,NORTE,1433,R$/l,3.442,0.282,2.799,4.26,0.082,0.575,2.867,0.195,2.45,3.7029,0.068
03/01/2017,ÓLEO DIESEL S10,SUDESTE,8889,R$/l,3.155,0.16,2.699,3.899,0.051,0.438,2.717,0.127,2.38,3.2571,0.047
03/01/2017,ÓLEO DIESEL S10,SUL,3432,R$/l,3.059,0.162,2.65,3.79,0.053,0.461,2.598,0.11,2.3,3.1899,0.042
03/01/2017,ETANOL HIDRATADO,CENTRO OESTE,2329,R$/l,2.822,0.254,2.31,3.66,0.09,0.32,2.502,0.244,2.1,3.227,0.098
03/01/2017,ETANOL HIDRATADO,NORDESTE,4813,R$/l,3.097,0.197,2.29,3.799,0.064,0.365,2.732,0.159,2.0762,3.3201,0.058
03/01/2017,ETANOL HIDRATADO,NORTE,881,R$/l,3.502,0.234,2.99,4.299,0.067,0.422,3.08,0.182,2.4825,3.586,0.059
03/01/2017,ETANOL HIDRATADO,SUDESTE,12608,R$/l,2.658,0.387,1.999,4.05,0.146,0.397,2.261,0.317,1.7847,3.5575,0.14
03/01/2017,ETANOL HIDRATADO,SUL,3528,R$/l,2.919,0.466,2.39,4.429,0.16,0.391,2.528,0.442,2.0172,4.1395,0.175
03/01/2017,GASOLINA COMUM,CENTRO OESTE,2306,R$/l,3.666,0.175,3.39,4.3,0.048,0.373,3.293,0.107,2.952,3.6898,0.032
03/01/2017,GASOLINA COMUM,NORDESTE,5670,R$/l,3.672,0.223,3.079,4.399,0.061,0.455,3.217,0.159,2.8681,3.684,0.049
03/01/2017,GASOLINA COMUM,NORTE,1752,R$/l,3.872,0.309,3.199,4.77,0.08,0.541,3.331,0.179,2.9926,3.8086,0.054
03/01/2017,GASOLINA COMUM,SUDESTE,12792,R$/l,3.668,0.235,3.099,4.999,0.064,0.486,3.182,0.194,2.59,3.778,0.061
03/01/2017,GASOLINA COMUM,SUL,4553,R$/l,3.691,0.227,3.19,4.43,0.062,0.457,3.234,0.135,2.95,3.69,0.042
03/01/2017,GLP,CENTRO OESTE,3054,R$/13kg,62.129,8.551,45,93,0.138,14.026,48.103,3.835,33,79.2,0.08
03/01/2017,GLP,NORDESTE,4998,R$/13kg,52.856,6.795,35,70,0.129,15.162,37.694,4.757,27.13,51,0.126
03/01/2017,GLP,NORTE,2681,R$/13kg,61.62,7.272,41,85,0.118,15.383,46.237,4.807,26.08,61,0.104
03/01/2017,GLP,SUDESTE,10625,R$/13kg,54.861,6.242,35,78.9,0.114,17.217,37.644,5.051,25,60.9,0.134
03/01/2017,GLP,SUL,4891,R$/13kg,56.84,6.413,38.9,75,0.113,17.696,39.144,5.741,21.6745,59,0.147
03/01/2017,GNV,CENTRO OESTE,19,R$/m3,2.391,0.161,2.299,2.699,0.067,0.699,1.692,0.045,1.5937,1.7136,0.027
03/01/2017,GNV,NORDESTE,364,R$/m3,2.384,0.223,1.98,2.97,0.094,0.72,1.664,0.247,1.22,2.1338,0.148
03/01/2017,GNV,NORTE,4,R$/m3,2.9,0.058,2.85,2.95,0.02,0.605,2.295,0.005,2.2894,2.3,0.002
03/01/2017,GNV,SUDESTE,777,R$/m3,2.222,0.216,1.789,3.05,0.097,0.632,1.59,0.149,1.2672,2.03,0.094
03/01/2017,GNV,SUL,197,R$/m3,2.371,0.371,1.849,3.099,0.156,0.686,1.685,0.276,1.4426,2.2988,0.164
04/01/2017,ÓLEO DIESEL,CENTRO OESTE,1343,R$/l,3.241,0.177,2.799,3.689,0.055,0.414,2.827,0.111,2.59,3.1107,0.039
04/01/2017,ÓLEO DIESEL,NORDESTE,2533,R$/l,3.001,0.136,2.59,3.649,0.045,0.431,2.57,0.106,2.3026,2.885,0.041
04/01/2017,ÓLEO DIESEL,NORTE,1117,R$/l,3.239,0.273,2.699,4.22,0.084,0.556,2.683,0.172,2.41,3.2214,0.064
04/01/2017,ÓLEO DIESEL,SUDESTE,6611,R$/l,2.975,0.151,2.499,3.699,0.051,0.423,2.552,0.106,2.2628,3.115,0.042
04/01/2017,ÓLEO DIESEL,SUL,2402,R$/l,2.887,0.15,2.48,3.459,0.052,0.443,2.444,0.094,2.2107,2.7584,0.038
04/01/2017,ÓLEO DIESEL S10,CENTRO OESTE,1256,R$/l,3.373,0.173,2.899,3.8,0.051,0.443,2.93,0.122,2.66,3.24,0.042
04/01/2017,ÓLEO DIESEL S10,NORDESTE,3817,R$/l,3.08,0.153,2.589,3.899,0.05,0.435,2.645,0.146,2.4,3.06,0.055
04/01/2017,ÓLEO DIESEL S10,NORTE,1144,R$/l,3.394,0.297,2.75,4.26,0.088,0.58,2.814,0.195,2.45,3.5892,0.069
04/01/2017,ÓLEO DIESEL S10,SUDESTE,7702,R$/l,3.125,0.161,2.69,3.879,0.052,0.442,2.683,0.118,2.38,3.1809,0.044
04/01/2017,ÓLEO DIESEL S10,SUL,2929,R$/l,3.027,0.161,2.59,3.698,0.053,0.49,2.537,0.101,2.3,2.8409,0.04
04/01/2017,ETANOL HIDRATADO,CENTRO OESTE,1873,R$/l,2.767,0.252,2.299,3.579,0.091,0.361,2.406,0.261,2,3.1509,0.108
04/01/2017,ETANOL HIDRATADO,NORDESTE,3800,R$/l,3.062,0.184,2.628,3.798,0.06,0.375,2.687,0.159,2.0762,3.2902,0.059
04/01/2017,ETANOL HIDRATADO,NORTE,671,R$/l,3.439,0.237,2.99,4.09,0.069,0.423,3.016,0.183,2.497,3.5816,0.061
04/01/2017,ETANOL HIDRATADO,SUDESTE,10885,R$/l,2.536,0.382,1.899,3.999,0.151,0.383,2.153,0.291,1.74,3.4275,0.135
04/01/2017,ETANOL HIDRATADO,SUL,3061,R$/l,2.817,0.455,2.37,4.299,0.162,0.41,2.407,0.419,1.9464,3.9471,0.174
04/01/2017,GASOLINA COMUM,CENTRO OESTE,1850,R$/l,3.639,0.165,3.299,4.3,0.045,0.406,3.233,0.092,2.95,3.4448,0.028
04/01/2017,GASOLINA COMUM,NORDESTE,4532,R$/l,3.632,0.182,2.999,4.298,0.05,0.455,3.177,0.144,2.788,3.582,0.045
04/01/2017,GASOLINA COMUM,NORTE,1393,R$/l,3.892,0.274,3.409,4.7,0.07,0.603,3.289,0.178,2.91,3.8575,0.054
04/01/2017,GASOLINA COMUM,SUDESTE,11019,R$/l,3.604,0.246,2.99,4.999,0.068,0.468,3.136,0.208,2.59,3.8239,0.066
04/01/2017,GASOLINA COMUM,SUL,3919,R$/l,3.616,0.234,3.14,4.43,0.065,0.438,3.178,0.129,2.79,3.685,0.041
04/01/2017,GLP,CENTRO OESTE,2571,R$/13kg,62.98,8.803,45,93,0.14,14.227,48.753,4.162,33,79.2,0.085
04/01/2017,GLP,NORDESTE,4015,R$/13kg,54.958,7.023,35,75,0.128,15.887,39.071,4.865,28,54,0.125
04/01/2017,GLP,NORTE,2148,R$/13kg,63.587,7.74,45,85,0.122,16.478,47.109,5.434,26.08,65,0.115
04/01/2017,GLP,SUDESTE,8996,R$/13kg,56.313,6.485,39,79,0.115,17.673,38.64,5.134,27.9,60.9,0.133
04/01/2017,GLP,SUL,4309,R$/13kg,57.635,6.711,39.99,80,0.116,18.157,39.478,5.793,23.7685,59,0.147
04/01/2017,GNV,CENTRO OESTE,12,R$/m3,2.399,0.166,2.299,2.699,0.069,0.672,1.727,0.098,1.7049,1.93,0.057
04/01/2017,GNV,NORDESTE,291,R$/m3,2.379,0.205,1.99,2.97,0.086,0.664,1.715,0.267,1.26,2.1338,0.156
04/01/2017,GNV,NORTE,3,R$/m3,2.917,0.058,2.85,2.95,0.02,0.62,2.297,0,2.2965,2.2965,0
04/01/2017,GNV,SUDESTE,634,R$/m3,2.22,0.217,1.789,2.999,0.098,0.604,1.616,0.154,1.3092,2.1116,0.095
04/01/2017,GNV,SUL,189,R$/m3,2.359,0.368,1.79,3.099,0.156,0.677,1.682,0.282,1.252,2.2988,0.168
05/01/2017,ÓLEO DIESEL,CENTRO OESTE,1578,R$/l,3.234,0.185,2.849,3.69,0.057,0.405,2.829,0.103,2.58,3.18,0.036
05/01/2017,ÓLEO DIESEL,NORDESTE,3143,R$/l,3.01,0.132,2.59,3.649,0.044,0.39,2.62,0.1,2.3026,2.9219,0.038
05/01/2017,ÓLEO DIESEL,NORTE,1317,R$/l,3.226,0.278,2.699,4.22,0.086,0.536,2.69,0.165,2.42,3.23,0.061
05/01/2017,ÓLEO DIESEL,SUDESTE,8012,R$/l,2.98,0.146,2.599,3.699,0.049,0.386,2.594,0.108,2.29,3.201,0.042
05/01/2017,ÓLEO DIESEL,SUL,2899,R$/l,2.879,0.157,2.48,3.442,0.055,0.434,2.445,0.099,2.22,2.8114,0.04
05/01/2017,ÓLEO DIESEL S10,CENTRO OESTE,1478,R$/l,3.359,0.18,2.949,3.8,0.054,0.432,2.927,0.107,2.66,3.17,0.037
05/01/2017,ÓLEO DIESEL S10,NORDESTE,4774,R$/l,3.083,0.155,2.699,3.899,0.05,0.394,2.689,0.138,2.4,3.0186,0.051
05/01/2017,ÓLEO DIESEL S10,NORTE,1363,R$/l,3.374,0.306,2.74,4.26,0.091,0.549,2.825,0.193,2.45,3.6658,0.068
05/01/2017,ÓLEO DIESEL S10,SUDESTE,9440,R$/l,3.131,0.158,2.69,3.879,0.05,0.411,2.72,0.122,2.29,3.2557,0.045
05/01/2017,ÓLEO DIESEL S10,SUL,3666,R$/l,3.014,0.167,2.59,3.599,0.055,0.464,2.55,0.113,2.29,3.0658,0.044
05/01/2017,ETANOL HIDRATADO,CENTRO OESTE,2180,R$/l,2.709,0.267,2.155,3.599,0.099,0.35,2.359,0.207,1.92,3.056,0.088
05/01/2017,ETANOL HIDRATADO,NORDESTE,4740,R$/l,3.047,0.195,2.53,3.798,0.064,0.377,2.67,0.169,2.242,3.2403,0.063
05/01/2017,ETANOL HIDRATADO,NORTE,806,R$/l,3.382,0.26,2.95,4.09,0.077,0.463,2.919,0.203,2.37,3.5816,0.07
05/01/2017,ETANOL HIDRATADO,SUDESTE,13280,R$/l,2.477,0.382,1.87,3.999,0.154,0.374,2.103,0.285,1.687,3.3868,0.136
05/01/2017,ETANOL HIDRATADO,SUL,3688,R$/l,2.766,0.445,2.25,4.238,0.161,0.404,2.362,0.396,1.8844,3.8357,0.168
05/01/2017,GASOLINA COMUM,CENTRO OESTE,2153,R$/l,3.623,0.172,3.329,4.15,0.047,0.408,3.215,0.095,2.94,3.4448,0.03
05/01/2017,GASOLINA COMUM,NORDESTE,5595,R$/l,3.669,0.184,2.999,4.279,0.05,0.483,3.186,0.157,2.87,3.7975,0.049
05/01/2017,GASOLINA COMUM,NORTE,1667,R$/l,3.779,0.33,3.15,4.7,0.087,0.515,3.264,0.184,2.8618,3.8564,0.056
05/01/2017,GASOLINA COMUM,SUDESTE,13431,R$/l,3.58,0.258,2.96,4.999,0.072,0.444,3.136,0.219,2.59,3.747,0.07
05/01/2017,GASOLINA COMUM,SUL,4764,R$/l,3.591,0.238,3.015,4.38,0.066,0.428,3.163,0.135,2.885,3.58,0.043
05/01/2017,GLP,CENTRO OESTE,3213,R$/13kg,63.146,8.925,45,105,0.141,13.747,49.399,4.078,33,79.2,0.083
05/01/2017,GLP,NORDESTE,4955,R$/13kg,54.66,7.159,38,75,0.131,15.426,39.234,4.987,27.5,89.9,0.127
05/01/2017,GLP,NORTE,2493,R$/13kg,63.706,7.792,45,85,0.122,15.801,47.905,5.358,26.08,65,0.112
05/01/2017,GLP,SUDESTE,10669,R$/13kg,56.299,6.437,39,79,0.114,17.598,38.701,5.128,27.9,61,0.133
05/01/2017,GLP,SUL,5312,R$/13kg,58.201,6.73,39.99,80,0.116,17.593,40.608,5.643,23.7685,59,0.139
05/01/2017,GNV,CENTRO OESTE,21,R$/m3,2.385,0.142,2.299,2.699,0.06,0.675,1.71,0.008,1.6936,1.7168,0.005
05/01/2017,GNV,NORDESTE,339,R$/m3,2.397,0.212,1.98,3.039,0.088,0.77,1.627,0.262,1.24,2.2128,0.161
05/01/2017,GNV,NORTE,3,R$/m3,2.85,0,2.85,2.85,0,0.661,2.189,0.114,2.07,2.2965,0.052
05/01/2017,GNV,SUDESTE,783,R$/m3,2.248,0.219,1.789,3.099,0.097,0.624,1.624,0.166,1.3157,2.1239,0.102
05/01/2017,GNV,SUL,207,R$/m3,2.348,0.389,1.799,3.099,0.166,0.736,1.612,0.296,1.3229,2.3138,0.184
06/01/2017,ÓLEO DIESEL,CENTRO OESTE,1425,R$/l,3.197,0.188,2.78,3.729,0.059,0.413,2.784,0.114,2.433,3.0778,0.041
06/01/2017,ÓLEO DIESEL,NORDESTE,2542,R$/l,2.978,0.134,2.59,3.649,0.045,0.412,2.566,0.102,2.3251,2.8863,0.04
06/01/2017,ÓLEO DIESEL,NORTE,1132,R$/l,3.167,0.295,2.559,4.22,0.093,0.54,2.627,0.183,2.3,3.189,0.07
06/01/2017,ÓLEO DIESEL,SUDESTE,6775,R$/l,2.958,0.155,2.459,3.699,0.052,0.421,2.537,0.12,2.155,3.21,0.047
06/01/2017,ÓLEO DIESEL,SUL,2392,R$/l,2.833,0.163,2.46,3.39,0.058,0.462,2.371,0.123,2.1097,2.8114,0.052
06/01/2017,ÓLEO DIESEL S10,CENTRO OESTE,1392,R$/l,3.328,0.182,2.94,3.879,0.055,0.425,2.903,0.13,2.53,3.24,0.045
06/01/2017,ÓLEO DIESEL S10,NORDESTE,3911,R$/l,3.056,0.155,2.689,3.899,0.051,0.41,2.646,0.142,2.332,3.0186,0.054
06/01/2017,ÓLEO DIESEL S10,NORTE,1175,R$/l,3.328,0.316,2.6,4.26,0.095,0.579,2.749,0.225,2.37,3.6658,0.082
06/01/2017,ÓLEO DIESEL S10,SUDESTE,7999,R$/l,3.103,0.165,2.649,3.899,0.053,0.438,2.665,0.13,2.253,3.2906,0.049
06/01/2017,ÓLEO DIESEL S10,SUL,3165,R$/l,2.969,0.171,2.52,3.599,0.058,0.477,2.492,0.128,2.181,3.0651,0.051
06/01/2017,ETANOL HIDRATADO,CENTRO OESTE,2034,R$/l,2.607,0.332,1.936,3.499,0.127,0.32,2.287,0.27,1.65,3.056,0.118
06/01/2017,ETANOL HIDRATADO,NORDESTE,3860,R$/l,2.991,0.222,2.45,3.749,0.074,0.395,2.596,0.188,2.1519,3.2403,0.072
06/01/2017,ETANOL HIDRATADO,NORTE,699,R$/l,3.33,0.276,2.79,4.09,0.083,0.472,2.858,0.198,2.37,3.5816,0.069
06/01/2017,ETANOL HIDRATADO,SUDESTE,11191,R$/l,2.37,0.396,1.79,3.899,0.167,0.366,2.004,0.302,1.6598,3.3965,0.151
06/01/2017,ETANOL HIDRATADO,SUL,3121,R$/l,2.683,0.451,2.18,4.157,0.168,0.405,2.278,0.376,1.84,3.5766,0.165
06/01/2017,GASOLINA COMUM,CENTRO OESTE,2014,R$/l,3.577,0.187,3.189,4.1,0.052,0.427,3.15,0.112,2.8701,3.57,0.036
06/01/2017,GASOLINA COMUM,NORDESTE,4543,R$/l,3.595,0.216,2.999,4.279,0.06,0.471,3.124,0.167,2.8039,3.7691,0.053
06/01/2017,GASOLINA COMUM,NORTE,1424,R$/l,3.707,0.338,2.99,4.7,0.091,0.543,3.164,0.199,2.7681,3.7831,0.063
06/01/2017,GASOLINA COMUM,SUDESTE,11334,R$/l,3.506,0.276,2.88,4.799,0.079,0.452,3.054,0.232,2.59,3.7921,0.076
06/01/2017,GASOLINA COMUM,SUL,4060,R$/l,3.53,0.242,2.899,4.37,0.069,0.442,3.088,0.143,2.77,3.57,0.046
06/01/2017,GLP,CENTRO OESTE,2579,R$/13kg,63.22,9.296,45,105,0.147,12.817,50.403,3.759,33.69,70,0.075
06/01/2017,GLP,NORDESTE,4070,R$/13kg,54.613,7.332,40,75,0.134,15.471,39.142,4.738,27.5,54,0.121
06/01/2017,GLP,NORTE,2334,R$/13kg,63.66,7.749,45,83,0.122,15.313,48.347,5.383,26.08,65,0.111
06/01/2017,GLP,SUDESTE,9585,R$/13kg,56.591,6.312,39.99,79.9,0.112,17.43,39.161,5.054,27.85,61,0.129
06/01/2017,GLP,SUL,4386,R$/13kg,58.529,6.453,39.99,80,0.11,17.787,40.742,5.71,23.76,59,0.14
06/01/2017,GNV,CENTRO OESTE,17,R$/m3,2.389,0.171,2.299,2.699,0.072,0.681,1.708,0.01,1.6936,1.7168,0.006
06/01/2017,GNV,NORDESTE,271,R$/m3,2.434,0.217,1.99,2.989,0.089,0.771,1.663,0.256,1.31,2.2128,0.154
06/01/2017,GNV,NORTE,2,R$/m3,2.95,0,2.95,2.95,0,0.652,2.298,0.002,2.2965,2.3,0.001
06/01/2017,GNV,SUDESTE,639,R$/m3,2.261,0.216,1.829,3.099,0.096,0.599,1.662,0.159,1.3185,1.959,0.096
06/01/2017,GNV,SUL,194,R$/m3,2.344,0.397,1.78,3.099,0.169,0.816,1.528,0.182,1.3229,1.8841,0.119
07/01/2017,ÓLEO DIESEL,CENTRO OESTE,1333,R$/l,3.171,0.191,2.729,3.72,0.06,0.444,2.727,0.131,2.45,3.062,0.048
07/01/2017,ÓLEO DIESEL,NORDESTE,2550,R$/l,2.96,0.157,2.49,3.69,0.053,0.445,2.515,0.12,2.29,2.895,0.048
07/01/2017,ÓLEO DIESEL,NORTE,1106,R$/l,3.135,0.317,2.499,4.27,0.101,0.586,2.549,0.191,2.26,3.1335,0.075
07/01/2017,ÓLEO DIESEL,SUDESTE,6762,R$/l,2.956,0.176,2.4,3.809,0.06,0.47,2.486,0.137,2.1066,3.195,0.055
07/01/2017,ÓLEO DIESEL,SUL,2472,R$/l,2.794,0.176,2.39,3.41,0.063,0.495,2.299,0.123,2.04,2.9993,0.054
07/01/2017,ÓLEO DIESEL S10,CENTRO OESTE,1287,R$/l,3.299,0.193,2.85,3.879,0.059,0.466,2.833,0.156,2.51,3.2037,0.055
07/01/2017,ÓLEO DIESEL S10,NORDESTE,4000,R$/l,3.042,0.168,2.59,3.899,0.055,0.457,2.585,0.156,2.27,3.103,0.06
07/01/2017,ÓLEO DIESEL S10,NORTE,1163,R$/l,3.291,0.328,2.5,4.29,0.1,0.604,2.687,0.215,2.26,3.6244,0.08
07/01/2017,ÓLEO DIESEL S10,SUDESTE,8232,R$/l,3.094,0.186,2.629,3.909,0.06,0.477,2.617,0.151,2.242,3.5697,0.058
07/01/2017,ÓLEO DIESEL S10,SUL,3131,R$/l,2.932,0.183,2.449,3.819,0.062,0.515,2.417,0.136,2.15,2.9288,0.056
07/01/2017,ETANOL HIDRATADO,CENTRO OESTE,1867,R$/l,2.558,0.325,1.836,3.499,0.127,0.348,2.21,0.273,1.66,3.2845,0.124
07/01/2017,ETANOL HIDRATADO,NORDESTE,3954,R$/l,3,0.207,2.42,3.729,0.069,0.438,2.562,0.187,1.8742,3.1667,0.073
07/01/2017,ETANOL HIDRATADO,NORTE,678,R$/l,3.295,0.284,2.69,4.09,0.086,0.458,2.837,0.213,2.35,3.5816,0.075
07/01/2017,ETANOL HIDRATADO,SUDESTE,11378,R$/l,2.344,0.395,1.699,3.999,0.169,0.382,1.962,0.307,1.5815,3.4275,0.156
07/01/2017,ETANOL HIDRATADO,SUL,3076,R$/l,2.668,0.426,2.15,4.157,0.16,0.427,2.241,0.355,1.7795,3.7117,0.158
07/01/2017,GASOLINA COMUM,CENTRO OESTE,1851,R$/l,3.523,0.232,2.979,4.4,0.066,0.432,3.091,0.153,2.75,3.4469,0.049
07/01/2017,GASOLINA COMUM,NORDESTE,4642,R$/l,3.602,0.264,2.98,4.7,0.073,0.519,3.083,0.186,2.6022,3.71,0.06
07/01/2017,GASOLINA COMUM,NORTE,1385,R$/l,3.698,0.362,2.98,4.95,0.098,0.597,3.101,0.193,2.7,3.75,0.062
07/01/2017,GASOLINA COMUM,SUDESTE,11474,R$/l,3.526,0.313,2.799,4.699,0.089,0.508,3.018,0.259,2.5383,3.8553,0.086
07/01/2017,GASOLINA COMUM,SUL,4025,R$/l,3.529,0.274,2.89,4.58,0.078,0.489,3.04,0.161,2.69,3.6593,0.053
07/01/2017,GLP,CENTRO OESTE,2705,R$/13kg,63.716,10.382,47,105,0.163,13.733,49.983,3.884,33.69,75,0.078
07/01/2017,GLP,NORDESTE,4069,R$/13kg,54.561,6.941,40,78,0.127,15.005,39.556,4.62,28,54,0.117
07/01/2017,GLP,NORTE,2169,R$/13kg,63.481,7.221,47,83,0.114,15.187,48.294,4.967,36,65,0.103
07/01/2017,GLP,SUDESTE,9371,R$/13kg,56.841,6.317,39.99,79.9,0.111,17.586,39.255,5.126,27.85,62.4,0.131
07/01/2017,GLP,SUL,4519,R$/13kg,58.628,6.626,39.99,77,0.113,17.865,40.763,5.5,24,59,0.135
07/01/2017,GNV,CENTRO OESTE,16,R$/m3,2.389,0.166,2.299,2.699,0.069,0.677,1.712,0.01,1.6936,1.7226,0.006
07/01/2017,GNV,NORDESTE,259,R$/m3,2.439,0.216,1.78,2.99,0.089,0.764,1.675,0.227,1.2451,2.1282,0.136
07/01/2017,GNV,NORTE,5,R$/m3,2.826,0.033,2.79,2.85,0.012,0.597,2.229,0.123,2.07,2.35,0.055
07/01/2017,GNV,SUDESTE,650,R$/m3,2.273,0.225,1.849,3.099,0.099,0.577,1.696,0.176,1.327,2.2313,0.104
07/01/2017,GNV,SUL,205,R$/m3,2.352,0.396,1.7,3.099,0.168,0.43,1.922,0.309,1.391,2.6317,0.161
08/01/2017,ÓLEO DIESEL,CENTRO OESTE,1004,R$/l,3.32,0.175,2.857,3.799,0.053,0.396,2.924,0.117,2.4432,3.198,0.04
08/01/2017,ÓLEO DIESEL,NORDESTE,1511,R$/l,3.092,0.15,2.69,3.87,0.049,0.434,2.658,0.132,2.2036,3.2473,0.05
08/01/2017,ÓLEO DIESEL,NORTE,823,R$/l,3.273,0.302,2.699,4.37,0.092,0.541,2.732,0.212,2.34,3.44,0.078
08/01/2017,ÓLEO DIESEL,SUDESTE,3692,R$/l,3.082,0.156,2.699,3.77,0.051,0.374,2.708,0.147,2.09,3.2217,0.054
08/01/2017,ÓLEO DIESEL,SUL,1393,R$/l,2.932,0.153,2.45,3.49,0.052,0.391,2.541,0.122,2.1663,2.9993,0.048
08/01/2017,ÓLEO DIESEL S10,CENTRO OESTE,1082,R$/l,3.444,0.171,3.029,3.899,0.05,0.425,3.019,0.135,2.56,3.427,0.045
08/01/2017,ÓLEO DIESEL S10,NORDESTE,2728,R$/l,3.162,0.156,2.64,3.999,0.049,0.405,2.757,0.144,2.32,3.2863,0.052
08/01/2017,ÓLEO DIESEL S10,NORTE,894,R$/l,3.423,0.308,2.779,4.39,0.09,0.526,2.897,0.2,2.29,3.6055,0.069
08/01/2017,ÓLEO DIESEL S10,SUDESTE,4803,R$/l,3.234,0.167,2.749,4.229,0.052,0.407,2.827,0.156,2.19,3.6057,0.055
08/01/2017,ÓLEO DIESEL S10,SUL,1959,R$/l,3.067,0.164,2.589,3.69,0.053,0.427,2.64,0.143,2.236,3.1143,0.054
08/01/2017,ETANOL HIDRATADO,CENTRO OESTE,1512,R$/l,2.709,0.284,1.889,3.499,0.105,0.404,2.305,0.219,1.764,2.783,0.095
08/01/2017,ETANOL HIDRATADO,NORDESTE,2708,R$/l,3.071,0.203,2.44,4.099,0.066,0.41,2.661,0.187,2.11,3.296,0.07
08/01/2017,ETANOL HIDRATADO,NORTE,558,R$/l,3.327,0.277,2.8,4.1,0.083,0.448,2.879,0.19,2.4975,3.747,0.066
08/01/2017,ETANOL HIDRATADO,SUDESTE,6547,R$/l,2.506,0.353,1.97,4.199,0.141,0.372,2.134,0.293,1.63,3.6524,0.137
08/01/2017,ETANOL HIDRATADO,SUL,1895,R$/l,2.814,0.406,2.379,4.444,0.144,0.406,2.408,0.307,1.8174,3.5766,0.127
08/01/2017,GASOLINA COMUM,CENTRO OESTE,1508,R$/l,3.796,0.194,3.059,4.4,0.051,0.423,3.373,0.15,2.835,3.7841,0.044
08/01/2017,GASOLINA COMUM,NORDESTE,3176,R$/l,3.807,0.224,3.16,4.599,0.059,0.476,3.331,0.149,2.72,3.9754,0.045
08/01/2017,GASOLINA COMUM,NORTE,1061,R$/l,3.916,0.337,3.299,5.1,0.086,0.523,3.393,0.2,2.8,4.029,0.059
08/01/2017,GASOLINA COMUM,SUDESTE,6600,R$/l,3.743,0.282,2.999,4.699,0.075,0.439,3.304,0.258,2.54,4.0339,0.078
08/01/2017,GASOLINA COMUM,SUL,2493,R$/l,3.795,0.216,3.099,4.49,0.057,0.439,3.356,0.148,2.8,3.7959,0.044
08/01/2017,GLP,CENTRO OESTE,1467,R$/13kg,63.932,9.587,50,105,0.15,13.921,50.011,3.864,33.69,84,0.077
08/01/2017,GLP,NORDESTE,2404,R$/13kg,54.684,7.096,40,75,0.13,15.611,39.073,4.716,23.55,53.17,0.121
08/01/2017,GLP,NORTE,1531,R$/13kg,62.926,7.426,45,95,0.118,15.055,47.871,5.603,26.08,65,0.117
08/01/2017,GLP,SUDESTE,4496,R$/13kg,56.975,6.373,39.99,79.9,0.112,17.43,39.545,4.847,28.52,62.4,0.123
08/01/2017,GLP,SUL,2140,R$/13kg,58.638,6.38,40,78,0.109,18.31,40.328,5.118,30.64,58,0.127
08/01/2017,GNV,CENTRO OESTE,16,R$/m3,2.399,0.161,2.329,2.699,0.067,0.692,1.707,0.009,1.6936,1.7127,0.005
08/01/2017,GNV,NORDESTE,209,R$/m3,2.503,0.231,2.15,3.15,0.092,0.723,1.78,0.228,1.395,2.2476,0.128
08/01/2017,GNV,NORTE,3,R$/m3,2.83,0.035,2.79,2.85,0.012,0.631,2.199,0.078,2.109,2.244,0.035
08/01/2017,GNV,SUDESTE,485,R$/m3,2.285,0.212,1.869,2.999,0.093,0.566,1.719,0.154,1.3534,1.9756,0.09
08/01/2017,GNV,SUL,128,R$/m3,2.345,0.384,1.78,2.999,0.164,0.626,1.719,0.209,1.4947,2.0047,0.122
09/01/2017,ÓLEO DIESEL,CENTRO OESTE,780,R$/l,3.401,0.192,2.899,3.98,0.056,0.4,3.001,0.133,2.6498,3.5201,0.044
09/01/2017,ÓLEO DIESEL,NORDESTE,1245,R$/l,3.138,0.144,2.69,4.04,0.046,0.39,2.748,0.123,2.4649,3.1496,0.045
09/01/2017,ÓLEO DIESEL,NORTE,656,R$/l,3.344,0.277,2.85,4.47,0.083,0.496,2.848,0.2,2.4881,3.5158,0.07
09/01/2017,ÓLEO DIESEL,SUDESTE,3185,R$/l,3.151,0.159,2.699,3.999,0.05,0.359,2.792,0.134,2.29,3.4328,0.048
09/01/2017,ÓLEO DIESEL,SUL,1175,R$/l,3.042,0.157,2.64,4.29,0.052,0.392,2.65,0.124,2.208,2.9219,0.047
09/01/2017,ÓLEO DIESEL S10,CENTRO OESTE,867,R$/l,3.523,0.184,3.059,4,0.052,0.442,3.081,0.123,2.7698,3.4612,0.04
09/01/2017,ÓLEO DIESEL S10,NORDESTE,2269,R$/l,3.224,0.164,2.739,4.099,0.051,0.372,2.852,0.132,2.5,3.2896,0.046
09/01/2017,ÓLEO DIESEL S10,NORTE,731,R$/l,3.482,0.299,2.899,4.499,0.086,0.47,3.012,0.199,2.51,3.7367,0.066
09/01/2017,ÓLEO DIESEL S10,SUDESTE,4161,R$/l,3.301,0.169,2.749,4.099,0.051,0.39,2.911,0.147,2.38,3.5344,0.05
09/01/2017,ÓLEO DIESEL S10,SUL,1638,R$/l,3.161,0.163,2.74,4.4,0.052,0.398,2.763,0.13,2.3677,3.1482,0.047
09/01/2017,ETANOL HIDRATADO,CENTRO OESTE,1217,R$/l,2.664,0.312,2.139,3.499,0.117,0.36,2.304,0.239,1.95,2.9356,0.104
09/01/2017,ETANOL HIDRATADO,NORDESTE,2264,R$/l,3.098,0.192,2.6,4.099,0.062,0.401,2.697,0.179,2.11,3.296,0.066
09/01/2017,ETANOL HIDRATADO,NORTE,437,R$/l,3.367,0.239,2.89,4.1,0.071,0.466,2.901,0.211,2.3387,3.7627,0.073
09/01/2017,ETANOL HIDRATADO,SUDESTE,5678,R$/l,2.538,0.335,1.939,3.999,0.132,0.358,2.18,0.281,1.63,3.4067,0.129
09/01/2017,ETANOL HIDRATADO,SUL,1591,R$/l,2.833,0.405,2.39,4.25,0.143,0.374,2.459,0.313,2.1354,3.6214,0.127
09/01/2017,GASOLINA COMUM,CENTRO OESTE,1220,R$/l,3.978,0.187,3.199,4.45,0.047,0.491,3.487,0.138,3.0963,3.72,0.04
09/01/2017,GASOLINA COMUM,NORDESTE,2621,R$/l,3.9,0.192,3.279,4.679,0.049,0.518,3.382,0.124,3,3.7544,0.037
09/01/2017,GASOLINA COMUM,NORTE,862,R$/l,4.072,0.307,3.58,5.2,0.075,0.584,3.488,0.178,2.8,4.0249,0.051
09/01/2017,GASOLINA COMUM,SUDESTE,5728,R$/l,3.821,0.267,3.099,4.642,0.07,0.421,3.4,0.225,2.8545,4.006,0.066
09/01/2017,GASOLINA COMUM,SUL,2077,R$/l,3.895,0.215,3.239,4.804,0.055,0.428,3.467,0.141,3.0468,3.8613,0.041
09/01/2017,GLP,CENTRO OESTE,1274,R$/13kg,64.746,11.254,50,110,0.174,14.394,50.352,4.569,33.54,75,0.091
09/01/2017,GLP,NORDESTE,1958,R$/13kg,56.898,7.319,40,85,0.129,16.801,40.097,4.921,28,55,0.123
09/01/2017,GLP,NORTE,1236,R$/13kg,64.811,7.5,47,95,0.116,15.921,48.89,6.344,31.2,69,0.13
09/01/2017,GLP,SUDESTE,3922,R$/13kg,59.102,6.93,39.99,85.8,0.117,18.481,40.621,4.987,28.52,66,0.123
09/01/2017,GLP,SUL,1880,R$/13kg,59.476,6.757,40,85,0.114,18.564,40.912,5.704,25,58,0.139
09/01/2017,GNV,CENTRO OESTE,11,R$/m3,2.408,0.158,2.359,2.699,0.066,0.706,1.702,0.012,1.6873,1.7169,0.007
09/01/2017,GNV,NORDESTE,194,R$/m3,2.517,0.243,2.09,2.99,0.097,0.745,1.772,0.215,1.401,2.31,0.121
09/01/2017,GNV,NORTE,2,R$/m3,2.85,0,2.85,2.85,0,0.527,2.323,0.038,2.2965,2.35,0.016
09/01/2017,GNV,SUDESTE,391,R$/m3,2.293,0.214,1.949,2.999,0.093,0.566,1.727,0.16,1.3303,1.9914,0.093
09/01/2017,GNV,SUL,105,R$/m3,2.34,0.387,1.78,3.099,0.165,0.541,1.799,0.185,1.4947,2.009,0.103
10/01/2017,ÓLEO DIESEL,CENTRO OESTE,953,R$/l,3.45,0.195,3.089,3.98,0.057,0.409,3.041,0.129,2.8065,3.5201,0.042
10/01/2017,ÓLEO DIESEL,NORDESTE,1470,R$/l,3.167,0.134,2.8,3.949,0.042,0.34,2.827,0.093,2.44,3.2103,0.033
10/01/2017,ÓLEO DIESEL,NORTE,783,R$/l,3.387,0.263,2.91,4.47,0.078,0.449,2.938,0.196,2.6264,3.56,0.067
10/01/2017,ÓLEO DIESEL,SUDESTE,3941,R$/l,3.214,0.145,2.799,3.999,0.045,0.339,2.875,0.114,2.34,3.4328,0.04
10/01/2017,ÓLEO DIESEL,SUL,1439,R$/l,3.084,0.151,2.699,4.368,0.049,0.354,2.73,0.085,2.4095,2.992,0.031
10/01/2017,ÓLEO DIESEL S10,CENTRO OESTE,1105,R$/l,3.56,0.187,3.19,4,0.053,0.411,3.149,0.126,2.9265,3.5,0.04
10/01/2017,ÓLEO DIESEL S10,NORDESTE,2768,R$/l,3.241,0.156,2.799,4.199,0.048,0.344,2.897,0.099,2.548,3.3082,0.034
10/01/2017,ÓLEO DIESEL S10,NORTE,879,R$/l,3.534,0.298,2.899,4.499,0.084,0.438,3.096,0.198,2.69,3.912,0.064
10/01/2017,ÓLEO DIESEL S10,SUDESTE,5125,R$/l,3.354,0.162,2.749,4.099,0.048,0.352,3.002,0.123,2.49,3.5344,0.041
10/01/2017,ÓLEO DIESEL S10,SUL,2037,R$/l,3.207,0.156,2.86,4.478,0.049,0.37,2.837,0.109,2.4444,3.3287,0.038
10/01/2017,ETANOL HIDRATADO,CENTRO OESTE,1515,R$/l,2.759,0.287,2.211,3.496,0.104,0.41,2.349,0.233,1.94,2.9543,0.099
10/01/2017,ETANOL HIDRATADO,NORDESTE,2747,R$/l,3.099,0.195,2.59,4.299,0.063,0.399,2.7,0.168,1.8409,3.296,0.062
10/01/2017,ETANOL HIDRATADO,NORTE,523,R$/l,3.413,0.194,2.89,4.1,0.057,0.464,2.949,0.167,2.5193,3.8184,0.057
10/01/2017,ETANOL HIDRATADO,SUDESTE,6966,R$/l,2.571,0.322,1.999,3.799,0.125,0.343,2.228,0.265,1.683,3.3851,0.119
10/01/2017,ETANOL HIDRATADO,SUL,1974,R$/l,2.846,0.403,2.39,4.25,0.142,0.351,2.495,0.33,2.08,3.7048,0.132
10/01/2017,GASOLINA COMUM,CENTRO OESTE,1530,R$/l,3.999,0.201,3.499,4.45,0.05,0.473,3.526,0.166,3.042,3.7999,0.047
10/01/2017,GASOLINA COMUM,NORDESTE,3180,R$/l,3.865,0.196,3.299,4.749,0.051,0.461,3.404,0.121,3.0724,3.9139,0.036
10/01/2017,GASOLINA COMUM,NORTE,1027,R$/l,4.056,0.322,3.569,5.2,0.079,0.541,3.515,0.176,3.13,4.15,0.05
10/01/2017,GASOLINA COMUM,SUDESTE,7051,R$/l,3.863,0.262,3.199,4.959,0.068,0.417,3.446,0.226,2.79,4.0847,0.066
10/01/2017,GASOLINA COMUM,SUL,2582,R$/l,3.891,0.218,3.299,4.599,0.056,0.408,3.483,0.139,3.099,3.9569,0.04
10/01/2017,GLP,CENTRO OESTE,1585,R$/13kg,69.988,12.012,50,115,0.172,16.508,53.48,5.048,33.54,78,0.094
10/01/2017,GLP,NORDESTE,2420,R$/13kg,60.58,8.157,40,85,0.135,18.14,42.44,5.437,23.55,68,0.128
10/01/2017,GLP,NORTE,1497,R$/13kg,68.867,7.473,55,100,0.109,16.222,52.645,6.268,26.08,72.57,0.119
10/01/2017,GLP,SUDESTE,4563,R$/13kg,62.668,7.173,42,85,0.114,19.503,43.165,5.701,26,69.1,0.132
10/01/2017,GLP,SUL,2300,R$/13kg,62.995,7.186,45,85,0.114,19.847,43.148,6.256,31.02,60.06,0.145
10/01/2017,GNV,CENTRO OESTE,16,R$/m3,2.411,0.158,2.37,2.699,0.066,0.7,1.711,0.009,1.6936,1.7169,0.005
10/01/2017,GNV,NORDESTE,230,R$/m3,2.536,0.217,2.199,2.99,0.086,0.681,1.855,0.202,1.458,2.2587,0.109
10/01/2017,GNV,NORTE,5,R$/m3,2.826,0.033,2.79,2.85,0.012,0.557,2.269,0.047,2.2153,2.2965,0.021
10/01/2017,GNV,SUDESTE,483,R$/m3,2.3,0.24,1.869,2.999,0.104,0.591,1.709,0.168,1.414,2.2489,0.098
10/01/2017,GNV,SUL,121,R$/m3,2.353,0.367,1.74,2.999,0.156,0.805,1.548,0.177,1.3647,1.8082,0.114
11/01/2017,ÓLEO DIESEL,CENTRO OESTE,751,R$/l,3.532,0.201,3.089,4.08,0.057,0.417,3.115,0.149,2.8065,3.5538,0.048
11/01/2017,ÓLEO DIESEL,NORDESTE,1227,R$/l,3.219,0.143,2.799,3.949,0.044,0.352,2.867,0.1,2.44,3.2241,0.035
11/01/2017,ÓLEO DIESEL,NORTE,687,R$/l,3.456,0.294,2.91,4.47,0.085,0.427,3.029,0.191,2.7003,3.7024,0.063
11/01/2017,ÓLEO DIESEL,SUDESTE,3304,R$/l,3.286,0.153,2.799,3.94,0.047,0.348,2.938,0.123,2.4816,3.4662,0.042
11/01/2017,ÓLEO DIESEL,SUL,1170,R$/l,3.149,0.15,2.789,4.468,0.048,0.363,2.786,0.106,2.4095,3.0542,0.038
11/01/2017,ÓLEO DIESEL S10,CENTRO OESTE,901,R$/l,3.641,0.202,3.19,4.197,0.055,0.428,3.213,0.15,2.9265,3.6156,0.047
11/01/2017,ÓLEO DIESEL S10,NORDESTE,2332,R$/l,3.286,0.17,2.879,4.199,0.052,0.333,2.953,0.109,2.5402,3.3595,0.037
11/01/2017,ÓLEO DIESEL S10,NORTE,781,R$/l,3.611,0.32,2.91,4.499,0.089,0.449,3.162,0.202,2.69,3.9593,0.064
11/01/2017,ÓLEO DIESEL S10,SUDESTE,4352,R$/l,3.426,0.167,2.889,4.199,0.049,0.367,3.059,0.136,2.59,3.55,0.044
11/01/2017,ÓLEO DIESEL S10,SUL,1635,R$/l,3.268,0.153,2.86,4.528,0.047,0.377,2.891,0.106,2.605,3.1517,0.037
11/01/2017,ETANOL HIDRATADO,CENTRO OESTE,1227,R$/l,2.868,0.343,1.99,3.496,0.12,0.436,2.432,0.268,1.848,3.0767,0.11
11/01/2017,ETANOL HIDRATADO,NORDESTE,2285,R$/l,3.112,0.219,2.68,4.299,0.07,0.448,2.664,0.175,1.8409,3.27,0.066
11/01/2017,ETANOL HIDRATADO,NORTE,468,R$/l,3.396,0.215,3.05,4.16,0.063,0.409,2.987,0.17,2.5283,3.8184,0.057
11/01/2017,ETANOL HIDRATADO,SUDESTE,5860,R$/l,2.713,0.302,2.18,3.899,0.111,0.358,2.355,0.26,1.687,3.3677,0.11
11/01/2017,ETANOL HIDRATADO,SUL,1591,R$/l,2.93,0.402,2.499,4.399,0.137,0.333,2.597,0.311,2.08,4.4571,0.12
11/01/2017,GASOLINA COMUM,CENTRO OESTE,1236,R$/l,4.142,0.227,3.55,4.67,0.055,0.474,3.668,0.185,3.271,3.942,0.05
11/01/2017,GASOLINA COMUM,NORDESTE,2672,R$/l,3.961,0.196,3.449,4.79,0.049,0.482,3.479,0.132,3.0724,3.9139,0.038
11/01/2017,GASOLINA COMUM,NORTE,911,R$/l,4.111,0.347,3.49,5.2,0.084,0.515,3.596,0.198,3.21,4.1717,0.055
11/01/2017,GASOLINA COMUM,SUDESTE,5904,R$/l,3.977,0.271,3.199,4.959,0.068,0.415,3.562,0.239,2.79,4.203,0.067
11/01/2017,GASOLINA COMUM,SUL,2083,R$/l,4.006,0.222,3.379,4.69,0.055,0.411,3.595,0.15,3.1852,3.9729,0.042
11/01/2017,GLP,CENTRO OESTE,1273,R$/13kg,73.304,10.573,59,115,0.144,17.071,56.233,5.106,40.04,85,0.091
11/01/2017,GLP,NORDESTE,1959,R$/13kg,62.758,8.162,45,90,0.13,17.7,45.058,6.011,30.99,68,0.133
11/01/2017,GLP,NORTE,1272,R$/13kg,71.996,7.944,55,100,0.11,15.821,56.175,6.258,38.02,80,0.111
11/01/2017,GLP,SUDESTE,4300,R$/13kg,64.153,6.67,46,89.9,0.104,18.479,45.674,5.383,30,70,0.118
11/01/2017,GLP,SUL,1903,R$/13kg,64.963,6.885,50,85,0.106,20.104,44.859,6.194,31.5,64,0.138
11/01/2017,GNV,CENTRO OESTE,15,R$/m3,2.422,0.156,2.359,2.699,0.064,0.71,1.712,0.012,1.6875,1.7196,0.007
11/01/2017,GNV,NORDESTE,175,R$/m3,2.559,0.228,2.15,3.069,0.089,0.743,1.816,0.244,1.4457,2.2587,0.134
11/01/2017,GNV,NORTE,1,R$/m3,2.75,0,2.75,2.75,0,0.481,2.269,0,2.269,2.269,0
11/01/2017,GNV,SUDESTE,398,R$/m3,2.35,0.23,1.929,3.097,0.098,0.571,1.779,0.138,1.4938,2.1594,0.078
11/01/2017,GNV,SUL,95,R$/m3,2.354,0.374,1.76,3.1,0.159,0.752,1.602,0.228,1.3647,1.9131,0.142
12/01/2017,ÓLEO DIESEL,CENTRO OESTE,723,R$/l,3.587,0.186,3.09,4.09,0.052,0.46,3.127,0.133,2.8265,3.5538,0.043
12/01/2017,ÓLEO DIESEL,NORDESTE,1201,R$/l,3.26,0.136,2.899,3.89,0.042,0.334,2.926,0.085,2.5386,3.2169,0.029
12/01/2017,ÓLEO DIESEL,NORTE,672,R$/l,3.489,0.295,2.999,4.47,0.085,0.438,3.051,0.222,2.1333,3.7264,0.073
12/01/2017,ÓLEO DIESEL,SUDESTE,3148,R$/l,3.309,0.149,2.89,3.899,0.045,0.372,2.937,0.122,2.49,3.4662,0.042
12/01/2017,ÓLEO DIESEL,SUL,1161,R$/l,3.188,0.144,2.89,4.45,0.045,0.377,2.811,0.085,2.4797,3.0542,0.03
12/01/2017,ÓLEO DIESEL S10,CENTRO OESTE,887,R$/l,3.69,0.191,3.199,4.23,0.052,0.444,3.246,0.136,2.9265,3.624,0.042
12/01/2017,ÓLEO DIESEL S10,NORDESTE,2268,R$/l,3.318,0.159,2.799,4.199,0.048,0.328,2.99,0.092,2.7164,3.3595,0.031
12/01/2017,ÓLEO DIESEL S10,NORTE,721,R$/l,3.652,0.321,3.07,4.499,0.088,0.467,3.185,0.244,2.8,4.14,0.077
12/01/2017,ÓLEO DIESEL S10,SUDESTE,4218,R$/l,3.457,0.165,2.99,4.19,0.048,0.394,3.063,0.133,2.59,3.6136,0.043
12/01/2017,ÓLEO DIESEL S10,SUL,1646,R$/l,3.301,0.153,2.95,4.52,0.046,0.409,2.892,0.092,2.675,3.19,0.032
12/01/2017,ETANOL HIDRATADO,CENTRO OESTE,1207,R$/l,2.822,0.329,1.99,3.599,0.117,0.39,2.432,0.293,1.77,3.224,0.12
12/01/2017,ETANOL HIDRATADO,NORDESTE,2233,R$/l,3.108,0.219,2.62,4.299,0.07,0.442,2.666,0.176,2.3028,3.27,0.066
12/01/2017,ETANOL HIDRATADO,NORTE,425,R$/l,3.388,0.235,2.99,4.16,0.069,0.384,3.004,0.171,2.5354,3.7503,0.057
12/01/2017,ETANOL HIDRATADO,SUDESTE,5709,R$/l,2.831,0.297,2.299,3.998,0.105,0.352,2.479,0.262,1.6901,3.45,0.106
12/01/2017,ETANOL HIDRATADO,SUL,1579,R$/l,3.052,0.395,2.599,4.399,0.129,0.334,2.718,0.336,2.32,4.4571,0.124
12/01/2017,GASOLINA COMUM,CENTRO OESTE,1220,R$/l,4.235,0.193,3.759,4.75,0.046,0.479,3.756,0.177,3.3512,3.9899,0.047
12/01/2017,GASOLINA COMUM,NORDESTE,2621,R$/l,3.993,0.201,3.459,4.829,0.05,0.447,3.546,0.118,3.0952,3.9902,0.033
12/01/2017,GASOLINA COMUM,NORTE,865,R$/l,4.127,0.362,3.559,5.2,0.088,0.459,3.668,0.211,3.21,4.2827,0.058
12/01/2017,GASOLINA COMUM,SUDESTE,5762,R$/l,4.077,0.266,3.399,4.998,0.065,0.422,3.655,0.232,2.99,4.3656,0.063
12/01/2017,GASOLINA COMUM,SUL,2074,R$/l,4.112,0.201,3.499,4.79,0.049,0.406,3.706,0.135,3,4.2,0.036
12/01/2017,GLP,CENTRO OESTE,1273,R$/13kg,74.257,10.964,60,115,0.148,18.552,55.705,5.032,38.25,85,0.09
12/01/2017,GLP,NORDESTE,1954,R$/13kg,64.814,7.712,45,90,0.119,18.571,46.243,6.1,32.58,65.14,0.132
12/01/2017,GLP,NORTE,1233,R$/13kg,73.477,8.5,60,100,0.116,15.03,58.447,6.058,41.47,80,0.104
12/01/2017,GLP,SUDESTE,3922,R$/13kg,65.148,6.881,47,90,0.106,18.32,46.828,5.4,30,72,0.115
12/01/2017,GLP,SUL,1870,R$/13kg,66.387,7.285,50,87,0.11,20.413,45.974,6.7,31.81,72,0.146
12/01/2017,GNV,CENTRO OESTE,11,R$/m3,2.498,0.13,2.399,2.699,0.052,0.738,1.76,0.028,1.7236,1.7931,0.016
12/01/2017,GNV,NORDESTE,183,R$/m3,2.576,0.227,2.29,2.999,0.088,0.778,1.798,0.265,1.4457,2.4676,0.147
12/01/2017,GNV,NORTE,4,R$/m3,2.835,0.03,2.79,2.85,0.011,0.579,2.256,0.057,2.2154,2.2965,0.025
12/01/2017,GNV,SUDESTE,377,R$/m3,2.334,0.255,1.929,3.199,0.109,0.599,1.735,0.144,1.5015,2.2019,0.083
12/01/2017,GNV,SUL,111,R$/m3,2.365,0.364,1.76,3.1,0.154,0.762,1.603,0.201,1.479,1.9131,0.125
01/01/2018,ÓLEO DIESEL,CENTRO OESTE,1555,R$/l,3.61,0.185,3.15,4.23,0.051,0.428,3.182,0.154,2.8756,3.523,0.048
01/01/2018,ÓLEO DIESEL,NORDESTE,2744,R$/l,3.354,0.148,2.899,3.991,0.044,0.327,3.027,0.093,2.55,3.3209,0.031
01/01/2018,ÓLEO DIESEL,NORTE,1325,R$/l,3.542,0.261,2.999,4.49,0.074,0.376,3.166,0.21,2.75,3.8117,0.066
01/01/2018,ÓLEO DIESEL,SUDESTE,7307,R$/l,3.353,0.164,2.799,3.999,0.049,0.369,2.984,0.127,2.49,3.342,0.043
01/01/2018,ÓLEO DIESEL,SUL,2841,R$/l,3.214,0.137,2.83,3.73,0.043,0.339,2.875,0.09,2.6304,3.1356,0.031
01/01/2018,ÓLEO DIESEL S10,CENTRO OESTE,1768,R$/l,3.703,0.184,3.199,4.23,0.05,0.444,3.259,0.15,2.9685,3.7504,0.046
01/01/2018,ÓLEO DIESEL S10,NORDESTE,4703,R$/l,3.403,0.162,2.999,4.45,0.048,0.324,3.079,0.1,2.5734,3.4798,0.032
01/01/2018,ÓLEO DIESEL S10,NORTE,1446,R$/l,3.702,0.285,3.09,4.77,0.077,0.43,3.272,0.237,2.8,4.1617,0.072
01/01/2018,ÓLEO DIESEL S10,SUDESTE,9605,R$/l,3.496,0.174,2.979,4.599,0.05,0.396,3.1,0.133,2.52,3.613,0.043
01/01/2018,ÓLEO DIESEL S10,SUL,3861,R$/l,3.334,0.151,2.94,4.199,0.045,0.379,2.955,0.093,2.7,3.323,0.031
01/01/2018,ETANOL HIDRATADO,CENTRO OESTE,2460,R$/l,2.907,0.329,2.197,3.799,0.113,0.348,2.559,0.315,2.05,3.358,0.123
01/01/2018,ETANOL HIDRATADO,NORDESTE,4632,R$/l,3.16,0.224,2.62,4.299,0.071,0.398,2.762,0.163,2.2837,3.43,0.059
01/01/2018,ETANOL HIDRATADO,NORTE,805,R$/l,3.461,0.229,2.99,4.2,0.066,0.396,3.065,0.157,2.3,3.479,0.051
01/01/2018,ETANOL HIDRATADO,SUDESTE,12831,R$/l,2.945,0.316,2.399,4.199,0.107,0.346,2.599,0.278,1.69,3.6036,0.107
01/01/2018,ETANOL HIDRATADO,SUL,3634,R$/l,3.155,0.398,2.699,4.739,0.126,0.297,2.858,0.334,2.3863,3.9077,0.117
01/01/2018,GASOLINA COMUM,CENTRO OESTE,2458,R$/l,4.265,0.187,3.799,4.93,0.044,0.444,3.821,0.144,3.3821,4.088,0.038
01/01/2018,GASOLINA COMUM,NORDESTE,5443,R$/l,4.103,0.223,3.499,4.966,0.054,0.473,3.63,0.118,3,4.037,0.033
01/01/2018,GASOLINA COMUM,NORTE,1746,R$/l,4.289,0.277,3.55,5.15,0.065,0.533,3.756,0.181,3.3587,4.2945,0.048
01/01/2018,GASOLINA COMUM,SUDESTE,13015,R$/l,4.199,0.298,3.499,5.099,0.071,0.427,3.772,0.247,2.9037,4.4204,0.065
01/01/2018,GASOLINA COMUM,SUL,4809,R$/l,4.174,0.214,3.59,4.899,0.051,0.382,3.792,0.141,3.0763,4.35,0.037
01/01/2018,GLP,CENTRO OESTE,2224,R$/13kg,75.098,10.964,58,120,0.146,17.177,57.921,6.417,38.25,94.5,0.111
01/01/2018,GLP,NORDESTE,3677,R$/13kg,65.805,7.762,45,90,0.118,19.27,46.535,6.315,30.59,67,0.136
01/01/2018,GLP,NORTE,2100,R$/13kg,74.611,8.733,60,98,0.117,15.058,59.553,6.579,33.76,80,0.11
01/01/2018,GLP,SUDESTE,8903,R$/13kg,65.836,6.78,48,90,0.103,17.702,48.134,5.457,30,73,0.113
01/01/2018,GLP,SUL,4305,R$/13kg,66.873,7.375,50,90,0.11,19.346,47.527,6.675,31.36,72,0.14
01/01/2018,GNV,CENTRO OESTE,21,R$/m3,2.559,0.124,2.399,2.699,0.048,0.633,1.926,0.133,1.7226,2.1925,0.069
01/01/2018,GNV,NORDESTE,324,R$/m3,2.6,0.243,2.29,3.25,0.093,0.783,1.817,0.234,1.4457,2.2877,0.129
01/01/2018,GNV,NORTE,5,R$/m3,2.87,0.084,2.75,2.95,0.029,0.425,2.445,0.12,2.3603,2.5306,0.049
01/01/2018,GNV,SUDESTE,822,R$/m3,2.39,0.257,1.969,3.199,0.108,0.605,1.785,0.157,1.3537,2.2489,0.088
01/01/2018,GNV,SUL,280,R$/m3,2.428,0.38,1.76,3.299,0.157,0.815,1.613,0.212,1.2437,1.9118,0.131
02/01/2018,ÓLEO DIESEL,CENTRO OESTE,1342,R$/l,3.613,0.181,3.19,4.15,0.05,0.451,3.162,0.144,2.8465,3.4936,0.046
02/01/2018,ÓLEO DIESEL,NORDESTE,2230,R$/l,3.394,0.136,3.07,3.94,0.04,0.361,3.033,0.093,2.762,3.3041,0.031
02/01/2018,ÓLEO DIESEL,NORTE,1109,R$/l,3.55,0.28,3.119,4.479,0.079,0.418,3.132,0.2,2.828,3.733,0.064
02/01/2018,ÓLEO DIESEL,SUDESTE,6212,R$/l,3.358,0.168,2.799,4.25,0.05,0.396,2.962,0.129,2.49,3.342,0.044
02/01/2018,ÓLEO DIESEL,SUL,2301,R$/l,3.223,0.139,2.89,3.73,0.043,0.409,2.814,0.093,2.54,3.107,0.033
02/01/2018,ÓLEO DIESEL S10,CENTRO OESTE,1458,R$/l,3.708,0.183,3.29,4.23,0.049,0.464,3.244,0.149,2.8569,3.737,0.046
02/01/2018,ÓLEO DIESEL S10,NORDESTE,3887,R$/l,3.439,0.152,2.899,4.418,0.044,0.343,3.096,0.098,2.8829,3.5829,0.032
02/01/2018,ÓLEO DIESEL S10,NORTE,1238,R$/l,3.713,0.313,3.19,4.77,0.084,0.453,3.26,0.256,2.8467,4.1305,0.079
02/01/2018,ÓLEO DIESEL S10,SUDESTE,8134,R$/l,3.504,0.176,2.979,4.35,0.05,0.428,3.076,0.136,2.59,3.6242,0.044
02/01/2018,ÓLEO DIESEL S10,SUL,3120,R$/l,3.342,0.151,2.94,4.097,0.045,0.42,2.922,0.097,2.6595,3.2021,0.033
02/01/2018,ETANOL HIDRATADO,CENTRO OESTE,2073,R$/l,2.924,0.338,2.199,3.899,0.116,0.314,2.61,0.349,2.04,3.4046,0.134
02/01/2018,ETANOL HIDRATADO,NORDESTE,3901,R$/l,3.269,0.193,2.799,4.299,0.059,0.39,2.879,0.153,2.2484,3.404,0.053
02/01/2018,ETANOL HIDRATADO,NORTE,689,R$/l,3.52,0.201,3.1,4.45,0.057,0.328,3.192,0.146,2.6257,3.514,0.046
02/01/2018,ETANOL HIDRATADO,SUDESTE,10837,R$/l,2.979,0.328,2.449,4.499,0.11,0.334,2.645,0.295,2.1138,3.6539,0.112
02/01/2018,ETANOL HIDRATADO,SUL,2870,R$/l,3.2,0.425,2.699,4.739,0.133,0.3,2.9,0.365,2.3938,4.0069,0.126
02/01/2018,GASOLINA COMUM,CENTRO OESTE,2075,R$/l,4.294,0.178,3.799,4.91,0.041,0.468,3.826,0.104,3.52,4.0543,0.027
02/01/2018,GASOLINA COMUM,NORDESTE,4551,R$/l,4.15,0.2,3.561,4.966,0.048,0.486,3.664,0.107,3.2166,4.1945,0.029
02/01/2018,GASOLINA COMUM,NORTE,1451,R$/l,4.302,0.279,3.799,5.15,0.065,0.538,3.764,0.17,3.1692,4.2804,0.045
02/01/2018,GASOLINA COMUM,SUDESTE,11048,R$/l,4.216,0.304,3.479,5.2,0.072,0.439,3.777,0.258,2.99,4.4388,0.068
02/01/2018,GASOLINA COMUM,SUL,3907,R$/l,4.163,0.23,3.619,4.889,0.055,0.407,3.756,0.147,3.3269,4.1211,0.039
02/01/2018,GLP,CENTRO OESTE,1864,R$/13kg,75.561,10.776,58,120,0.143,17.359,58.202,6.123,47,94.5,0.105
02/01/2018,GLP,NORDESTE,2939,R$/13kg,63.959,7.517,45,90,0.118,17.731,46.228,7.141,31.69,67,0.154
02/01/2018,GLP,NORTE,1608,R$/13kg,74.652,8.92,58,98,0.119,14.881,59.771,6.208,37,76,0.104
02/01/2018,GLP,SUDESTE,7202,R$/13kg,65.34,6.527,48,95,0.1,16.556,48.784,5.3,32.82,73.37,0.109
02/01/2018,GLP,SUL,3415,R$/13kg,67.925,6.802,50,90,0.1,19.218,48.707,6.803,31.56,70,0.14
02/01/2018,GNV,CENTRO OESTE,21,R$/m3,2.633,0.116,2.399,2.699,0.044,0.711,1.922,0.016,1.8915,1.9326,0.008
02/01/2018,GNV,NORDESTE,275,R$/m3,2.657,0.255,2.29,3.199,0.096,0.781,1.876,0.269,1.474,2.4921,0.143
02/01/2018,GNV,NORTE,2,R$/m3,2.95,0,2.95,2.95,0,0.544,2.406,0.072,2.355,2.4572,0.03
02/01/2018,GNV,SUDESTE,742,R$/m3,2.445,0.25,1.949,3.199,0.102,0.619,1.826,0.15,1.3535,2.3028,0.082
02/01/2018,GNV,SUL,210,R$/m3,2.451,0.392,1.799,3.299,0.16,0.805,1.646,0.298,1.2437,2.1308,0.181
03/01/2018,ÓLEO DIESEL,CENTRO OESTE,1355,R$/l,3.606,0.181,3.159,4.21,0.05,0.446,3.16,0.137,2.8465,3.5339,0.043
03/01/2018,ÓLEO DIESEL,NORDESTE,2293,R$/l,3.389,0.136,3.09,4.1,0.04,0.387,3.002,0.095,2.768,3.3436,0.032
03/01/2018,ÓLEO DIESEL,NORTE,1113,R$/l,3.551,0.281,3.069,4.479,0.079,0.434,3.117,0.188,2.828,3.6862,0.06
03/01/2018,ÓLEO DIESEL,SUDESTE,6382,R$/l,3.352,0.174,2.939,4.279,0.052,0.405,2.947,0.133,2.49,3.3575,0.045
03/01/2018,ÓLEO DIESEL,SUL,2311,R$/l,3.223,0.147,2.89,3.729,0.046,0.419,2.804,0.096,2.58,3.1219,0.034
03/01/2018,ÓLEO DIESEL S10,CENTRO OESTE,1506,R$/l,3.7,0.18,3.259,4.23,0.049,0.477,3.223,0.134,2.8569,3.5339,0.042
03/01/2018,ÓLEO DIESEL S10,NORDESTE,4107,R$/l,3.437,0.155,3.1,4.418,0.045,0.359,3.078,0.101,2.82,3.4749,0.033
03/01/2018,ÓLEO DIESEL S10,NORTE,1291,R$/l,3.707,0.311,3.19,4.77,0.084,0.458,3.249,0.224,2.855,4.0783,0.069
03/01/2018,ÓLEO DIESEL S10,SUDESTE,8494,R$/l,3.492,0.183,2.999,4.366,0.052,0.436,3.056,0.139,2.4934,3.6411,0.045
03/01/2018,ÓLEO DIESEL S10,SUL,3184,R$/l,3.339,0.158,2.94,3.94,0.047,0.437,2.902,0.102,2.6595,3.1896,0.035
03/01/2018,ETANOL HIDRATADO,CENTRO OESTE,2096,R$/l,2.996,0.353,2.17,3.999,0.118,0.357,2.639,0.348,1.985,3.4046,0.132
03/01/2018,ETANOL HIDRATADO,NORDESTE,4040,R$/l,3.319,0.195,2.839,4.299,0.059,0.346,2.973,0.146,2.2484,3.77,0.049
03/01/2018,ETANOL HIDRATADO,NORTE,751,R$/l,3.546,0.213,3.097,4.55,0.06,0.333,3.213,0.136,2.9198,3.718,0.042
03/01/2018,ETANOL HIDRATADO,SUDESTE,11435,R$/l,2.973,0.345,2.449,4.499,0.116,0.314,2.659,0.307,1.69,3.6969,0.115
03/01/2018,ETANOL HIDRATADO,SUL,2968,R$/l,3.218,0.436,2.49,4.739,0.135,0.282,2.936,0.356,2.5341,4.0069,0.121
03/01/2018,GASOLINA COMUM,CENTRO OESTE,2112,R$/l,4.276,0.189,3.82,4.88,0.044,0.436,3.84,0.099,3.54,4.0971,0.026
03/01/2018,GASOLINA COMUM,NORDESTE,4762,R$/l,4.146,0.226,3.561,4.999,0.055,0.47,3.676,0.122,3.1628,4.309,0.033
03/01/2018,GASOLINA COMUM,NORTE,1561,R$/l,4.294,0.283,3.71,5.15,0.066,0.527,3.767,0.165,3.42,4.269,0.044
03/01/2018,GASOLINA COMUM,SUDESTE,11626,R$/l,4.21,0.319,3.479,5.2,0.076,0.406,3.804,0.276,2.99,4.5272,0.073
03/01/2018,GASOLINA COMUM,SUL,4029,R$/l,4.142,0.245,3.6,4.889,0.059,0.38,3.762,0.159,3.35,4.1548,0.042
03/01/2018,GLP,CENTRO OESTE,1918,R$/13kg,75.679,10.667,55,120,0.141,17.036,58.643,6.316,46.04,94.5,0.108
03/01/2018,GLP,NORDESTE,3076,R$/13kg,63.514,7.464,45,90,0.118,17.637,45.877,7.247,31.79,68,0.158
03/01/2018,GLP,NORTE,1785,R$/13kg,74.44,8.386,58,98,0.113,14.772,59.668,5.757,44.5,76,0.096
03/01/2018,GLP,SUDESTE,7987,R$/13kg,65.432,6.357,48,92,0.097,16.892,48.54,5.296,30,73.37,0.109
03/01/2018,GLP,SUL,3705,R$/13kg,68.341,6.317,50,88,0.092,19.61,48.731,6.777,32.863,70,0.139
03/01/2018,GNV,CENTRO OESTE,19,R$/m3,2.661,0.122,2.399,2.699,0.046,0.754,1.907,0.014,1.8915,1.9281,0.007
03/01/2018,GNV,NORDESTE,287,R$/m3,2.699,0.29,2.31,3.199,0.107,0.735,1.964,0.291,1.474,2.4921,0.148
03/01/2018,GNV,NORTE,6,R$/m3,3.013,0.142,2.85,3.19,0.047,0.517,2.496,0.03,2.4756,2.5306,0.012
03/01/2018,GNV,SUDESTE,728,R$/m3,2.478,0.248,1.989,3.399,0.1,0.656,1.822,0.152,1.5142,2.3122,0.083
03/01/2018,GNV,SUL,214,R$/m3,2.449,0.393,1.81,3.299,0.16,0.918,1.531,0.256,1.2758,2.1308,0.167
04/01/2018,ÓLEO DIESEL,CENTRO OESTE,1438,R$/l,3.634,0.188,3.199,4.21,0.052,0.442,3.192,0.16,2.835,3.579,0.05
04/01/2018,ÓLEO DIESEL,NORDESTE,2479,R$/l,3.422,0.147,3.07,4.299,0.043,0.32,3.102,0.112,2.828,3.4983,0.036
04/01/2018,ÓLEO DIESEL,NORTE,1173,R$/l,3.623,0.279,3,4.66,0.077,0.415,3.208,0.22,2.838,3.8722,0.069
04/01/2018,ÓLEO DIESEL,SUDESTE,6676,R$/l,3.413,0.175,2.89,4.279,0.051,0.327,3.086,0.144,2.49,3.6003,0.047
04/01/2018,ÓLEO DIESEL,SUL,2585,R$/l,3.275,0.15,2.89,4.7,0.046,0.339,2.936,0.103,2.6717,3.349,0.035
04/01/2018,ÓLEO DIESEL S10,CENTRO OESTE,1614,R$/l,3.726,0.187,3.29,4.3,0.05,0.454,3.272,0.157,2.885,3.88,0.048
04/01/2018,ÓLEO DIESEL S10,NORDESTE,4334,R$/l,3.479,0.163,3.099,4.418,0.047,0.336,3.143,0.115,2.86,3.5681,0.037
04/01/2018,ÓLEO DIESEL S10,NORTE,1383,R$/l,3.634,0.31,3.14,4.97,0.085,0.387,3.247,0.243,2.875,4.2794,0.075
04/01/2018,ÓLEO DIESEL S10,SUDESTE,8806,R$/l,3.526,0.184,3.019,4.449,0.052,0.371,3.155,0.149,2.59,3.7443,0.047
04/01/2018,ÓLEO DIESEL S10,SUL,3652,R$/l,3.373,0.156,2.94,4.81,0.046,0.36,3.013,0.115,2.7008,3.3699,0.038
04/01/2018,ETANOL HIDRATADO,CENTRO OESTE,2213,R$/l,3.018,0.295,2.379,3.999,0.098,0.391,2.627,0.293,1.935,3.3976,0.112
04/01/2018,ETANOL HIDRATADO,NORDESTE,4271,R$/l,3.363,0.206,2.869,4.19,0.061,0.352,3.011,0.167,2.407,3.77,0.055
04/01/2018,ETANOL HIDRATADO,NORTE,744,R$/l,3.677,0.228,3.289,4.59,0.062,0.388,3.289,0.176,2.4136,3.968,0.054
04/01/2018,ETANOL HIDRATADO,SUDESTE,11694,R$/l,2.903,0.381,2.099,4.279,0.131,0.399,2.504,0.369,1.9491,3.7634,0.147
04/01/2018,ETANOL HIDRATADO,SUL,3311,R$/l,3.11,0.475,2.49,4.79,0.153,0.361,2.749,0.44,2.2484,4.2833,0.16
04/01/2018,GASOLINA COMUM,CENTRO OESTE,2239,R$/l,4.294,0.224,3.397,4.99,0.052,0.455,3.839,0.175,3.06,4.1029,0.046
04/01/2018,GASOLINA COMUM,NORDESTE,5047,R$/l,4.16,0.229,3.469,4.966,0.055,0.439,3.721,0.121,3.1928,4.309,0.033
04/01/2018,GASOLINA COMUM,NORTE,1672,R$/l,4.359,0.27,3.81,5.11,0.062,0.55,3.809,0.179,3.4,4.269,0.047
04/01/2018,GASOLINA COMUM,SUDESTE,11939,R$/l,4.234,0.326,3.495,5.2,0.077,0.392,3.842,0.278,2.99,4.572,0.072
04/01/2018,GASOLINA COMUM,SUL,4586,R$/l,4.137,0.26,3.499,4.91,0.063,0.362,3.775,0.168,3.154,4.1707,0.045
04/01/2018,GLP,CENTRO OESTE,1853,R$/13kg,77.524,10.578,55,120,0.136,16.719,60.805,6.649,44.28,94.5,0.109
04/01/2018,GLP,NORDESTE,3049,R$/13kg,63.799,7.514,45,90,0.118,17.145,46.654,6.883,32.79,68,0.148
04/01/2018,GLP,NORTE,1767,R$/13kg,74.247,8.606,60,98,0.116,14.305,59.942,5.646,44.5,73,0.094
04/01/2018,GLP,SUDESTE,7839,R$/13kg,65.469,6.221,48,92,0.095,16.78,48.689,4.925,30,73,0.101
04/01/2018,GLP,SUL,3961,R$/13kg,68.144,6.147,52,88,0.09,19.289,48.855,6.422,33.68,68.96,0.131
04/01/2018,GNV,CENTRO OESTE,21,R$/m3,2.697,0.123,2.399,2.799,0.046,0.88,1.817,0.052,1.7336,1.8969,0.029
04/01/2018,GNV,NORDESTE,281,R$/m3,2.746,0.29,2.32,3.19,0.106,0.783,1.963,0.315,1.474,2.4976,0.16
04/01/2018,GNV,NORTE,4,R$/m3,3.17,0.023,3.15,3.19,0.007,-,-,-,-,-,-
04/01/2018,GNV,SUDESTE,726,R$/m3,2.475,0.252,1.989,3.399,0.102,0.63,1.845,0.172,1.3446,2.3509,0.093
04/01/2018,GNV,SUL,245,R$/m3,2.43,0.396,1.83,3.319,0.163,0.682,1.748,0.198,1.5184,2.2179,0.113
05/01/2018,ÓLEO DIESEL,CENTRO OESTE,1246,R$/l,3.817,0.219,3.29,4.5,0.057,0.452,3.365,0.204,2.8365,3.9878,0.061
05/01/2018,ÓLEO DIESEL,NORDESTE,1910,R$/l,3.629,0.18,3.149,5.2,0.05,0.345,3.284,0.139,2.9588,3.8085,0.042
05/01/2018,ÓLEO DIESEL,NORTE,1044,R$/l,3.783,0.313,3.179,4.859,0.083,0.377,3.406,0.228,2.91,4.1,0.067
05/01/2018,ÓLEO DIESEL,SUDESTE,5706,R$/l,3.614,0.199,2.99,4.74,0.055,0.333,3.281,0.169,2.49,3.8185,0.052
05/01/2018,ÓLEO DIESEL,SUL,1914,R$/l,3.483,0.198,2.999,4.695,0.057,0.349,3.134,0.141,2.6298,3.6309,0.045
05/01/2018,ÓLEO DIESEL S10,CENTRO OESTE,1411,R$/l,3.918,0.208,3.369,4.7,0.053,0.478,3.44,0.207,3.0299,4.0531,0.06
05/01/2018,ÓLEO DIESEL S10,NORDESTE,3627,R$/l,3.689,0.2,3.15,5.3,0.054,0.339,3.35,0.134,2.9858,3.9362,0.04
05/01/2018,ÓLEO DIESEL S10,NORTE,1233,R$/l,3.807,0.336,3.27,4.95,0.088,0.385,3.422,0.241,2.9027,4.4782,0.07
05/01/2018,ÓLEO DIESEL S10,SUDESTE,7679,R$/l,3.717,0.202,3.099,4.75,0.054,0.371,3.346,0.165,2.59,3.916,0.049
05/01/2018,ÓLEO DIESEL S10,SUL,2665,R$/l,3.577,0.19,3.049,4.248,0.053,0.358,3.219,0.132,2.7008,3.8117,0.041
05/01/2018,ETANOL HIDRATADO,CENTRO OESTE,1902,R$/l,2.786,0.366,2.227,3.999,0.131,0.374,2.412,0.312,1.985,3.3521,0.129
05/01/2018,ETANOL HIDRATADO,NORDESTE,3506,R$/l,3.419,0.212,2.86,4.299,0.062,0.535,2.884,0.199,2.328,3.4862,0.069
05/01/2018,ETANOL HIDRATADO,NORTE,663,R$/l,3.697,0.238,3.279,4.65,0.064,0.464,3.233,0.209,2.1065,3.968,0.065
05/01/2018,ETANOL HIDRATADO,SUDESTE,10044,R$/l,2.732,0.399,2.079,4.199,0.146,0.439,2.293,0.338,1.88,3.5194,0.147
05/01/2018,ETANOL HIDRATADO,SUL,2386,R$/l,2.972,0.535,2.45,4.799,0.18,0.414,2.558,0.472,2.12,4.0018,0.185
05/01/2018,GASOLINA COMUM,CENTRO OESTE,1929,R$/l,4.33,0.246,3.557,5.01,0.057,0.398,3.932,0.149,3.13,4.2866,0.038
05/01/2018,GASOLINA COMUM,NORDESTE,4231,R$/l,4.341,0.251,3.499,5.199,0.058,0.505,3.836,0.135,3.4454,4.4796,0.035
05/01/2018,GASOLINA COMUM,NORTE,1495,R$/l,4.453,0.275,3.83,5.459,0.062,0.555,3.898,0.186,3.47,4.4685,0.048
05/01/2018,GASOLINA COMUM,SUDESTE,10266,R$/l,4.308,0.341,3.369,5.449,0.079,0.39,3.918,0.291,2.99,4.8364,0.074
05/01/2018,GASOLINA COMUM,SUL,3282,R$/l,4.238,0.278,3.53,5.069,0.066,0.384,3.854,0.188,3.4256,4.4237,0.049
05/01/2018,GLP,CENTRO OESTE,1855,R$/13kg,77.43,10.513,58,115,0.136,17.604,59.826,6.176,44.28,94.5,0.103
05/01/2018,GLP,NORDESTE,2975,R$/13kg,64.028,7.651,45,90,0.119,15.411,48.617,6.057,30.35,68,0.125
05/01/2018,GLP,NORTE,1729,R$/13kg,74.264,8.559,60,98,0.115,14.607,59.657,5.786,44,73,0.097
05/01/2018,GLP,SUDESTE,7081,R$/13kg,65.314,6.368,46.99,100,0.097,16.779,48.535,5.068,30,73,0.104
05/01/2018,GLP,SUL,3097,R$/13kg,67.972,6.272,52,95,0.092,19.251,48.721,6.532,32.48,70,0.134
05/01/2018,GNV,CENTRO OESTE,16,R$/m3,2.693,0.1,2.499,2.799,0.037,0.935,1.758,0.024,1.7245,1.798,0.014
05/01/2018,GNV,NORDESTE,307,R$/m3,2.836,0.287,2.32,3.5,0.101,0.83,2.006,0.314,1.4066,2.495,0.157
05/01/2018,GNV,NORTE,7,R$/m3,3.179,0.02,3.15,3.19,0.006,0.697,2.482,0,2.4821,2.4821,0
05/01/2018,GNV,SUDESTE,679,R$/m3,2.561,0.274,1.989,3.499,0.107,0.734,1.827,0.16,1.3534,2.4175,0.088
05/01/2018,GNV,SUL,162,R$/m3,2.459,0.382,1.86,3.38,0.155,0.686,1.773,0.19,1.3172,2.028,0.107
06/01/2018,ÓLEO DIESEL,CENTRO OESTE,1264,R$/l,3.64,0.187,3.27,4.43,0.051,0.377,3.263,0.161,2.6931,3.815,0.049
06/01/2018,ÓLEO DIESEL,NORDESTE,1999,R$/l,3.457,0.185,3.11,4.139,0.054,0.281,3.176,0.143,2.8059,3.8085,0.045
06/01/2018,ÓLEO DIESEL,NORTE,1048,R$/l,3.591,0.29,3.15,4.859,0.081,0.35,3.241,0.221,2.91,4.1,0.068
06/01/2018,ÓLEO DIESEL,SUDESTE,5722,R$/l,3.391,0.186,2.939,4.399,0.055,0.336,3.055,0.163,2.44,3.6716,0.053
06/01/2018,ÓLEO DIESEL,SUL,2196,R$/l,3.264,0.149,2.89,4.059,0.046,0.315,2.949,0.132,2.5574,3.4473,0.045
06/01/2018,ÓLEO DIESEL S10,CENTRO OESTE,1409,R$/l,3.729,0.194,3.35,5.08,0.052,0.387,3.342,0.125,3.1,4.3063,0.037
06/01/2018,ÓLEO DIESEL S10,NORDESTE,3793,R$/l,3.506,0.179,2.869,4.49,0.051,0.303,3.203,0.141,2.9579,3.875,0.044
06/01/2018,ÓLEO DIESEL S10,NORTE,1237,R$/l,3.628,0.298,3.24,4.95,0.082,0.38,3.248,0.255,2.934,4.2365,0.079
06/01/2018,ÓLEO DIESEL S10,SUDESTE,7618,R$/l,3.486,0.187,2.839,4.499,0.054,0.356,3.13,0.159,2.5955,3.688,0.051
06/01/2018,ÓLEO DIESEL S10,SUL,3074,R$/l,3.361,0.157,2.89,4.2,0.047,0.359,3.002,0.131,2.77,3.5425,0.044
06/01/2018,ETANOL HIDRATADO,CENTRO OESTE,1980,R$/l,2.878,0.296,2.479,3.999,0.103,0.423,2.455,0.301,2.14,3.1765,0.123
06/01/2018,ETANOL HIDRATADO,NORDESTE,3613,R$/l,3.529,0.189,3.049,4.299,0.054,0.501,3.028,0.18,2.4937,3.715,0.059
06/01/2018,ETANOL HIDRATADO,NORTE,606,R$/l,3.683,0.247,3.18,4.75,0.067,0.466,3.217,0.145,2.735,3.57,0.045
06/01/2018,ETANOL HIDRATADO,SUDESTE,10414,R$/l,2.861,0.343,2.179,4.02,0.12,0.404,2.457,0.309,1.9697,3.5321,0.126
06/01/2018,ETANOL HIDRATADO,SUL,2648,R$/l,3.095,0.473,2.64,4.947,0.153,0.378,2.717,0.353,2.3986,4.1952,0.13
06/01/2018,GASOLINA COMUM,CENTRO OESTE,2053,R$/l,4.65,0.193,4.099,5.159,0.042,0.535,4.115,0.18,3.631,4.4065,0.044
06/01/2018,GASOLINA COMUM,NORDESTE,4546,R$/l,4.539,0.201,3.999,5.195,0.044,0.533,4.006,0.114,3.54,4.5081,0.028
06/01/2018,GASOLINA COMUM,NORTE,1484,R$/l,4.543,0.316,3.87,5.47,0.07,0.522,4.021,0.184,3.649,4.576,0.046
06/01/2018,GASOLINA COMUM,SUDESTE,10811,R$/l,4.567,0.306,3.599,5.599,0.067,0.501,4.066,0.279,3.3016,4.8321,0.069
06/01/2018,GASOLINA COMUM,SUL,3863,R$/l,4.487,0.244,3.89,5.137,0.054,0.483,4.004,0.169,3.629,4.7184,0.042
06/01/2018,GLP,CENTRO OESTE,1701,R$/13kg,79.225,10,60,115,0.126,19.454,59.771,4.484,47.3,83,0.075
06/01/2018,GLP,NORDESTE,2736,R$/13kg,66.522,7.07,50,90,0.106,18.048,48.474,5.489,35,62.5,0.113
06/01/2018,GLP,NORTE,1667,R$/13kg,74.614,9.086,60,110,0.122,14.995,59.619,5.732,45.05,73,0.096
06/01/2018,GLP,SUDESTE,7070,R$/13kg,67.286,6.274,49.9,90,0.093,18.824,48.462,4.822,30,70,0.1
06/01/2018,GLP,SUL,3492,R$/13kg,68.638,6.173,50,90,0.09,19.626,49.012,6.618,32.48,69,0.135
06/01/2018,GNV,CENTRO OESTE,17,R$/m3,3.026,0.278,2.699,3.89,0.092,1.229,1.797,0.108,1.7136,2.0502,0.06
06/01/2018,GNV,NORDESTE,279,R$/m3,2.888,0.29,2.49,3.5,0.1,0.833,2.055,0.335,1.47,2.5821,0.163
06/01/2018,GNV,NORTE,6,R$/m3,3.168,0.037,3.1,3.19,0.012,0.681,2.487,0.003,2.4843,2.4891,0.001
06/01/2018,GNV,SUDESTE,707,R$/m3,2.602,0.285,1.989,3.8,0.11,0.689,1.913,0.166,1.5333,2.4894,0.087
06/01/2018,GNV,SUL,178,R$/m3,2.477,0.357,1.969,3.319,0.144,0.856,1.621,0.27,1.3172,2.0139,0.167
07/01/2018,ÓLEO DIESEL,CENTRO OESTE,1500,R$/l,3.582,0.152,3.199,3.999,0.042,0.368,3.214,0.118,2.8965,3.493,0.037
07/01/2018,ÓLEO DIESEL,NORDESTE,2276,R$/l,3.407,0.133,3.12,3.91,0.039,0.276,3.131,0.079,2.8769,3.5098,0.025
07/01/2018,ÓLEO DIESEL,NORTE,1286,R$/l,3.564,0.27,3.169,4.449,0.076,0.37,3.194,0.18,2.9213,3.8719,0.056
07/01/2018,ÓLEO DIESEL,SUDESTE,6493,R$/l,3.35,0.159,2.935,4.299,0.047,0.33,3.02,0.123,2.62,3.8415,0.041
07/01/2018,ÓLEO DIESEL,SUL,2576,R$/l,3.229,0.135,2.89,3.969,0.042,0.327,2.902,0.076,2.74,3.1458,0.026
07/01/2018,ÓLEO DIESEL S10,CENTRO OESTE,1696,R$/l,3.657,0.158,3.299,4.33,0.043,0.388,3.269,0.102,2.99,3.5528,0.031
07/01/2018,ÓLEO DIESEL S10,NORDESTE,4365,R$/l,3.45,0.14,3.088,4.239,0.041,0.304,3.146,0.082,2.9033,3.567,0.026
07/01/2018,ÓLEO DIESEL S10,NORTE,1499,R$/l,3.594,0.297,3.2,4.565,0.083,0.352,3.242,0.222,2.934,4.068,0.068
07/01/2018,ÓLEO DIESEL S10,SUDESTE,8969,R$/l,3.446,0.157,2.99,4.406,0.046,0.362,3.084,0.112,2.8018,3.8225,0.036
07/01/2018,ÓLEO DIESEL S10,SUL,3651,R$/l,3.324,0.14,2.93,3.959,0.042,0.355,2.969,0.088,2.7733,3.3125,0.03
07/01/2018,ETANOL HIDRATADO,CENTRO OESTE,2252,R$/l,2.812,0.273,2.399,3.999,0.097,0.431,2.381,0.286,2.09,3.1278,0.12
07/01/2018,ETANOL HIDRATADO,NORDESTE,4220,R$/l,3.52,0.188,2.929,4.299,0.053,0.473,3.047,0.189,2.2271,3.7453,0.062
07/01/2018,ETANOL HIDRATADO,NORTE,731,R$/l,3.656,0.253,3.14,4.65,0.069,0.448,3.208,0.171,2.6892,3.7603,0.053
07/01/2018,ETANOL HIDRATADO,SUDESTE,11810,R$/l,2.686,0.397,1.99,4.299,0.148,0.409,2.277,0.326,1.8014,3.3978,0.143
07/01/2018,ETANOL HIDRATADO,SUL,3269,R$/l,2.933,0.537,2.279,4.947,0.183,0.376,2.557,0.421,2.0315,3.8767,0.165
07/01/2018,GASOLINA COMUM,CENTRO OESTE,2263,R$/l,4.593,0.191,3.949,5,0.042,0.493,4.1,0.152,3.76,4.611,0.037
07/01/2018,GASOLINA COMUM,NORDESTE,5030,R$/l,4.497,0.204,3.999,5.139,0.045,0.472,4.025,0.117,3.6105,4.4849,0.029
07/01/2018,GASOLINA COMUM,NORTE,1778,R$/l,4.49,0.355,3.85,5.479,0.079,0.496,3.994,0.202,3.59,4.558,0.051
07/01/2018,GASOLINA COMUM,SUDESTE,11985,R$/l,4.496,0.325,3.649,5.599,0.072,0.448,4.048,0.285,2.99,4.8245,0.07
07/01/2018,GASOLINA COMUM,SUL,4467,R$/l,4.428,0.294,3.799,5.259,0.066,0.437,3.991,0.189,3.585,4.5305,0.047
07/01/2018,GLP,CENTRO OESTE,2046,R$/13kg,78.52,10.865,60,115,0.138,18.867,59.653,5.953,44.85,86.5,0.1
07/01/2018,GLP,NORDESTE,3188,R$/13kg,66.498,6.414,50,90,0.096,16.937,49.561,5.938,32,64.52,0.12
07/01/2018,GLP,NORTE,1906,R$/13kg,74.16,8.756,60,100,0.118,13.786,60.374,5.943,45.05,75,0.098
07/01/2018,GLP,SUDESTE,7969,R$/13kg,67.024,6.263,50,99,0.093,17.967,49.057,5.105,30,73,0.104
07/01/2018,GLP,SUL,4010,R$/13kg,68.732,6.072,48,90,0.088,19.458,49.274,6.366,33.157,70,0.129
07/01/2018,GNV,CENTRO OESTE,11,R$/m3,2.586,0.066,2.499,2.699,0.026,0.733,1.853,0,1.853,1.853,0
07/01/2018,GNV,NORDESTE,300,R$/m3,2.911,0.255,2.479,3.449,0.088,0.784,2.127,0.336,1.5147,2.836,0.158
07/01/2018,GNV,NORTE,2,R$/m3,3.09,0,3.09,3.09,0,0.605,2.485,0,2.4845,2.4845,0
07/01/2018,GNV,SUDESTE,784,R$/m3,2.609,0.277,1.989,3.599,0.106,0.638,1.971,0.172,1.5332,2.47,0.087
07/01/2018,GNV,SUL,218,R$/m3,2.636,0.297,2.09,3.319,0.113,0.791,1.845,0.221,1.5063,2.1308,0.12
08/01/2018,ÓLEO DIESEL,CENTRO OESTE,1523,R$/l,3.554,0.158,3.189,3.999,0.044,0.331,3.223,0.102,2.94,3.493,0.032
08/01/2018,ÓLEO DIESEL,NORDESTE,2359,R$/l,3.392,0.134,3.13,3.96,0.04,0.285,3.107,0.077,2.8677,3.3893,0.025
08/01/2018,ÓLEO DIESEL,NORTE,1189,R$/l,3.571,0.284,3.139,4.67,0.08,0.388,3.183,0.164,2.8411,3.89,0.052
08/01/2018,ÓLEO DIESEL,SUDESTE,6870,R$/l,3.345,0.156,2.939,4.239,0.047,0.313,3.032,0.115,2.6191,3.7258,0.038
08/01/2018,ÓLEO DIESEL,SUL,2415,R$/l,3.222,0.132,2.889,3.969,0.041,0.322,2.9,0.077,2.74,3.1525,0.027
08/01/2018,ÓLEO DIESEL S10,CENTRO OESTE,1898,R$/l,3.627,0.158,3.199,4.33,0.044,0.36,3.267,0.106,2.978,3.5528,0.032
08/01/2018,ÓLEO DIESEL S10,NORDESTE,4635,R$/l,3.435,0.142,3.088,4.239,0.041,0.295,3.14,0.079,2.9538,3.5438,0.025
08/01/2018,ÓLEO DIESEL S10,NORTE,1401,R$/l,3.6,0.294,3.199,4.77,0.082,0.382,3.218,0.195,2.9368,3.89,0.061
08/01/2018,ÓLEO DIESEL S10,SUDESTE,9639,R$/l,3.444,0.158,2.995,4.406,0.046,0.35,3.094,0.109,2.809,3.8376,0.035
08/01/2018,ÓLEO DIESEL S10,SUL,3560,R$/l,3.316,0.139,2.93,3.899,0.042,0.341,2.975,0.091,2.7753,3.3699,0.031
08/01/2018,ETANOL HIDRATADO,CENTRO OESTE,2412,R$/l,2.743,0.268,2.342,3.67,0.098,0.419,2.324,0.245,2.02,3.0377,0.105
08/01/2018,ETANOL HIDRATADO,NORDESTE,4477,R$/l,3.446,0.207,2.89,4.299,0.06,0.509,2.937,0.193,1.9696,3.4496,0.066
08/01/2018,ETANOL HIDRATADO,NORTE,753,R$/l,3.627,0.265,3.14,4.65,0.073,0.506,3.121,0.187,2.58,4.0531,0.06
08/01/2018,ETANOL HIDRATADO,SUDESTE,12654,R$/l,2.543,0.401,1.895,3.999,0.158,0.381,2.162,0.304,1.6744,3.2957,0.141
08/01/2018,ETANOL HIDRATADO,SUL,3176,R$/l,2.772,0.56,2.17,4.799,0.202,0.375,2.397,0.435,2.0017,3.6606,0.181
08/01/2018,GASOLINA COMUM,CENTRO OESTE,2436,R$/l,4.511,0.22,3.87,4.999,0.049,0.449,4.062,0.129,3.66,4.326,0.032
08/01/2018,GASOLINA COMUM,NORDESTE,5284,R$/l,4.451,0.222,3.79,5.14,0.05,0.444,4.007,0.109,3.6805,4.45,0.027
08/01/2018,GASOLINA COMUM,NORTE,1670,R$/l,4.579,0.33,3.78,5.99,0.072,0.583,3.996,0.175,3.568,4.558,0.044
08/01/2018,GASOLINA COMUM,SUDESTE,12798,R$/l,4.451,0.331,3.649,5.67,0.074,0.428,4.023,0.287,3.49,4.8438,0.071
08/01/2018,GASOLINA COMUM,SUL,4315,R$/l,4.35,0.295,3.669,5.49,0.068,0.404,3.946,0.206,3.5,4.5451,0.052
08/01/2018,GLP,CENTRO OESTE,2119,R$/13kg,77.959,11.351,59,115,0.146,19.389,58.57,6.855,44.85,86.5,0.117
08/01/2018,GLP,NORDESTE,3566,R$/13kg,66.306,5.743,50,87,0.087,16.061,50.245,5.384,32,69.69,0.107
08/01/2018,GLP,NORTE,1877,R$/13kg,74.774,8.541,60,100,0.114,14.38,60.394,5.815,43,85,0.096
08/01/2018,GLP,SUDESTE,8745,R$/13kg,66.793,6.231,50,90,0.093,17.491,49.302,4.985,30,73,0.101
08/01/2018,GLP,SUL,3900,R$/13kg,68.217,6.267,48,88,0.092,17.975,50.242,6.368,32,70,0.127
08/01/2018,GNV,CENTRO OESTE,9,R$/m3,2.592,0.071,2.499,2.699,0.027,0.823,1.769,0.17,1.5135,1.8543,0.096
08/01/2018,GNV,NORDESTE,278,R$/m3,2.948,0.264,2.599,3.569,0.09,0.833,2.115,0.335,1.5147,2.836,0.158
08/01/2018,GNV,NORTE,5,R$/m3,3.155,0.151,3.09,3.48,0.048,0.65,2.505,0.036,2.48,2.5306,0.014
08/01/2018,GNV,SUDESTE,825,R$/m3,2.697,0.323,1.989,3.97,0.12,0.7,1.997,0.184,1.6998,2.6331,0.092
08/01/2018,GNV,SUL,175,R$/m3,2.832,0.236,2.099,3.49,0.083,1.014,1.818,0.173,1.5541,2.1074,0.095
09/01/2018,ÓLEO DIESEL,CENTRO OESTE,1298,R$/l,3.777,0.188,3.199,4.4,0.05,0.365,3.412,0.149,3,3.7707,0.044
09/01/2018,ÓLEO DIESEL,NORDESTE,2034,R$/l,3.614,0.173,3.15,4.18,0.048,0.342,3.272,0.144,2.8679,3.6549,0.044
09/01/2018,ÓLEO DIESEL,NORTE,1104,R$/l,3.809,0.294,3.19,4.95,0.077,0.43,3.379,0.197,2.8411,3.894,0.058
09/01/2018,ÓLEO DIESEL,SUDESTE,5991,R$/l,3.574,0.179,2.989,4.71,0.05,0.358,3.216,0.153,2.6191,4.0196,0.048
09/01/2018,ÓLEO DIESEL,SUL,2138,R$/l,3.468,0.178,2.889,4.778,0.051,0.4,3.068,0.142,2.74,3.4179,0.046
09/01/2018,ÓLEO DIESEL S10,CENTRO OESTE,1662,R$/l,3.854,0.176,3.299,4.5,0.046,0.386,3.468,0.159,2.9946,3.75,0.046
09/01/2018,ÓLEO DIESEL S10,NORDESTE,4061,R$/l,3.694,0.172,3.19,4.49,0.047,0.377,3.317,0.137,3.01,3.7697,0.041
09/01/2018,ÓLEO DIESEL S10,NORTE,1293,R$/l,3.845,0.312,3.239,5.07,0.081,0.428,3.417,0.215,2.9876,4.1,0.063
09/01/2018,ÓLEO DIESEL S10,SUDESTE,8428,R$/l,3.665,0.178,3.037,4.799,0.049,0.394,3.271,0.15,2.825,4.1099,0.046
09/01/2018,ÓLEO DIESEL S10,SUL,3212,R$/l,3.557,0.181,2.99,4.928,0.051,0.413,3.144,0.151,2.2551,3.4777,0.048
09/01/2018,ETANOL HIDRATADO,CENTRO OESTE,2076,R$/l,2.86,0.257,2.339,3.699,0.09,0.399,2.461,0.248,2.03,3.0907,0.101
09/01/2018,ETANOL HIDRATADO,NORDESTE,3902,R$/l,3.437,0.213,2.85,4.299,0.062,0.518,2.919,0.184,2.2934,3.456,0.063
09/01/2018,ETANOL HIDRATADO,NORTE,685,R$/l,3.667,0.264,3.29,4.8,0.072,0.49,3.177,0.183,2.58,3.6604,0.058
09/01/2018,ETANOL HIDRATADO,SUDESTE,10891,R$/l,2.704,0.354,1.949,3.999,0.131,0.349,2.355,0.295,1.775,3.4879,0.125
09/01/2018,ETANOL HIDRATADO,SUL,2862,R$/l,2.924,0.492,2.35,4.799,0.168,0.379,2.545,0.407,2.0095,4.1089,0.16
09/01/2018,GASOLINA COMUM,CENTRO OESTE,2095,R$/l,4.731,0.22,4.049,5.3,0.047,0.457,4.274,0.15,3.86,4.6362,0.035
09/01/2018,GASOLINA COMUM,NORDESTE,4569,R$/l,4.625,0.232,3.98,5.399,0.05,0.459,4.166,0.151,3.6988,4.6739,0.036
09/01/2018,GASOLINA COMUM,NORTE,1528,R$/l,4.74,0.318,3.92,6.29,0.067,0.512,4.228,0.212,3.6,4.7,0.05
09/01/2018,GASOLINA COMUM,SUDESTE,11020,R$/l,4.626,0.321,3.749,5.799,0.069,0.408,4.218,0.296,3.515,5,0.07
09/01/2018,GASOLINA COMUM,SUL,3900,R$/l,4.525,0.286,3.69,5.349,0.063,0.39,4.135,0.217,3.5243,4.6953,0.052
09/01/2018,GLP,CENTRO OESTE,1851,R$/13kg,77.81,11.662,59,120,0.15,20.129,57.681,7.158,43.45,86.5,0.124
09/01/2018,GLP,NORDESTE,3000,R$/13kg,66.519,5.712,50,87,0.086,15.813,50.706,5.441,32,67.69,0.107
09/01/2018,GLP,NORTE,1686,R$/13kg,75.65,8.392,60,100,0.111,14.497,61.153,5.462,45.61,88,0.089
09/01/2018,GLP,SUDESTE,7434,R$/13kg,66.74,6.123,50,90,0.092,17.386,49.354,4.919,30,73,0.1
09/01/2018,GLP,SUL,3518,R$/13kg,68.502,6.405,48,88,0.094,17.948,50.554,6.563,32,70,0.13
09/01/2018,GNV,CENTRO OESTE,16,R$/m3,2.757,0.102,2.659,2.999,0.037,0.854,1.903,0.085,1.8543,2.0018,0.045
09/01/2018,GNV,NORDESTE,256,R$/m3,3.043,0.32,2.58,3.57,0.105,0.889,2.154,0.403,1.5147,2.8529,0.187
09/01/2018,GNV,NORTE,4,R$/m3,3.155,0.047,3.09,3.19,0.015,0.672,2.483,0.068,2.4345,2.5306,0.027
09/01/2018,GNV,SUDESTE,702,R$/m3,2.732,0.344,1.909,3.899,0.126,0.675,2.057,0.192,1.64,2.7587,0.093
09/01/2018,GNV,SUL,176,R$/m3,2.851,0.279,2.198,3.65,0.098,0.821,2.03,0.251,1.5541,2.5134,0.124
10/01/2018,ÓLEO DIESEL,CENTRO OESTE,1571,R$/l,3.89,0.187,3.479,4.53,0.048,0.365,3.525,0.147,3.1697,3.9054,0.042
10/01/2018,ÓLEO DIESEL,NORDESTE,2477,R$/l,3.724,0.133,3.349,4.407,0.036,0.337,3.387,0.09,3.0592,3.6729,0.027
10/01/2018,ÓLEO DIESEL,NORTE,1307,R$/l,3.933,0.257,3.379,4.95,0.065,0.42,3.513,0.157,2.99,4.073,0.045
10/01/2018,ÓLEO DIESEL,SUDESTE,7028,R$/l,3.664,0.151,3.159,4.599,0.041,0.343,3.321,0.125,2.9002,4.099,0.038
10/01/2018,ÓLEO DIESEL,SUL,2591,R$/l,3.568,0.144,3.059,4.099,0.04,0.366,3.202,0.093,2.8787,3.5405,0.029
10/01/2018,ÓLEO DIESEL S10,CENTRO OESTE,1977,R$/l,3.95,0.176,3.409,4.65,0.045,0.362,3.588,0.144,3.2049,3.9353,0.04
10/01/2018,ÓLEO DIESEL S10,NORDESTE,4952,R$/l,3.788,0.148,3.299,4.518,0.039,0.341,3.447,0.091,3.0736,3.749,0.026
10/01/2018,ÓLEO DIESEL S10,NORTE,1525,R$/l,3.957,0.295,3.4,5.09,0.075,0.405,3.552,0.195,3.07,4.242,0.055
10/01/2018,ÓLEO DIESEL S10,SUDESTE,9948,R$/l,3.754,0.155,3.099,4.699,0.041,0.369,3.385,0.121,2.88,3.9655,0.036
10/01/2018,ÓLEO DIESEL S10,SUL,3845,R$/l,3.66,0.15,3.199,4.23,0.041,0.381,3.279,0.106,2.89,3.5781,0.032
10/01/2018,ETANOL HIDRATADO,CENTRO OESTE,2437,R$/l,3.028,0.214,2.55,3.7,0.071,0.401,2.627,0.223,2.25,3.2044,0.085
10/01/2018,ETANOL HIDRATADO,NORDESTE,4775,R$/l,3.431,0.207,2.86,4.299,0.06,0.49,2.941,0.162,2.3629,3.456,0.055
10/01/2018,ETANOL HIDRATADO,NORTE,783,R$/l,3.73,0.28,3.29,4.8,0.075,0.451,3.279,0.173,2.8,3.8581,0.053
10/01/2018,ETANOL HIDRATADO,SUDESTE,12949,R$/l,2.845,0.322,2.299,4.199,0.113,0.326,2.519,0.286,1.8592,3.6403,0.114
10/01/2018,ETANOL HIDRATADO,SUL,3534,R$/l,3.073,0.461,2.47,4.799,0.15,0.341,2.732,0.42,2.2,4.3602,0.154
10/01/2018,GASOLINA COMUM,CENTRO OESTE,2453,R$/l,4.818,0.223,4.169,5.39,0.046,0.461,4.357,0.183,3.8988,4.6727,0.042
10/01/2018,GASOLINA COMUM,NORDESTE,5575,R$/l,4.723,0.192,4.099,5.399,0.041,0.485,4.238,0.123,3.7255,4.771,0.029
10/01/2018,GASOLINA COMUM,NORTE,1808,R$/l,4.849,0.312,4.14,6.29,0.064,0.559,4.29,0.211,3.6,4.914,0.049
10/01/2018,GASOLINA COMUM,SUDESTE,13091,R$/l,4.709,0.297,3.899,5.799,0.063,0.427,4.282,0.273,3.599,5.022,0.064
10/01/2018,GASOLINA COMUM,SUL,4755,R$/l,4.622,0.291,3.999,5.399,0.063,0.413,4.209,0.201,3.6676,4.7734,0.048
10/01/2018,GLP,CENTRO OESTE,2195,R$/13kg,77.563,11.868,55,120,0.153,19.489,58.074,7.061,43.8,86.5,0.122
10/01/2018,GLP,NORDESTE,3689,R$/13kg,66.145,5.667,50,87,0.086,14.757,51.388,5.365,32,69.19,0.104
10/01/2018,GLP,NORTE,2009,R$/13kg,75.683,8.199,62,100,0.108,13.94,61.743,5.897,32.4,88,0.096
10/01/2018,GLP,SUDESTE,8775,R$/13kg,67.048,6.166,50,90,0.092,17.038,50.01,4.97,36.63,75,0.099
10/01/2018,GLP,SUL,4372,R$/13kg,68.879,6.233,48,88,0.09,17.963,50.916,6.285,32,72,0.123
10/01/2018,GNV,CENTRO OESTE,21,R$/m3,2.746,0.092,2.659,2.999,0.034,0.801,1.945,0.139,1.6603,2.0018,0.071
10/01/2018,GNV,NORDESTE,295,R$/m3,3.068,0.292,2.59,3.66,0.095,0.863,2.205,0.337,1.5147,2.8529,0.153
10/01/2018,GNV,NORTE,5,R$/m3,3.142,0.05,3.09,3.19,0.016,0.677,2.465,0.092,2.4,2.5306,0.037
10/01/2018,GNV,SUDESTE,782,R$/m3,2.75,0.339,1.989,3.899,0.123,0.631,2.119,0.208,1.64,2.8479,0.098
10/01/2018,GNV,SUL,207,R$/m3,2.934,0.188,2.399,3.639,0.064,0.853,2.081,0.216,1.6623,2.4323,0.104
11/01/2018,ÓLEO DIESEL,CENTRO OESTE,1407,R$/l,3.842,0.212,3.43,4.53,0.055,0.408,3.434,0.162,3.0722,3.774,0.047
11/01/2018,ÓLEO DIESEL,NORDESTE,2063,R$/l,3.686,0.148,3.31,4.229,0.04,0.376,3.31,0.129,3.0547,3.6667,0.039
11/01/2018,ÓLEO DIESEL,NORTE,1174,R$/l,3.902,0.279,3.419,4.95,0.072,0.437,3.465,0.183,3.14,4.0733,0.053
11/01/2018,ÓLEO DIESEL,SUDESTE,6212,R$/l,3.617,0.16,3.179,4.449,0.044,0.384,3.233,0.132,2.8666,3.6545,0.041
11/01/2018,ÓLEO DIESEL,SUL,2147,R$/l,3.518,0.147,3.08,4.099,0.042,0.393,3.125,0.121,2.8807,3.4607,0.039
11/01/2018,ÓLEO DIESEL S10,CENTRO OESTE,1749,R$/l,3.908,0.195,3.54,4.66,0.05,0.414,3.494,0.16,3.1122,3.891,0.046
11/01/2018,ÓLEO DIESEL S10,NORDESTE,4193,R$/l,3.755,0.151,3.389,4.49,0.04,0.377,3.378,0.139,3.0866,3.782,0.041
11/01/2018,ÓLEO DIESEL S10,NORTE,1390,R$/l,3.915,0.304,3.409,5.09,0.078,0.425,3.49,0.205,3.07,4.242,0.059
11/01/2018,ÓLEO DIESEL S10,SUDESTE,9033,R$/l,3.72,0.162,3.099,4.469,0.044,0.414,3.306,0.136,2.9761,3.9521,0.041
11/01/2018,ÓLEO DIESEL S10,SUL,3231,R$/l,3.617,0.162,3.14,4.259,0.045,0.414,3.203,0.133,2.914,3.6114,0.042
11/01/2018,ETANOL HIDRATADO,CENTRO OESTE,2242,R$/l,2.977,0.241,2.599,3.749,0.081,0.311,2.666,0.206,2.116,3.2671,0.077
11/01/2018,ETANOL HIDRATADO,NORDESTE,4020,R$/l,3.336,0.233,2.829,4.299,0.07,0.448,2.888,0.159,2.2214,3.53,0.055
11/01/2018,ETANOL HIDRATADO,NORTE,766,R$/l,3.748,0.253,3.199,4.65,0.068,0.387,3.361,0.147,2.8994,3.8,0.044
11/01/2018,ETANOL HIDRATADO,SUDESTE,11604,R$/l,2.842,0.342,2.259,4.29,0.12,0.35,2.492,0.302,1.9015,3.6726,0.121
11/01/2018,ETANOL HIDRATADO,SUL,2970,R$/l,3.049,0.495,2.47,4.799,0.162,0.357,2.692,0.474,2.2347,4.0591,0.176
11/01/2018,GASOLINA COMUM,CENTRO OESTE,2260,R$/l,4.629,0.235,4.049,5.28,0.051,0.52,4.109,0.197,3.615,4.4872,0.048
11/01/2018,GASOLINA COMUM,NORDESTE,4733,R$/l,4.605,0.2,3.999,5.399,0.043,0.592,4.013,0.151,3.6159,4.4981,0.038
11/01/2018,GASOLINA COMUM,NORTE,1639,R$/l,4.74,0.347,3.78,6.29,0.073,0.654,4.086,0.217,3.6,4.8024,0.053
11/01/2018,GASOLINA COMUM,SUDESTE,11746,R$/l,4.59,0.321,3.749,5.799,0.07,0.546,4.044,0.309,3.35,4.877,0.076
11/01/2018,GASOLINA COMUM,SUL,4031,R$/l,4.494,0.288,3.799,5.49,0.064,0.486,4.008,0.227,3.529,4.6641,0.057
11/01/2018,GLP,CENTRO OESTE,1957,R$/13kg,77.948,12.136,54,120,0.156,19.036,58.912,7.577,44.59,86.5,0.129
11/01/2018,GLP,NORDESTE,3075,R$/13kg,66.706,6.101,50,90,0.091,15.19,51.516,5.476,32,75.19,0.106
11/01/2018,GLP,NORTE,1786,R$/13kg,76.154,8.33,62,100,0.109,14.124,62.03,6.19,32.4,76.62,0.1
11/01/2018,GLP,SUDESTE,7962,R$/13kg,67.407,6.067,50,93,0.09,16.991,50.416,4.898,36.63,75,0.097
11/01/2018,GLP,SUL,3536,R$/13kg,69.335,6.217,48,88,0.09,18.415,50.92,6.214,32,72,0.122
11/01/2018,GNV,CENTRO OESTE,12,R$/m3,2.74,0.087,2.679,2.99,0.032,0.867,1.873,0.176,1.6603,2.0025,0.094
11/01/2018,GNV,NORDESTE,245,R$/m3,3.136,0.338,2.599,3.79,0.108,0.834,2.302,0.386,1.5147,3.0005,0.168
11/01/2018,GNV,NORTE,5,R$/m3,3.142,0.05,3.09,3.19,0.016,0.637,2.505,0,2.505,2.505,0
11/01/2018,GNV,SUDESTE,796,R$/m3,2.93,0.418,1.949,4.1,0.143,0.833,2.097,0.212,1.64,2.855,0.101
11/01/2018,GNV,SUL,166,R$/m3,3.007,0.212,2.599,3.789,0.071,0.834,2.173,0.241,1.644,2.4323,0.111
12/01/2018,ÓLEO DIESEL,CENTRO OESTE,1300,R$/l,3.693,0.255,3.099,4.53,0.069,0.495,3.198,0.192,2.65,3.747,0.06
12/01/2018,ÓLEO DIESEL,NORDESTE,1999,R$/l,3.566,0.194,3.12,4.18,0.054,0.406,3.16,0.17,2.8715,3.5899,0.054
12/01/2018,ÓLEO DIESEL,NORTE,1084,R$/l,3.789,0.314,3.15,4.95,0.083,0.53,3.259,0.207,2.93,4.05,0.064
12/01/2018,ÓLEO DIESEL,SUDESTE,5885,R$/l,3.432,0.204,2.87,4.139,0.059,0.443,2.989,0.173,2.532,3.533,0.058
12/01/2018,ÓLEO DIESEL,SUL,2129,R$/l,3.344,0.185,2.92,3.99,0.055,0.426,2.918,0.155,2.6075,3.36,0.053
12/01/2018,ÓLEO DIESEL S10,CENTRO OESTE,1672,R$/l,3.772,0.241,3.199,4.65,0.064,0.478,3.294,0.166,2.86,3.684,0.05
12/01/2018,ÓLEO DIESEL S10,NORDESTE,4044,R$/l,3.64,0.198,3.16,4.36,0.054,0.436,3.204,0.189,2.7685,3.6446,0.059
12/01/2018,ÓLEO DIESEL S10,NORTE,1285,R$/l,3.81,0.338,3.15,5.07,0.089,0.519,3.291,0.229,2.855,4.18,0.07
12/01/2018,ÓLEO DIESEL S10,SUDESTE,8450,R$/l,3.561,0.208,2.979,4.309,0.058,0.488,3.073,0.173,2.44,3.7768,0.056
12/01/2018,ÓLEO DIESEL S10,SUL,3157,R$/l,3.453,0.199,2.99,4.299,0.058,0.447,3.006,0.163,2.645,3.6174,0.054
12/01/2018,ETANOL HIDRATADO,CENTRO OESTE,2083,R$/l,2.975,0.265,2.377,3.699,0.089,0.358,2.617,0.238,2.15,3.1982,0.091
12/01/2018,ETANOL HIDRATADO,NORDESTE,3965,R$/l,3.271,0.245,2.72,4.299,0.075,0.455,2.816,0.17,2.23,3.41,0.06
12/01/2018,ETANOL HIDRATADO,NORTE,712,R$/l,3.698,0.267,3.27,4.65,0.072,0.429,3.269,0.176,2.8666,3.8,0.054
12/01/2018,ETANOL HIDRATADO,SUDESTE,10916,R$/l,2.734,0.35,2.149,4.12,0.128,0.329,2.405,0.288,1.9099,3.5726,0.12
12/01/2018,ETANOL HIDRATADO,SUL,2852,R$/l,2.966,0.499,2.52,4.98,0.168,0.334,2.632,0.426,2.3116,3.9435,0.162
12/01/2018,GASOLINA COMUM,CENTRO OESTE,2090,R$/l,4.401,0.22,3.89,5.08,0.05,0.508,3.893,0.134,3.558,4.1888,0.034
12/01/2018,GASOLINA COMUM,NORDESTE,4608,R$/l,4.394,0.238,3.81,5.2,0.054,0.54,3.854,0.133,3.4606,4.3858,0.035
12/01/2018,GASOLINA COMUM,NORTE,1542,R$/l,4.408,0.389,3.7,6.29,0.088,0.542,3.866,0.19,3.4,4.43,0.049
12/01/2018,GASOLINA COMUM,SUDESTE,11052,R$/l,4.377,0.334,3.669,5.69,0.076,0.511,3.866,0.297,3.34,4.7129,0.077
12/01/2018,GASOLINA COMUM,SUL,3929,R$/l,4.271,0.272,3.749,5.189,0.064,0.453,3.818,0.177,3.45,4.429,0.046
12/01/2018,GLP,CENTRO OESTE,1844,R$/13kg,78.225,12.378,54,120,0.158,18.565,59.66,7.782,46.06,86.5,0.13
12/01/2018,GLP,NORDESTE,3005,R$/13kg,67.018,6.052,50,90,0.09,16.006,51.012,5.343,32,75.19,0.105
12/01/2018,GLP,NORTE,1707,R$/13kg,76.485,8.292,62,100,0.108,13.112,63.373,6.323,32.4,76.62,0.1
12/01/2018,GLP,SUDESTE,7447,R$/13kg,67.891,6.059,50,92,0.089,16.978,50.913,4.811,35.77,75,0.094
12/01/2018,GLP,SUL,3519,R$/13kg,69.664,5.978,50,90,0.086,18.158,51.506,6.211,39.5,74,0.121
12/01/2018,GNV,CENTRO OESTE,12,R$/m3,2.776,0.124,2.679,3,0.045,0.818,1.958,0.12,1.6603,2.0025,0.061
12/01/2018,GNV,NORDESTE,257,R$/m3,3.17,0.327,2.699,3.82,0.103,0.769,2.401,0.396,1.6803,3.0834,0.165
12/01/2018,GNV,NORTE,3,R$/m3,3.41,0.299,3.19,3.75,0.088,0.931,2.479,0,2.4793,2.4793,0
12/01/2018,GNV,SUDESTE,705,R$/m3,2.974,0.427,1.949,3.999,0.144,0.787,2.187,0.235,1.64,2.8825,0.107
12/01/2018,GNV,SUL,161,R$/m3,3.081,0.268,2.299,3.789,0.087,0.841,2.24,0.187,1.8701,2.3877,0.083
01/01/2019,ÓLEO DIESEL,CENTRO OESTE,1647,R$/l,3.63,0.236,3.017,4.199,0.065,0.454,3.176,0.148,2.81,3.5408,0.047
01/01/2019,ÓLEO DIESEL,NORDESTE,2494,R$/l,3.491,0.187,3.11,4.4,0.054,0.401,3.09,0.13,2.69,3.5199,0.042
01/01/2019,ÓLEO DIESEL,NORTE,1364,R$/l,3.73,0.333,3.099,4.95,0.089,0.516,3.214,0.227,2.84,4.0712,0.071
01/01/2019,ÓLEO DIESEL,SUDESTE,7386,R$/l,3.375,0.187,2.87,4.219,0.055,0.39,2.985,0.146,2.5684,3.578,0.049
01/01/2019,ÓLEO DIESEL,SUL,2661,R$/l,3.278,0.171,2.899,4.489,0.052,0.404,2.874,0.108,2.61,3.2393,0.038
01/01/2019,ÓLEO DIESEL S10,CENTRO OESTE,2060,R$/l,3.71,0.221,3.199,4.499,0.06,0.462,3.248,0.144,2.87,3.676,0.044
01/01/2019,ÓLEO DIESEL S10,NORDESTE,5127,R$/l,3.569,0.183,3.14,4.41,0.051,0.427,3.142,0.138,2.89,3.5469,0.044
01/01/2019,ÓLEO DIESEL S10,NORTE,1633,R$/l,3.757,0.349,3.129,5.07,0.093,0.491,3.266,0.242,2.86,4.2559,0.074
01/01/2019,ÓLEO DIESEL S10,SUDESTE,10619,R$/l,3.507,0.193,2.979,4.319,0.055,0.451,3.056,0.148,2.567,3.5639,0.048
01/01/2019,ÓLEO DIESEL S10,SUL,3996,R$/l,3.386,0.19,2.98,4.589,0.056,0.442,2.944,0.124,2.645,3.4654,0.042
01/01/2019,ETANOL HIDRATADO,CENTRO OESTE,2610,R$/l,2.902,0.275,2.355,3.839,0.095,0.364,2.538,0.258,2.03,3.283,0.102
01/01/2019,ETANOL HIDRATADO,NORDESTE,4992,R$/l,3.276,0.228,2.72,4.299,0.07,0.405,2.871,0.164,2.3145,3.3987,0.057
01/01/2019,ETANOL HIDRATADO,NORTE,925,R$/l,3.646,0.298,3.19,4.8,0.082,0.381,3.265,0.164,2.8898,3.8788,0.05
01/01/2019,ETANOL HIDRATADO,SUDESTE,13683,R$/l,2.728,0.4,2.179,4.499,0.147,0.326,2.402,0.358,1.9072,3.9105,0.149
01/01/2019,ETANOL HIDRATADO,SUL,3581,R$/l,2.936,0.502,2.49,4.949,0.171,0.324,2.612,0.405,2.1923,3.9223,0.155
01/01/2019,GASOLINA COMUM,CENTRO OESTE,2606,R$/l,4.278,0.236,3.789,4.999,0.055,0.502,3.776,0.127,3.4649,4.1294,0.034
01/01/2019,GASOLINA COMUM,NORDESTE,5793,R$/l,4.288,0.246,3.79,5.189,0.057,0.512,3.776,0.115,3.4476,4.377,0.03
01/01/2019,GASOLINA COMUM,NORTE,1949,R$/l,4.269,0.406,3.39,6.29,0.095,0.547,3.722,0.249,3.1528,4.3829,0.067
01/01/2019,GASOLINA COMUM,SUDESTE,13805,R$/l,4.298,0.347,3.475,5.599,0.081,0.516,3.782,0.308,3,4.8846,0.081
01/01/2019,GASOLINA COMUM,SUL,4903,R$/l,4.176,0.253,3.659,4.999,0.061,0.436,3.74,0.16,3.35,4.221,0.043
01/01/2019,GLP,CENTRO OESTE,2303,R$/13kg,77.923,12.372,50,120,0.159,18.422,59.501,7.208,43,88,0.121
01/01/2019,GLP,NORDESTE,3753,R$/13kg,67.037,6.036,50,85,0.09,15.901,51.136,5.097,32,69.19,0.1
01/01/2019,GLP,NORTE,2134,R$/13kg,76.724,7.979,60,100,0.104,14.678,62.046,6.361,45.41,76.62,0.103
01/01/2019,GLP,SUDESTE,9307,R$/13kg,67.671,6.044,49.9,93,0.089,17.322,50.349,4.83,38,75,0.096
01/01/2019,GLP,SUL,4398,R$/13kg,69.661,5.872,47.99,89,0.084,18.592,51.069,5.837,35.91,69,0.114
01/01/2019,GNV,CENTRO OESTE,18,R$/m3,2.933,0.182,2.679,3.299,0.062,0.725,2.208,0.345,1.6603,2.8664,0.156
01/01/2019,GNV,NORDESTE,316,R$/m3,3.195,0.322,2.69,3.74,0.101,0.805,2.39,0.41,1.6451,3.0717,0.172
01/01/2019,GNV,NORTE,2,R$/m3,3.17,0.028,3.15,3.19,0.009,0.665,2.505,0.036,2.48,2.5306,0.014
01/01/2019,GNV,SUDESTE,875,R$/m3,3.004,0.424,1.995,3.999,0.141,0.685,2.319,0.22,1.64,2.8759,0.095
01/01/2019,GNV,SUL,212,R$/m3,3.133,0.247,2.79,3.809,0.079,0.866,2.267,0.203,1.8394,2.4542,0.09
02/01/2019,ÓLEO DIESEL,CENTRO OESTE,1266,R$/l,3.633,0.217,3.189,4.24,0.06,0.411,3.222,0.137,2.845,3.6366,0.043
02/01/2019,ÓLEO DIESEL,NORDESTE,2017,R$/l,3.49,0.175,3.02,4.3,0.05,0.348,3.142,0.108,2.7,3.55,0.034
02/01/2019,ÓLEO DIESEL,NORTE,1081,R$/l,3.724,0.314,3.14,4.95,0.084,0.451,3.273,0.233,2.88,4.062,0.071
02/01/2019,ÓLEO DIESEL,SUDESTE,5892,R$/l,3.405,0.179,2.94,4.489,0.053,0.343,3.062,0.132,2.665,3.578,0.043
02/01/2019,ÓLEO DIESEL,SUL,2188,R$/l,3.296,0.161,2.89,3.917,0.049,0.358,2.938,0.093,2.7,3.2393,0.032
02/01/2019,ÓLEO DIESEL S10,CENTRO OESTE,1677,R$/l,3.712,0.199,3.29,4.32,0.054,0.402,3.31,0.139,2.99,3.715,0.042
02/01/2019,ÓLEO DIESEL S10,NORDESTE,4131,R$/l,3.567,0.173,3.199,4.59,0.049,0.386,3.181,0.107,2.93,3.5646,0.034
02/01/2019,ÓLEO DIESEL S10,NORTE,1311,R$/l,3.749,0.357,3.15,5.07,0.095,0.422,3.327,0.245,2.89,4.21,0.074
02/01/2019,ÓLEO DIESEL S10,SUDESTE,8555,R$/l,3.519,0.185,2.999,4.589,0.053,0.387,3.132,0.136,2.567,3.67,0.043
02/01/2019,ÓLEO DIESEL S10,SUL,3227,R$/l,3.397,0.176,2.79,4.299,0.052,0.405,2.992,0.115,2.4795,3.4431,0.038
02/01/2019,ETANOL HIDRATADO,CENTRO OESTE,2094,R$/l,2.806,0.304,2.269,3.699,0.108,0.403,2.403,0.274,2.04,3.147,0.114
02/01/2019,ETANOL HIDRATADO,NORDESTE,3992,R$/l,3.265,0.236,2.749,4.299,0.072,0.389,2.876,0.164,1.7258,3.5872,0.057
02/01/2019,ETANOL HIDRATADO,NORTE,754,R$/l,3.569,0.326,3.05,4.65,0.091,0.424,3.145,0.205,2.3962,3.7999,0.065
02/01/2019,ETANOL HIDRATADO,SUDESTE,10938,R$/l,2.71,0.418,2.129,4.529,0.154,0.342,2.368,0.378,1.9091,3.723,0.16
02/01/2019,ETANOL HIDRATADO,SUL,2881,R$/l,2.918,0.492,2.42,4.949,0.169,0.335,2.583,0.426,2.1923,4.1882,0.165
02/01/2019,GASOLINA COMUM,CENTRO OESTE,2087,R$/l,4.205,0.235,3.549,4.899,0.056,0.475,3.73,0.132,3.435,4.37,0.035
02/01/2019,GASOLINA COMUM,NORDESTE,4644,R$/l,4.219,0.262,3.629,5.189,0.062,0.477,3.742,0.109,3.2808,4.2989,0.029
02/01/2019,GASOLINA COMUM,NORTE,1553,R$/l,4.181,0.392,3.397,5.69,0.094,0.512,3.669,0.254,3.15,4.28,0.069
02/01/2019,GASOLINA COMUM,SUDESTE,11051,R$/l,4.225,0.353,3.449,5.599,0.084,0.471,3.754,0.301,2.9257,4.6034,0.08
02/01/2019,GASOLINA COMUM,SUL,3916,R$/l,4.078,0.23,3.59,4.999,0.056,0.4,3.678,0.146,3.2079,4.2571,0.04
02/01/2019,GLP,CENTRO OESTE,1843,R$/13kg,77.687,12.101,50,115,0.156,18.893,58.794,7.215,44.88,86,0.123
02/01/2019,GLP,NORDESTE,3006,R$/13kg,67.061,6.166,50,90,0.092,15.591,51.47,5.066,32,69.19,0.098
02/01/2019,GLP,NORTE,1705,R$/13kg,76.771,7.767,63,100,0.101,15.18,61.591,6.487,45.5,73,0.105
02/01/2019,GLP,SUDESTE,7443,R$/13kg,67.364,6.15,49.99,95,0.091,17.066,50.298,4.874,39,75,0.097
02/01/2019,GLP,SUL,3514,R$/13kg,69.54,5.9,47.99,90,0.085,18.42,51.12,5.574,36.67,68,0.109
02/01/2019,GNV,CENTRO OESTE,16,R$/m3,3.057,0.213,2.74,3.699,0.07,1.066,1.991,0.279,1.6603,2.3727,0.14
02/01/2019,GNV,NORDESTE,258,R$/m3,3.237,0.331,2.69,3.74,0.102,0.792,2.445,0.404,1.7055,3.18,0.165
02/01/2019,GNV,NORTE,4,R$/m3,3.182,0.022,3.15,3.199,0.007,0.667,2.515,0.023,2.4987,2.5306,0.009
02/01/2019,GNV,SUDESTE,697,R$/m3,3.082,0.31,2.159,4.19,0.101,0.757,2.325,0.245,1.64,2.8887,0.105
02/01/2019,GNV,SUL,216,R$/m3,3.076,0.276,2.589,3.809,0.09,0.839,2.237,0.185,1.9089,2.4857,0.083
03/01/2019,ÓLEO DIESEL,CENTRO OESTE,1266,R$/l,3.7,0.209,3.19,4.47,0.056,0.386,3.314,0.141,2.998,3.672,0.043
03/01/2019,ÓLEO DIESEL,NORDESTE,2012,R$/l,3.557,0.155,2.99,4.31,0.044,0.345,3.212,0.105,2.7,3.548,0.033
03/01/2019,ÓLEO DIESEL,NORTE,1044,R$/l,3.786,0.322,3.15,4.95,0.085,0.452,3.334,0.223,2.92,4.19,0.067
03/01/2019,ÓLEO DIESEL,SUDESTE,5808,R$/l,3.496,0.169,2.94,4.589,0.048,0.351,3.145,0.125,2.79,3.734,0.04
03/01/2019,ÓLEO DIESEL,SUL,2161,R$/l,3.37,0.144,2.899,3.948,0.043,0.357,3.013,0.094,2.7877,3.3014,0.031
03/01/2019,ÓLEO DIESEL S10,CENTRO OESTE,1652,R$/l,3.771,0.196,3.29,4.57,0.052,0.39,3.381,0.133,3.035,3.7464,0.039
03/01/2019,ÓLEO DIESEL S10,NORDESTE,4106,R$/l,3.633,0.16,3.24,4.59,0.044,0.371,3.262,0.102,2.9857,3.6095,0.031
03/01/2019,ÓLEO DIESEL S10,NORTE,1308,R$/l,3.805,0.343,3.15,5.07,0.09,0.415,3.39,0.231,2.962,4.31,0.068
03/01/2019,ÓLEO DIESEL S10,SUDESTE,8527,R$/l,3.598,0.175,3.079,4.689,0.049,0.381,3.217,0.127,2.84,3.732,0.039
03/01/2019,ÓLEO DIESEL S10,SUL,3236,R$/l,3.467,0.164,2.979,4.137,0.047,0.392,3.075,0.114,2.7533,3.5142,0.037
03/01/2019,ETANOL HIDRATADO,CENTRO OESTE,2084,R$/l,2.818,0.315,2.269,3.799,0.112,0.351,2.467,0.328,2.01,3.241,0.133
03/01/2019,ETANOL HIDRATADO,NORDESTE,4009,R$/l,3.379,0.218,2.749,4.299,0.065,0.391,2.988,0.173,1.9108,3.4869,0.058
03/01/2019,ETANOL HIDRATADO,NORTE,756,R$/l,3.591,0.319,3.07,4.7,0.089,0.436,3.155,0.219,2.7868,3.9992,0.069
03/01/2019,ETANOL HIDRATADO,SUDESTE,10950,R$/l,2.913,0.414,2.19,4.599,0.142,0.33,2.583,0.396,1.9964,4.1216,0.153
03/01/2019,ETANOL HIDRATADO,SUL,2862,R$/l,3.087,0.455,2.579,4.949,0.147,0.33,2.757,0.392,2.2402,4.0139,0.142
03/01/2019,GASOLINA COMUM,CENTRO OESTE,2081,R$/l,4.274,0.212,3.699,5.05,0.05,0.401,3.873,0.143,3.509,4.37,0.037
03/01/2019,GASOLINA COMUM,NORDESTE,4645,R$/l,4.371,0.229,3.749,5.189,0.052,0.506,3.865,0.125,3.43,4.3417,0.032
03/01/2019,GASOLINA COMUM,NORTE,1549,R$/l,4.334,0.334,3.499,5.69,0.077,0.509,3.825,0.252,3.2459,4.36,0.066
03/01/2019,GASOLINA COMUM,SUDESTE,11026,R$/l,4.315,0.351,3.499,5.988,0.081,0.412,3.903,0.306,2.93,4.7399,0.078
03/01/2019,GASOLINA COMUM,SUL,3918,R$/l,4.215,0.245,3.69,5.099,0.058,0.384,3.831,0.16,3.31,4.457,0.042
03/01/2019,GLP,CENTRO OESTE,1842,R$/13kg,77.489,11.912,55,110,0.154,18.31,59.179,7.847,44,90,0.133
03/01/2019,GLP,NORDESTE,3005,R$/13kg,67.274,6.218,50,90,0.092,15.65,51.624,4.803,32,69.19,0.093
03/01/2019,GLP,NORTE,1698,R$/13kg,76.927,7.606,63,100,0.099,15.537,61.39,6.255,45.85,74,0.102
03/01/2019,GLP,SUDESTE,7443,R$/13kg,67.312,5.994,50,95,0.089,17.144,50.168,4.873,39,72.5,0.097
03/01/2019,GLP,SUL,3512,R$/13kg,69.722,5.863,47.99,90,0.084,18.462,51.26,5.507,36.1,68,0.107
03/01/2019,GNV,CENTRO OESTE,11,R$/m3,2.944,0.066,2.898,3.049,0.022,0.76,2.184,0.178,1.8512,2.3727,0.082
03/01/2019,GNV,NORDESTE,283,R$/m3,3.277,0.357,2.69,3.78,0.109,0.777,2.5,0.366,1.7055,3.18,0.146
03/01/2019,GNV,NORTE,4,R$/m3,3.182,0.022,3.15,3.199,0.007,0.691,2.491,0.017,2.4713,2.502,0.007
03/01/2019,GNV,SUDESTE,713,R$/m3,3.092,0.286,2.39,4.19,0.092,0.739,2.353,0.179,1.8198,3.0699,0.076
03/01/2019,GNV,SUL,198,R$/m3,3.121,0.277,2.589,3.809,0.089,0.745,2.376,0.326,1.8705,3.3724,0.137
04/01/2019,ÓLEO DIESEL,CENTRO OESTE,1566,R$/l,3.731,0.206,3.289,4.47,0.055,0.407,3.324,0.139,3.04,3.7409,0.042
04/01/2019,ÓLEO DIESEL,NORDESTE,2369,R$/l,3.621,0.156,3.22,4.307,0.043,0.391,3.23,0.099,2.99,3.5229,0.031
04/01/2019,ÓLEO DIESEL,NORTE,1208,R$/l,3.811,0.314,3.2,4.95,0.082,0.457,3.354,0.208,2.95,4.24,0.062
04/01/2019,ÓLEO DIESEL,SUDESTE,6809,R$/l,3.531,0.168,2.989,4.589,0.048,0.372,3.159,0.127,2.597,4.136,0.04
04/01/2019,ÓLEO DIESEL,SUL,2621,R$/l,3.427,0.145,3.04,4.38,0.042,0.4,3.027,0.091,2.82,3.31,0.03
04/01/2019,ÓLEO DIESEL S10,CENTRO OESTE,2042,R$/l,3.805,0.195,3.299,4.57,0.051,0.408,3.397,0.134,3.11,3.826,0.039
04/01/2019,ÓLEO DIESEL S10,NORDESTE,4900,R$/l,3.679,0.159,3.26,4.797,0.043,0.41,3.269,0.118,3.0176,3.6476,0.036
04/01/2019,ÓLEO DIESEL S10,NORTE,1488,R$/l,3.841,0.338,3.25,5.07,0.088,0.445,3.396,0.237,2.97,4.35,0.07
04/01/2019,ÓLEO DIESEL S10,SUDESTE,10049,R$/l,3.633,0.175,2.999,4.689,0.048,0.408,3.225,0.127,2.7231,3.98,0.039
04/01/2019,ÓLEO DIESEL S10,SUL,3888,R$/l,3.517,0.168,3.099,4.68,0.048,0.407,3.11,0.098,2.877,3.46,0.032
04/01/2019,ETANOL HIDRATADO,CENTRO OESTE,2580,R$/l,2.893,0.352,2.337,3.999,0.122,0.4,2.493,0.366,2.07,3.4093,0.147
04/01/2019,ETANOL HIDRATADO,NORDESTE,4757,R$/l,3.512,0.201,2.943,4.4,0.057,0.404,3.108,0.184,2.3299,3.6404,0.059
04/01/2019,ETANOL HIDRATADO,NORTE,814,R$/l,3.639,0.298,3.17,4.75,0.082,0.426,3.213,0.246,2.62,4.2137,0.077
04/01/2019,ETANOL HIDRATADO,SUDESTE,12752,R$/l,2.951,0.432,2.299,4.899,0.146,0.387,2.564,0.414,2.0799,4.19,0.161
04/01/2019,ETANOL HIDRATADO,SUL,3461,R$/l,3.158,0.481,2.57,4.949,0.152,0.397,2.761,0.453,2.229,4.2411,0.164
04/01/2019,GASOLINA COMUM,CENTRO OESTE,2579,R$/l,4.415,0.21,3.879,5.17,0.048,0.412,4.003,0.135,3.612,4.4105,0.034
04/01/2019,GASOLINA COMUM,NORDESTE,5484,R$/l,4.504,0.211,3.899,5.3,0.047,0.503,4.001,0.11,3.6,4.4279,0.027
04/01/2019,GASOLINA COMUM,NORTE,1784,R$/l,4.48,0.321,3.759,5.69,0.072,0.501,3.979,0.236,3.4,4.59,0.059
04/01/2019,GASOLINA COMUM,SUDESTE,12848,R$/l,4.42,0.348,3.599,5.988,0.079,0.4,4.02,0.304,2.93,5.0153,0.076
04/01/2019,GASOLINA COMUM,SUL,4690,R$/l,4.393,0.265,3.85,5.299,0.06,0.422,3.971,0.159,3.55,4.4701,0.04
04/01/2019,GLP,CENTRO OESTE,2209,R$/13kg,77.737,11.704,55,115,0.151,18.469,59.268,7.895,44,90,0.133
04/01/2019,GLP,NORDESTE,3480,R$/13kg,67.216,6.405,50,90,0.095,15.585,51.631,4.588,39.99,68,0.089
04/01/2019,GLP,NORTE,1929,R$/13kg,76.648,7.106,63,100,0.093,14.721,61.927,6.154,46.79,74,0.099
04/01/2019,GLP,SUDESTE,8663,R$/13kg,67.165,6.014,50,95,0.09,17.202,49.963,4.972,39,75,0.1
04/01/2019,GLP,SUL,4331,R$/13kg,69.521,5.753,55,90,0.083,18.095,51.426,5.498,35.92,68,0.107
04/01/2019,GNV,CENTRO OESTE,16,R$/m3,3.069,0.096,2.899,3.289,0.031,0.954,2.115,0.205,1.851,2.3727,0.097
04/01/2019,GNV,NORDESTE,346,R$/m3,3.298,0.364,2.69,3.95,0.11,0.794,2.504,0.346,1.7044,3.1941,0.138
04/01/2019,GNV,NORTE,4,R$/m3,3.19,0.178,3.19,3.499,0.056,0.713,2.477,0,2.4774,2.4774,0
04/01/2019,GNV,SUDESTE,839,R$/m3,3.103,0.286,2.479,4.19,0.092,0.66,2.443,0.189,1.94,3.0699,0.077
04/01/2019,GNV,SUL,222,R$/m3,3.118,0.278,2.58,3.89,0.089,0.775,2.343,0.269,1.8046,2.7938,0.115
05/01/2019,ÓLEO DIESEL,CENTRO OESTE,1311,R$/l,3.805,0.198,3.389,4.47,0.052,0.394,3.411,0.127,3.135,3.6935,0.037
05/01/2019,ÓLEO DIESEL,NORDESTE,2135,R$/l,3.705,0.151,3.358,4.307,0.041,0.367,3.338,0.091,3.034,3.6149,0.027
05/01/2019,ÓLEO DIESEL,NORTE,1104,R$/l,3.875,0.309,3.25,4.95,0.08,0.452,3.423,0.197,3.05,4.27,0.058
05/01/2019,ÓLEO DIESEL,SUDESTE,6341,R$/l,3.61,0.162,3.089,4.749,0.045,0.349,3.261,0.118,2.82,3.742,0.036
05/01/2019,ÓLEO DIESEL,SUL,2329,R$/l,3.499,0.139,3.19,4.28,0.04,0.371,3.128,0.087,2.898,3.4571,0.028
05/01/2019,ÓLEO DIESEL S10,CENTRO OESTE,1674,R$/l,3.879,0.184,3.549,4.57,0.047,0.393,3.486,0.125,3.122,3.8715,0.036
05/01/2019,ÓLEO DIESEL S10,NORDESTE,4383,R$/l,3.749,0.155,3.26,4.57,0.041,0.399,3.35,0.117,3.019,3.6939,0.035
05/01/2019,ÓLEO DIESEL S10,NORTE,1378,R$/l,3.908,0.328,3.25,5.07,0.084,0.442,3.466,0.221,3.14,4.39,0.064
05/01/2019,ÓLEO DIESEL S10,SUDESTE,9370,R$/l,3.704,0.17,3.199,4.849,0.046,0.377,3.327,0.125,2.212,4.0338,0.038
05/01/2019,ÓLEO DIESEL S10,SUL,3432,R$/l,3.584,0.156,3.23,4.36,0.044,0.39,3.194,0.099,2.9419,3.6813,0.031
05/01/2019,ETANOL HIDRATADO,CENTRO OESTE,2136,R$/l,2.966,0.339,2.377,3.999,0.114,0.456,2.51,0.315,2.09,3.3521,0.125
05/01/2019,ETANOL HIDRATADO,NORDESTE,4268,R$/l,3.677,0.199,3.048,4.599,0.054,0.477,3.2,0.215,2.1309,3.9568,0.067
05/01/2019,ETANOL HIDRATADO,NORTE,777,R$/l,3.69,0.297,3.19,4.97,0.08,0.438,3.252,0.224,2.6,4.2137,0.069
05/01/2019,ETANOL HIDRATADO,SUDESTE,11886,R$/l,2.908,0.48,2.259,4.999,0.165,0.413,2.495,0.446,2.0347,4.0928,0.179
05/01/2019,ETANOL HIDRATADO,SUL,3021,R$/l,3.125,0.536,2.68,4.949,0.172,0.414,2.711,0.476,2.229,4.2782,0.176
05/01/2019,GASOLINA COMUM,CENTRO OESTE,2130,R$/l,4.57,0.212,4.089,5.199,0.046,0.422,4.148,0.133,3.83,4.46,0.032
05/01/2019,GASOLINA COMUM,NORDESTE,4961,R$/l,4.641,0.195,3.799,5.289,0.042,0.504,4.137,0.108,3.7524,4.817,0.026
05/01/2019,GASOLINA COMUM,NORTE,1654,R$/l,4.564,0.36,3.88,5.69,0.079,0.477,4.087,0.225,3.68,4.8593,0.055
05/01/2019,GASOLINA COMUM,SUDESTE,11989,R$/l,4.531,0.345,3.699,5.859,0.076,0.384,4.147,0.302,3.387,5.024,0.073
05/01/2019,GASOLINA COMUM,SUL,4107,R$/l,4.488,0.283,3.879,5.399,0.063,0.397,4.091,0.179,3.44,4.694,0.044
05/01/2019,GLP,CENTRO OESTE,1938,R$/13kg,78.06,11.75,53,115,0.151,18.57,59.49,7.959,44,90,0.134
05/01/2019,GLP,NORDESTE,3274,R$/13kg,67.571,6.244,50,90,0.092,15.371,52.2,4.655,32,70,0.089
05/01/2019,GLP,NORTE,1873,R$/13kg,77.029,7.246,65,110,0.094,14.921,62.108,6.097,46.21,81,0.098
05/01/2019,GLP,SUDESTE,8095,R$/13kg,67.1,5.998,50,95,0.089,17.061,50.039,4.82,39,74.1,0.096
05/01/2019,GLP,SUL,3540,R$/13kg,70.218,5.833,55,90,0.083,18.137,52.081,5.569,36.14,69,0.107
05/01/2019,GNV,CENTRO OESTE,7,R$/m3,3.153,0.363,2.898,3.889,0.115,1.083,2.07,0.2,1.8512,2.2161,0.097
05/01/2019,GNV,NORDESTE,302,R$/m3,3.298,0.362,2.599,3.799,0.11,0.863,2.435,0.398,1.7055,3.1941,0.163
05/01/2019,GNV,NORTE,2,R$/m3,3.1,0.071,3.05,3.15,0.023,0.664,2.436,0.05,2.4,2.4713,0.021
05/01/2019,GNV,SUDESTE,765,R$/m3,3.089,0.302,2.449,4.19,0.098,0.632,2.457,0.167,1.93,3.0699,0.068
05/01/2019,GNV,SUL,206,R$/m3,3.121,0.28,2.589,3.888,0.09,0.993,2.128,0.231,1.8206,2.5588,0.109
06/01/2019,ÓLEO DIESEL,CENTRO OESTE,1313,R$/l,3.758,0.193,3.289,4.389,0.051,0.421,3.337,0.14,2.99,3.6981,0.042
06/01/2019,ÓLEO DIESEL,NORDESTE,2020,R$/l,3.664,0.161,3.258,4.65,0.044,0.375,3.289,0.116,3.02,3.7593,0.035
06/01/2019,ÓLEO DIESEL,NORTE,1023,R$/l,3.863,0.31,3.3,4.95,0.08,0.48,3.383,0.218,2.937,4.27,0.064
06/01/2019,ÓLEO DIESEL,SUDESTE,5933,R$/l,3.56,0.167,3.089,4.659,0.047,0.377,3.183,0.131,2.854,3.742,0.041
06/01/2019,ÓLEO DIESEL,SUL,2171,R$/l,3.465,0.148,3.09,4.068,0.043,0.401,3.064,0.112,2.79,3.4571,0.037
06/01/2019,ÓLEO DIESEL S10,CENTRO OESTE,1661,R$/l,3.839,0.182,3.43,4.489,0.047,0.439,3.4,0.149,3.03,3.757,0.044
06/01/2019,ÓLEO DIESEL S10,NORDESTE,4116,R$/l,3.706,0.168,3.299,4.69,0.045,0.407,3.299,0.137,2.96,3.6845,0.042
06/01/2019,ÓLEO DIESEL S10,NORTE,1275,R$/l,3.888,0.331,3.33,5.07,0.085,0.495,3.393,0.242,3.0714,4.4,0.071
06/01/2019,ÓLEO DIESEL S10,SUDESTE,8649,R$/l,3.664,0.174,3.129,4.759,0.047,0.418,3.246,0.133,2.885,3.8434,0.041
06/01/2019,ÓLEO DIESEL S10,SUL,3286,R$/l,3.556,0.163,3.099,4.29,0.046,0.418,3.138,0.118,2.85,3.6813,0.038
06/01/2019,ETANOL HIDRATADO,CENTRO OESTE,2098,R$/l,2.792,0.367,2.177,3.999,0.131,0.401,2.391,0.321,2.06,3.389,0.134
06/01/2019,ETANOL HIDRATADO,NORDESTE,4024,R$/l,3.607,0.214,2.89,4.4,0.059,0.492,3.115,0.249,2.379,3.883,0.08
06/01/2019,ETANOL HIDRATADO,NORTE,703,R$/l,3.666,0.312,3.17,4.97,0.085,0.463,3.203,0.177,2.7478,3.6868,0.055
06/01/2019,ETANOL HIDRATADO,SUDESTE,10952,R$/l,2.724,0.482,2.159,4.699,0.177,0.341,2.383,0.42,1.8363,4.0339,0.176
06/01/2019,ETANOL HIDRATADO,SUL,2849,R$/l,2.985,0.575,2.529,4.949,0.193,0.366,2.619,0.439,2.2729,4.2262,0.168
06/01/2019,GASOLINA COMUM,CENTRO OESTE,2080,R$/l,4.457,0.209,3.969,5.17,0.047,0.44,4.017,0.144,3.72,4.37,0.036
06/01/2019,GASOLINA COMUM,NORDESTE,4651,R$/l,4.553,0.192,3.95,5.79,0.042,0.535,4.018,0.118,3.75,4.8852,0.029
06/01/2019,GASOLINA COMUM,NORTE,1533,R$/l,4.611,0.327,3.77,5.69,0.071,0.629,3.982,0.221,3.57,4.64,0.055
06/01/2019,GASOLINA COMUM,SUDESTE,11047,R$/l,4.45,0.353,3.679,5.859,0.079,0.439,4.011,0.306,3.502,5.091,0.076
06/01/2019,GASOLINA COMUM,SUL,3924,R$/l,4.365,0.29,3.699,5.369,0.066,0.392,3.973,0.197,3.59,4.655,0.05
06/01/2019,GLP,CENTRO OESTE,1841,R$/13kg,77.76,11.69,53,115,0.15,18.352,59.408,8.011,44,90,0.135
06/01/2019,GLP,NORDESTE,3000,R$/13kg,67.499,5.917,50,85,0.088,15.196,52.303,4.798,35.99,70,0.092
06/01/2019,GLP,NORTE,1684,R$/13kg,77.156,7.029,62,100,0.091,14.669,62.487,6.196,49,81,0.099
06/01/2019,GLP,SUDESTE,7444,R$/13kg,67.184,6.022,50,95,0.09,17.043,50.141,5.001,39,76.05,0.1
06/01/2019,GLP,SUL,3505,R$/13kg,69.869,5.983,55,90,0.086,17.656,52.213,5.779,37.028,69,0.111
06/01/2019,GNV,CENTRO OESTE,9,R$/m3,2.937,0.036,2.898,2.999,0.012,0.825,2.112,0.202,1.85,2.3727,0.096
06/01/2019,GNV,NORDESTE,291,R$/m3,3.286,0.367,2.69,3.869,0.112,0.827,2.459,0.407,1.7116,3.1941,0.166
06/01/2019,GNV,NORTE,3,R$/m3,3.163,0.023,3.15,3.19,0.007,0.695,2.468,0.005,2.4644,2.4713,0.002
06/01/2019,GNV,SUDESTE,725,R$/m3,3.1,0.271,2.679,3.999,0.087,0.727,2.373,0.185,1.9866,3.2887,0.078
06/01/2019,GNV,SUL,203,R$/m3,3.127,0.291,2.499,3.89,0.093,1.027,2.1,0.326,1.6851,2.8661,0.155
07/01/2019,ÓLEO DIESEL,CENTRO OESTE,1583,R$/l,3.685,0.192,3.26,4.28,0.052,0.431,3.254,0.124,2.96,3.5301,0.038
07/01/2019,ÓLEO DIESEL,NORDESTE,2405,R$/l,3.582,0.16,3.18,4.307,0.045,0.373,3.209,0.114,2.75,3.677,0.036
07/01/2019,ÓLEO DIESEL,NORTE,1258,R$/l,3.796,0.31,3.19,4.95,0.082,0.483,3.313,0.194,2.93,4.1922,0.059
07/01/2019,ÓLEO DIESEL,SUDESTE,7084,R$/l,3.499,0.172,3.029,4.269,0.049,0.409,3.09,0.119,2.6765,3.5945,0.039
07/01/2019,ÓLEO DIESEL,SUL,2580,R$/l,3.393,0.159,3.049,4.079,0.047,0.43,2.963,0.093,2.755,3.3972,0.031
07/01/2019,ÓLEO DIESEL S10,CENTRO OESTE,1928,R$/l,3.778,0.188,3.249,4.38,0.05,0.456,3.322,0.131,3.01,3.659,0.039
07/01/2019,ÓLEO DIESEL S10,NORDESTE,4952,R$/l,3.635,0.173,3.22,4.413,0.048,0.426,3.209,0.141,2.892,3.6428,0.044
07/01/2019,ÓLEO DIESEL S10,NORTE,1599,R$/l,3.807,0.333,3.279,5.07,0.087,0.49,3.317,0.208,2.97,4.325,0.063
07/01/2019,ÓLEO DIESEL S10,SUDESTE,10491,R$/l,3.612,0.179,3.09,4.393,0.05,0.455,3.157,0.124,2.69,3.7895,0.039
07/01/2019,ÓLEO DIESEL S10,SUL,3979,R$/l,3.493,0.176,3.07,4.29,0.05,0.446,3.047,0.115,2.7279,3.576,0.038
07/01/2019,ETANOL HIDRATADO,CENTRO OESTE,2486,R$/l,2.701,0.363,2.117,3.899,0.134,0.323,2.378,0.318,1.903,3.2165,0.134
07/01/2019,ETANOL HIDRATADO,NORDESTE,4815,R$/l,3.483,0.242,2.79,4.4,0.069,0.413,3.07,0.234,2.3155,3.6186,0.076
07/01/2019,ETANOL HIDRATADO,NORTE,848,R$/l,3.575,0.312,3.19,4.97,0.087,0.441,3.134,0.174,2.6476,3.6868,0.056
07/01/2019,ETANOL HIDRATADO,SUDESTE,13305,R$/l,2.681,0.464,2.099,4.499,0.173,0.311,2.37,0.409,1.9563,3.8446,0.173
07/01/2019,ETANOL HIDRATADO,SUL,3431,R$/l,2.881,0.57,2.45,4.949,0.198,0.318,2.563,0.436,2.0786,4.2594,0.17
07/01/2019,GASOLINA COMUM,CENTRO OESTE,2457,R$/l,4.312,0.214,3.879,4.99,0.05,0.425,3.887,0.139,3.6,4.1918,0.036
07/01/2019,GASOLINA COMUM,NORDESTE,5563,R$/l,4.414,0.224,3.85,5.31,0.051,0.497,3.917,0.1,3.6283,4.3838,0.026
07/01/2019,GASOLINA COMUM,NORTE,1895,R$/l,4.488,0.348,3.63,5.69,0.078,0.587,3.901,0.199,3.449,4.56,0.051
07/01/2019,GASOLINA COMUM,SUDESTE,13387,R$/l,4.355,0.346,3.569,5.859,0.079,0.454,3.901,0.295,3.4,4.79,0.076
07/01/2019,GASOLINA COMUM,SUL,4763,R$/l,4.234,0.312,3.599,5.21,0.074,0.381,3.853,0.183,3.4801,4.3718,0.047
07/01/2019,GLP,CENTRO OESTE,2304,R$/13kg,77.315,11.552,55,115,0.149,17.633,59.682,7.866,44,90,0.132
07/01/2019,GLP,NORDESTE,3646,R$/13kg,67.357,6.041,50,89,0.09,15.557,51.8,4.7,32,70,0.091
07/01/2019,GLP,NORTE,2080,R$/13kg,76.887,6.745,65,108,0.088,14.409,62.478,6.362,48,81,0.102
07/01/2019,GLP,SUDESTE,8709,R$/13kg,67.016,6.111,49.99,95,0.091,16.969,50.047,5.007,39,75,0.1
07/01/2019,GLP,SUL,4288,R$/13kg,69.806,5.857,50,90,0.084,17.638,52.168,5.623,37.02,69,0.108
07/01/2019,GNV,CENTRO OESTE,12,R$/m3,3.31,0.249,2.897,3.797,0.075,1.136,2.174,0.182,1.8512,2.3727,0.084
07/01/2019,GNV,NORDESTE,339,R$/m3,3.235,0.342,2.699,3.799,0.106,0.821,2.414,0.393,1.7116,3.3282,0.163
07/01/2019,GNV,NORTE,4,R$/m3,3.163,0.353,3.15,3.869,0.112,0.693,2.47,0.002,2.4688,2.4713,0.001
07/01/2019,GNV,SUDESTE,818,R$/m3,3.1,0.273,2.629,4.19,0.088,0.633,2.467,0.201,2.0179,3.0612,0.081
07/01/2019,GNV,SUL,205,R$/m3,3.115,0.322,2.489,3.999,0.103,0.855,2.26,0.342,1.8117,3.0263,0.151
08/01/2019,ÓLEO DIESEL,CENTRO OESTE,1350,R$/l,3.672,0.194,3.26,4.28,0.053,0.424,3.248,0.124,2.9587,3.5647,0.038
08/01/2019,ÓLEO DIESEL,NORDESTE,2084,R$/l,3.557,0.172,3.16,4.49,0.048,0.371,3.186,0.11,2.75,3.4878,0.035
08/01/2019,ÓLEO DIESEL,NORTE,1033,R$/l,3.777,0.3,3.19,4.95,0.079,0.445,3.332,0.196,2.89,4.1197,0.059
08/01/2019,ÓLEO DIESEL,SUDESTE,6145,R$/l,3.489,0.17,3.07,4.34,0.049,0.4,3.089,0.115,2.6765,3.5162,0.037
08/01/2019,ÓLEO DIESEL,SUL,2202,R$/l,3.358,0.156,3.048,3.999,0.046,0.395,2.963,0.094,2.59,3.2883,0.032
08/01/2019,ÓLEO DIESEL S10,CENTRO OESTE,1741,R$/l,3.756,0.189,3.36,4.38,0.05,0.452,3.304,0.134,2.9987,3.7,0.041
08/01/2019,ÓLEO DIESEL S10,NORDESTE,4315,R$/l,3.625,0.185,3.17,4.59,0.051,0.411,3.214,0.139,2.9099,3.6156,0.043
08/01/2019,ÓLEO DIESEL S10,NORTE,1299,R$/l,3.787,0.323,3.27,5.07,0.085,0.442,3.345,0.211,2.98,4.2539,0.063
08/01/2019,ÓLEO DIESEL S10,SUDESTE,9050,R$/l,3.595,0.179,3.149,4.769,0.05,0.438,3.157,0.123,2.7,3.7577,0.039
08/01/2019,ÓLEO DIESEL S10,SUL,3405,R$/l,3.461,0.175,2.999,4.278,0.051,0.431,3.03,0.108,2.55,3.4,0.036
08/01/2019,ETANOL HIDRATADO,CENTRO OESTE,2219,R$/l,2.77,0.313,2.277,3.799,0.113,0.315,2.455,0.301,1.999,3.2398,0.123
08/01/2019,ETANOL HIDRATADO,NORDESTE,4253,R$/l,3.528,0.213,2.798,4.4,0.06,0.444,3.084,0.235,2.3155,3.6457,0.076
08/01/2019,ETANOL HIDRATADO,NORTE,702,R$/l,3.544,0.3,3.15,4.97,0.085,0.382,3.162,0.186,2.7014,3.6446,0.059
08/01/2019,ETANOL HIDRATADO,SUDESTE,11383,R$/l,2.738,0.451,2.139,4.539,0.165,0.296,2.442,0.418,2.0399,3.9323,0.171
08/01/2019,ETANOL HIDRATADO,SUL,2938,R$/l,2.899,0.545,2.49,4.949,0.188,0.306,2.593,0.421,2.2323,4.1025,0.162
08/01/2019,GASOLINA COMUM,CENTRO OESTE,2191,R$/l,4.282,0.204,3.859,4.9,0.048,0.429,3.853,0.128,3.6,4.2002,0.033
08/01/2019,GASOLINA COMUM,NORDESTE,4863,R$/l,4.426,0.204,3.69,5.49,0.046,0.53,3.896,0.105,3.6,4.3838,0.027
08/01/2019,GASOLINA COMUM,NORTE,1559,R$/l,4.368,0.381,3.57,5.69,0.087,0.515,3.853,0.212,3.2584,4.3399,0.055
08/01/2019,GASOLINA COMUM,SUDESTE,11482,R$/l,4.329,0.336,3.559,5.799,0.078,0.452,3.877,0.297,3.34,4.7337,0.077
08/01/2019,GASOLINA COMUM,SUL,4054,R$/l,4.167,0.287,3.599,5.179,0.069,0.364,3.803,0.175,3.3137,4.3158,0.046
08/01/2019,GLP,CENTRO OESTE,1843,R$/13kg,76.914,11.91,50,115,0.155,18.859,58.055,7.77,44.6154,88,0.134
08/01/2019,GLP,NORDESTE,3095,R$/13kg,66.794,6.233,50,87,0.093,15.104,51.69,4.746,32,70,0.092
08/01/2019,GLP,NORTE,1719,R$/13kg,76.55,6.521,65,108,0.085,14.302,62.248,6.467,48,81,0.104
08/01/2019,GLP,SUDESTE,8041,R$/13kg,66.912,6.004,49.5,95,0.09,17.124,49.788,4.9,39,74.9,0.098
08/01/2019,GLP,SUL,3591,R$/13kg,69.885,5.851,55,90,0.084,18.054,51.831,5.722,35,69,0.11
08/01/2019,GNV,CENTRO OESTE,9,R$/m3,2.941,0.033,2.899,2.999,0.011,0.829,2.112,0.202,1.8512,2.3727,0.096
08/01/2019,GNV,NORDESTE,300,R$/m3,3.258,0.318,2.69,3.849,0.098,0.815,2.443,0.368,1.7116,3.231,0.151
08/01/2019,GNV,NORTE,3,R$/m3,3.163,0.023,3.15,3.19,0.007,0.692,2.471,0,2.4713,2.4713,0
08/01/2019,GNV,SUDESTE,736,R$/m3,3.118,0.285,2.629,4.32,0.091,0.666,2.452,0.184,2.0414,3.0612,0.075
08/01/2019,GNV,SUL,199,R$/m3,3.104,0.349,2.499,3.999,0.112,1.017,2.087,0.209,1.8238,2.609,0.1
09/01/2019,ÓLEO DIESEL,CENTRO OESTE,1469,R$/l,3.751,0.204,3.288,4.53,0.054,0.382,3.369,0.152,3,3.8137,0.045
09/01/2019,ÓLEO DIESEL,NORDESTE,2208,R$/l,3.621,0.167,3.19,4.65,0.046,0.366,3.255,0.125,2.9763,3.64,0.038
09/01/2019,ÓLEO DIESEL,NORTE,1146,R$/l,3.843,0.293,3.279,4.95,0.076,0.407,3.436,0.206,2.96,4.0356,0.06
09/01/2019,ÓLEO DIESEL,SUDESTE,6261,R$/l,3.568,0.182,3.06,4.579,0.051,0.373,3.195,0.14,2.733,3.727,0.044
09/01/2019,ÓLEO DIESEL,SUL,2376,R$/l,3.407,0.165,2.999,4.187,0.048,0.38,3.027,0.117,2.81,3.4134,0.039
09/01/2019,ÓLEO DIESEL S10,CENTRO OESTE,1834,R$/l,3.827,0.194,3.39,4.63,0.051,0.393,3.434,0.157,2.9987,3.8172,0.046
09/01/2019,ÓLEO DIESEL S10,NORDESTE,4348,R$/l,3.673,0.189,3.19,4.69,0.051,0.37,3.303,0.149,2.5,3.9796,0.045
09/01/2019,ÓLEO DIESEL S10,NORTE,1436,R$/l,3.844,0.31,3.29,5.07,0.081,0.414,3.43,0.203,3,4.19,0.059
09/01/2019,ÓLEO DIESEL S10,SUDESTE,9272,R$/l,3.664,0.184,3.149,4.739,0.05,0.404,3.26,0.143,2.29,3.7799,0.044
09/01/2019,ÓLEO DIESEL S10,SUL,3657,R$/l,3.504,0.181,2.999,4.29,0.052,0.412,3.092,0.128,2.835,3.97,0.041
09/01/2019,ETANOL HIDRATADO,CENTRO OESTE,2289,R$/l,2.886,0.26,2.359,3.799,0.09,0.37,2.516,0.272,2.155,3.1849,0.108
09/01/2019,ETANOL HIDRATADO,NORDESTE,4289,R$/l,3.517,0.213,2.779,4.4,0.061,0.469,3.048,0.214,2.2466,3.6661,0.07
09/01/2019,ETANOL HIDRATADO,NORTE,752,R$/l,3.558,0.302,3.15,4.97,0.085,0.403,3.155,0.185,2.6064,3.6446,0.059
09/01/2019,ETANOL HIDRATADO,SUDESTE,11730,R$/l,2.746,0.447,2.249,4.599,0.163,0.307,2.439,0.422,2.0468,3.9323,0.173
09/01/2019,ETANOL HIDRATADO,SUL,3148,R$/l,2.913,0.52,2.46,4.949,0.179,0.31,2.603,0.401,2.2827,3.9113,0.154
09/01/2019,GASOLINA COMUM,CENTRO OESTE,2264,R$/l,4.342,0.202,3.859,4.959,0.047,0.434,3.908,0.135,3.625,4.255,0.035
09/01/2019,GASOLINA COMUM,NORDESTE,4899,R$/l,4.445,0.212,3.779,5.49,0.048,0.52,3.925,0.105,3.4128,4.398,0.027
09/01/2019,GASOLINA COMUM,NORTE,1703,R$/l,4.421,0.348,3.64,5.69,0.079,0.552,3.869,0.209,3.4179,4.34,0.054
09/01/2019,GASOLINA COMUM,SUDESTE,11830,R$/l,4.33,0.339,3.559,5.799,0.078,0.439,3.891,0.294,3.3475,4.5584,0.076
09/01/2019,GASOLINA COMUM,SUL,4349,R$/l,4.144,0.262,3.599,5.239,0.063,0.354,3.79,0.156,3.3137,4.3029,0.041
09/01/2019,GLP,CENTRO OESTE,1891,R$/13kg,76.766,11.926,50,115,0.155,19.311,57.455,7.333,44.84,90,0.128
09/01/2019,GLP,NORDESTE,3073,R$/13kg,66.764,6.328,50,89,0.095,15.444,51.32,4.706,32,70,0.092
09/01/2019,GLP,NORTE,1755,R$/13kg,76.249,6.317,65,100,0.083,14.259,61.99,6.293,41.62,81,0.102
09/01/2019,GLP,SUDESTE,7653,R$/13kg,66.965,6.062,49.5,95,0.091,17.429,49.536,5.008,39,75,0.101
09/01/2019,GLP,SUL,3560,R$/13kg,70.289,5.838,50,90,0.083,18.317,51.972,5.578,34.89,68,0.107
09/01/2019,GNV,CENTRO OESTE,10,R$/m3,2.94,0.037,2.898,2.999,0.013,0.796,2.144,0.189,1.8512,2.3727,0.088
09/01/2019,GNV,NORDESTE,306,R$/m3,3.296,0.302,2.699,4.06,0.092,0.757,2.539,0.356,1.7812,3.231,0.14
09/01/2019,GNV,NORTE,2,R$/m3,3.19,0.134,3,3.19,0.042,-,-,-,-,-,-
09/01/2019,GNV,SUDESTE,748,R$/m3,3.084,0.304,2.629,4.32,0.099,0.602,2.482,0.19,2.0414,3.0121,0.077
09/01/2019,GNV,SUL,210,R$/m3,3.128,0.289,2.599,3.999,0.092,1.057,2.071,0.234,1.6826,2.6564,0.113
10/01/2019,ÓLEO DIESEL,CENTRO OESTE,1474,R$/l,3.864,0.178,3.359,4.539,0.046,0.38,3.484,0.125,3.09,3.8967,0.036
10/01/2019,ÓLEO DIESEL,NORDESTE,2379,R$/l,3.729,0.149,3.399,4.65,0.04,0.329,3.4,0.097,3.0429,3.6741,0.029
10/01/2019,ÓLEO DIESEL,NORTE,1200,R$/l,3.956,0.299,3.489,4.95,0.076,0.399,3.557,0.174,3.07,4.0498,0.049
10/01/2019,ÓLEO DIESEL,SUDESTE,6835,R$/l,3.675,0.165,3.139,4.919,0.045,0.343,3.332,0.11,2.8951,3.6384,0.033
10/01/2019,ÓLEO DIESEL,SUL,2468,R$/l,3.533,0.156,3.159,4.349,0.044,0.367,3.166,0.095,2.81,3.4579,0.03
10/01/2019,ÓLEO DIESEL S10,CENTRO OESTE,1908,R$/l,3.937,0.172,3.439,4.639,0.044,0.379,3.558,0.123,3.185,3.9717,0.035
10/01/2019,ÓLEO DIESEL S10,NORDESTE,4974,R$/l,3.771,0.172,3.3,4.69,0.046,0.331,3.44,0.115,3.0383,3.775,0.033
10/01/2019,ÓLEO DIESEL S10,NORTE,1499,R$/l,3.949,0.299,3.499,5.07,0.076,0.407,3.542,0.177,3.0418,4.19,0.05
10/01/2019,ÓLEO DIESEL S10,SUDESTE,10247,R$/l,3.774,0.167,3.199,5.019,0.044,0.374,3.4,0.123,2.4684,3.8692,0.036
10/01/2019,ÓLEO DIESEL S10,SUL,3736,R$/l,3.612,0.164,3.16,4.284,0.045,0.373,3.239,0.109,2.85,3.599,0.034
10/01/2019,ETANOL HIDRATADO,CENTRO OESTE,2400,R$/l,2.928,0.321,2.311,3.87,0.11,0.37,2.558,0.268,2.08,3.25,0.105
10/01/2019,ETANOL HIDRATADO,NORDESTE,4869,R$/l,3.478,0.232,2.989,4.4,0.067,0.515,2.963,0.201,2.3299,3.674,0.068
10/01/2019,ETANOL HIDRATADO,NORTE,818,R$/l,3.565,0.305,3.19,5.47,0.086,0.411,3.154,0.156,2.6729,3.5607,0.049
10/01/2019,ETANOL HIDRATADO,SUDESTE,12961,R$/l,2.815,0.445,2.269,4.799,0.158,0.304,2.511,0.427,2.0211,3.9689,0.17
10/01/2019,ETANOL HIDRATADO,SUL,3220,R$/l,2.971,0.498,2.49,4.999,0.168,0.308,2.663,0.386,2.316,3.8693,0.145
10/01/2019,GASOLINA COMUM,CENTRO OESTE,2378,R$/l,4.395,0.196,3.939,4.999,0.045,0.401,3.994,0.142,3.7,4.5698,0.036
10/01/2019,GASOLINA COMUM,NORDESTE,5511,R$/l,4.482,0.205,3.929,5.49,0.046,0.497,3.985,0.103,3.663,4.342,0.026
10/01/2019,GASOLINA COMUM,NORTE,1785,R$/l,4.496,0.315,3.64,5.69,0.07,0.536,3.96,0.19,3.54,4.3905,0.048
10/01/2019,GASOLINA COMUM,SUDESTE,13035,R$/l,4.389,0.337,3.629,5.799,0.077,0.422,3.967,0.299,3.2091,4.6315,0.075
10/01/2019,GASOLINA COMUM,SUL,4492,R$/l,4.198,0.257,3.699,5.239,0.061,0.341,3.857,0.147,3.3599,4.556,0.038
10/01/2019,GLP,CENTRO OESTE,2258,R$/13kg,76.823,11.84,50,115,0.154,19.601,57.222,6.543,44.84,90,0.114
10/01/2019,GLP,NORDESTE,3677,R$/13kg,66.632,6.141,50,85,0.092,15.737,50.895,4.522,32,68,0.089
10/01/2019,GLP,NORTE,2042,R$/13kg,76.241,6.342,65,100,0.083,14.373,61.868,6.456,41.62,73.12,0.104
10/01/2019,GLP,SUDESTE,9108,R$/13kg,67.052,5.859,50,95,0.087,17.612,49.44,4.676,39,75,0.095
10/01/2019,GLP,SUL,4323,R$/13kg,69.664,5.484,55,90,0.079,17.761,51.903,5.499,34.97,69.5,0.106
10/01/2019,GNV,CENTRO OESTE,9,R$/m3,2.93,0.115,2.599,2.999,0.039,0.856,2.074,0.218,1.8511,2.3727,0.105
10/01/2019,GNV,NORDESTE,382,R$/m3,3.307,0.323,2.699,3.92,0.098,0.77,2.537,0.348,1.7812,3.231,0.137
10/01/2019,GNV,NORTE,5,R$/m3,3.174,0.022,3.15,3.19,0.007,0.684,2.49,0.027,2.4713,2.5092,0.011
10/01/2019,GNV,SUDESTE,838,R$/m3,3.111,0.304,2.629,4.185,0.098,0.613,2.498,0.207,2.002,3.1632,0.083
10/01/2019,GNV,SUL,239,R$/m3,3.176,0.356,2.699,3.89,0.112,1.01,2.166,0.234,1.7937,2.7595,0.108
11/01/2019,ÓLEO DIESEL,CENTRO OESTE,1278,R$/l,3.869,0.18,3.399,4.539,0.047,0.397,3.472,0.126,3.2,3.8967,0.036
11/01/2019,ÓLEO DIESEL,NORDESTE,1981,R$/l,3.741,0.144,3.399,4.49,0.038,0.34,3.401,0.091,3.1052,3.6153,0.027
11/01/2019,ÓLEO DIESEL,NORTE,1039,R$/l,3.972,0.305,3.489,4.95,0.077,0.44,3.532,0.162,3.225,3.98,0.046
11/01/2019,ÓLEO DIESEL,SUDESTE,5803,R$/l,3.675,0.162,3.239,4.9,0.044,0.366,3.309,0.11,2.9,3.6,0.033
11/01/2019,ÓLEO DIESEL,SUL,2238,R$/l,3.549,0.147,3.17,4.184,0.041,0.372,3.177,0.084,3.024,3.462,0.026
11/01/2019,ÓLEO DIESEL S10,CENTRO OESTE,1675,R$/l,3.942,0.175,3.469,4.639,0.044,0.389,3.553,0.128,3.125,3.9717,0.036
11/01/2019,ÓLEO DIESEL S10,NORDESTE,4182,R$/l,3.776,0.166,3.359,4.59,0.044,0.347,3.429,0.119,2.5155,3.7737,0.035
11/01/2019,ÓLEO DIESEL S10,NORTE,1326,R$/l,3.959,0.303,3.5,5.07,0.077,0.444,3.515,0.168,3.12,4.182,0.048
11/01/2019,ÓLEO DIESEL S10,SUDESTE,8706,R$/l,3.777,0.166,3.299,4.95,0.044,0.401,3.376,0.117,2.973,4.0593,0.035
11/01/2019,ÓLEO DIESEL S10,SUL,3286,R$/l,3.642,0.158,3.19,4.689,0.043,0.397,3.245,0.097,2.4788,3.6247,0.03
11/01/2019,ETANOL HIDRATADO,CENTRO OESTE,2072,R$/l,2.984,0.332,2.355,3.999,0.111,0.349,2.635,0.273,2.1,3.4247,0.104
11/01/2019,ETANOL HIDRATADO,NORDESTE,4087,R$/l,3.417,0.247,2.899,4.4,0.072,0.533,2.884,0.196,2.3664,3.5197,0.068
11/01/2019,ETANOL HIDRATADO,NORTE,716,R$/l,3.557,0.32,3.15,5.47,0.09,0.392,3.165,0.172,2.777,3.5691,0.054
11/01/2019,ETANOL HIDRATADO,SUDESTE,10958,R$/l,2.898,0.437,2.349,4.859,0.151,0.298,2.6,0.425,1.9995,4.0739,0.163
11/01/2019,ETANOL HIDRATADO,SUL,2850,R$/l,3.065,0.489,2.63,4.999,0.16,0.295,2.77,0.387,2.35,3.9674,0.14
11/01/2019,GASOLINA COMUM,CENTRO OESTE,2067,R$/l,4.415,0.206,3.944,5.05,0.047,0.382,4.033,0.155,3.69,4.315,0.038
11/01/2019,GASOLINA COMUM,NORDESTE,4633,R$/l,4.467,0.199,3.929,5.11,0.045,0.474,3.993,0.097,3.5194,4.3108,0.024
11/01/2019,GASOLINA COMUM,NORTE,1556,R$/l,4.519,0.299,3.79,5.69,0.066,0.543,3.976,0.192,3.53,4.3203,0.048
11/01/2019,GASOLINA COMUM,SUDESTE,11039,R$/l,4.419,0.336,3.649,5.799,0.076,0.427,3.992,0.296,3.4025,4.7099,0.074
11/01/2019,GASOLINA COMUM,SUL,3940,R$/l,4.296,0.235,3.799,5.199,0.055,0.383,3.913,0.141,3.445,4.3158,0.036
11/01/2019,GLP,CENTRO OESTE,1844,R$/13kg,77.027,11.676,55,115,0.152,19.257,57.77,6.973,44.84,90,0.121
11/01/2019,GLP,NORDESTE,2998,R$/13kg,67.162,6.135,50,90,0.091,15.479,51.683,4.545,32,70,0.088
11/01/2019,GLP,NORTE,1697,R$/13kg,76.766,6.293,65,100,0.082,14.807,61.959,6.18,44.55,73.12,0.1
11/01/2019,GLP,SUDESTE,7450,R$/13kg,67.257,5.846,50,94,0.087,17.516,49.741,4.688,39,75,0.094
11/01/2019,GLP,SUL,3504,R$/13kg,70,5.755,54,90,0.082,18.167,51.833,5.697,36.58,69,0.11
11/01/2019,GNV,CENTRO OESTE,10,R$/m3,2.997,0.114,2.699,3.098,0.038,0.899,2.098,0.249,1.8512,2.481,0.119
11/01/2019,GNV,NORDESTE,312,R$/m3,3.302,0.327,2.799,3.88,0.099,0.809,2.493,0.407,1.7812,3.2212,0.163
11/01/2019,GNV,NORTE,2,R$/m3,3.17,0.028,3.15,3.19,0.009,0.699,2.471,0,2.4713,2.4713,0
11/01/2019,GNV,SUDESTE,695,R$/m3,3.111,0.281,2.599,4.099,0.09,0.673,2.438,0.161,2.042,2.9734,0.066
11/01/2019,GNV,SUL,216,R$/m3,3.219,0.374,2.699,4.149,0.116,1.086,2.133,0.201,1.903,2.6564,0.094
12/01/2019,ÓLEO DIESEL,CENTRO OESTE,1407,R$/l,3.89,0.177,3.43,4.539,0.046,0.365,3.525,0.129,3.23,3.8882,0.037
12/01/2019,ÓLEO DIESEL,NORDESTE,2224,R$/l,3.759,0.141,3.399,4.49,0.038,0.332,3.427,0.087,3.2222,3.8106,0.025
12/01/2019,ÓLEO DIESEL,NORTE,1139,R$/l,3.99,0.284,3.489,4.99,0.071,0.416,3.574,0.186,3.25,4.0196,0.052
12/01/2019,ÓLEO DIESEL,SUDESTE,6619,R$/l,3.706,0.162,3.29,4.989,0.044,0.367,3.339,0.114,2.9,3.683,0.034
12/01/2019,ÓLEO DIESEL,SUL,2354,R$/l,3.57,0.145,3.249,4.214,0.041,0.361,3.209,0.083,2.91,3.5,0.026
12/01/2019,ÓLEO DIESEL S10,CENTRO OESTE,1815,R$/l,3.961,0.172,3.53,4.799,0.043,0.364,3.597,0.121,3.3006,3.954,0.034
12/01/2019,ÓLEO DIESEL S10,NORDESTE,4856,R$/l,3.797,0.162,3.389,4.59,0.043,0.339,3.458,0.119,3.05,3.7981,0.034
12/01/2019,ÓLEO DIESEL S10,NORTE,1450,R$/l,3.981,0.291,3.5,5.07,0.073,0.414,3.567,0.211,3.12,4.2553,0.059
12/01/2019,ÓLEO DIESEL S10,SUDESTE,10138,R$/l,3.807,0.168,3.349,5.089,0.044,0.397,3.41,0.122,2.6879,3.9219,0.036
12/01/2019,ÓLEO DIESEL S10,SUL,3507,R$/l,3.664,0.157,3.29,4.499,0.043,0.395,3.269,0.114,2.1737,3.6811,0.035
12/01/2019,ETANOL HIDRATADO,CENTRO OESTE,2259,R$/l,3.167,0.295,2.379,3.999,0.093,0.385,2.782,0.277,2.2,3.3738,0.1
12/01/2019,ETANOL HIDRATADO,NORDESTE,4743,R$/l,3.436,0.258,2.79,4.4,0.075,0.542,2.894,0.198,2.31,3.5546,0.068
12/01/2019,ETANOL HIDRATADO,NORTE,816,R$/l,3.588,0.303,3.159,5.47,0.084,0.364,3.224,0.179,2.8777,3.6813,0.056
12/01/2019,ETANOL HIDRATADO,SUDESTE,12672,R$/l,3.061,0.422,2.478,4.799,0.138,0.332,2.729,0.428,2.23,4.251,0.157
12/01/2019,ETANOL HIDRATADO,SUL,3038,R$/l,3.213,0.463,2.75,4.999,0.144,0.319,2.894,0.337,2.4468,4.2451,0.116
12/01/2019,GASOLINA COMUM,CENTRO OESTE,2250,R$/l,4.569,0.2,3.999,5.25,0.044,0.417,4.152,0.15,3.7905,4.42,0.036
12/01/2019,GASOLINA COMUM,NORDESTE,5338,R$/l,4.571,0.202,4.074,5.11,0.044,0.476,4.095,0.104,3.7399,4.5221,0.025
12/01/2019,GASOLINA COMUM,NORTE,1718,R$/l,4.506,0.355,3.79,5.69,0.079,0.439,4.067,0.206,3.549,4.5468,0.051
12/01/2019,GASOLINA COMUM,SUDESTE,12742,R$/l,4.542,0.316,3.699,5.859,0.07,0.438,4.104,0.293,3.51,4.9242,0.071
12/01/2019,GASOLINA COMUM,SUL,4180,R$/l,4.459,0.235,3.895,5.409,0.053,0.425,4.034,0.15,3.579,4.6345,0.037
12/01/2019,GLP,CENTRO OESTE,1854,R$/13kg,77.091,11.491,55,115,0.149,19.435,57.656,6.362,44.84,87.5,0.11
12/01/2019,GLP,NORDESTE,3179,R$/13kg,67.479,6.202,50,90,0.092,15.82,51.659,4.197,32,68,0.081
12/01/2019,GLP,NORTE,1721,R$/13kg,77.191,6.211,64,95,0.08,14.559,62.632,6.651,44.55,74.55,0.106
12/01/2019,GLP,SUDESTE,7858,R$/13kg,67.183,5.767,50,91,0.086,17.203,49.98,4.737,40,73,0.095
12/01/2019,GLP,SUL,3934,R$/13kg,70.209,5.695,54,90,0.081,18.105,52.104,5.559,37.55,69.62,0.107
12/01/2019,GNV,CENTRO OESTE,13,R$/m3,3.558,0.448,2.699,4.09,0.126,1.354,2.204,0.135,2.1006,2.481,0.061
12/01/2019,GNV,NORDESTE,384,R$/m3,3.3,0.331,2.699,4.06,0.1,0.845,2.455,0.384,1.7812,3.2212,0.156
12/01/2019,GNV,NORTE,4,R$/m3,3.193,0.696,3,4.559,0.218,0.651,2.542,0,2.5416,2.5416,0
12/01/2019,GNV,SUDESTE,826,R$/m3,3.123,0.276,2.679,4.099,0.088,0.671,2.452,0.205,2.0095,3.3632,0.084
12/01/2019,GNV,SUL,200,R$/m3,3.235,0.358,2.699,4.149,0.111,1.001,2.234,0.214,1.9734,2.7123,0.096
